source,auc_src,skew,boot,pi_true,pi_gmm,pi_bbse,pi_predrate,bic_delta,gmm_shrunk,racc_shipped,bacc_shipped,racc_median,bacc_median,racc_prev_oracle,bacc_prev_oracle,racc_prev_gmm,bacc_prev_gmm,racc_prev_bbse,bacc_prev_bbse,racc_prev_predrate,bacc_prev_predrate,racc_orateN,bacc_orateN,plpur_real_sym,plpur_fake_sym,pln_real_sym,pln_fake_sym,plpur_real_gmm,plpur_fake_gmm,pln_real_gmm,pln_fake_gmm,plpur_real_bbse,plpur_fake_bbse,pln_real_bbse,pln_fake_bbse
itw_real,0.9592,0.5,0,0.5,0.4579,0.4928,0.6408,24535.22,False,84.08,84.08,89.5,89.5,89.5,89.5,88.58,88.58,89.23,89.23,84.08,84.08,89.92,89.92,0.9817,0.9656,1802,1802,0.9805,0.9722,1952,1653,0.9819,0.9674,1827,1781
itw_real,0.958,0.5,1,0.5,0.454,0.4885,0.638,24233.62,False,84.2,84.2,89.68,89.68,89.68,89.68,88.1,88.1,89.03,89.03,84.2,84.2,89.75,89.75,0.9845,0.965,1801,1800,0.9832,0.9677,1966,1639,0.9848,0.9643,1846,1764
itw_real,0.9569,0.5,2,0.5,0.4698,0.493,0.641,25378.93,False,84.17,84.17,88.57,88.57,88.57,88.57,88.28,88.28,88.42,88.42,84.17,84.17,89.27,89.27,0.9839,0.9623,1800,1803,0.9843,0.9653,1912,1698,0.9841,0.9634,1826,1775
itw_real,0.9634,0.5,3,0.5,0.4583,0.4756,0.6293,25034.68,False,85.17,85.17,89.7,89.7,89.7,89.7,88.63,88.63,89.15,89.15,85.17,85.17,90.4,90.4,0.9873,0.9744,1805,1800,0.9862,0.977,1950,1655,0.9857,0.9779,1888,1717
itw_real,0.9621,0.5,4,0.5,0.4618,0.4983,0.6445,24692.44,False,83.95,83.95,89.6,89.6,89.6,89.6,89.1,89.1,89.52,89.52,83.95,83.95,90.0,90.0,0.9889,0.9706,1807,1800,0.9876,0.9736,1939,1667,0.9889,0.9705,1807,1794
itw_real,0.9601,0.5,5,0.5,0.4618,0.494,0.6417,24915.03,False,84.07,84.07,89.6,89.6,89.6,89.6,88.77,88.77,89.32,89.32,84.07,84.07,90.03,90.03,0.9894,0.9689,1800,1802,0.9861,0.973,1938,1664,0.9896,0.9685,1822,1780
itw_real,0.9572,0.5,6,0.5,0.4619,0.4983,0.6445,24513.11,False,83.58,83.58,88.87,88.87,88.87,88.87,88.3,88.3,88.78,88.78,83.58,83.58,89.5,89.5,0.9839,0.9678,1801,1801,0.9809,0.9736,1938,1664,0.9839,0.9677,1806,1797
itw_real,0.9581,0.5,7,0.5,0.4585,0.4821,0.6337,24814.33,False,84.8,84.8,88.8,88.8,88.8,88.8,88.02,88.02,88.33,88.33,84.8,84.8,89.43,89.43,0.9833,0.9662,1800,1807,0.9821,0.9698,1951,1657,0.9813,0.9649,1867,1739
itw_real,0.9561,0.5,8,0.5,0.4571,0.4861,0.6363,24349.91,False,83.7,83.7,89.27,89.27,89.27,89.27,88.15,88.15,88.63,88.63,83.7,83.7,89.33,89.33,0.9773,0.9661,1803,1801,0.9755,0.9691,1958,1649,0.9779,0.9652,1853,1752
itw_real,0.9592,0.5,9,0.5,0.4658,0.497,0.6437,24988.06,False,83.67,83.67,89.03,89.03,89.03,89.03,88.53,88.53,88.97,88.97,83.67,83.67,89.62,89.62,0.9817,0.9734,1800,1805,0.9782,0.9744,1924,1680,0.9818,0.9749,1811,1795
itw_real,0.9626,0.5,10,0.5,0.4639,0.4895,0.6387,25199.84,False,84.83,84.83,89.23,89.23,89.23,89.23,88.8,88.8,88.92,88.92,84.83,84.83,90.02,90.02,0.9917,0.9695,1801,1805,0.9917,0.9731,1935,1672,0.9918,0.9734,1839,1768
itw_real,0.957,0.5,11,0.5,0.461,0.4963,0.6432,24512.59,False,83.45,83.45,89.03,89.03,89.03,89.03,88.3,88.3,89.05,89.05,83.45,83.45,90.05,90.05,0.985,0.9635,1800,1808,0.9846,0.9681,1943,1663,0.9851,0.9637,1815,1792
itw_real,0.9613,0.5,12,0.5,0.464,0.4903,0.6392,25164.4,False,84.45,84.45,89.13,89.13,89.13,89.13,88.4,88.4,89.12,89.12,84.45,84.45,89.78,89.78,0.9856,0.9694,1802,1800,0.9855,0.9731,1930,1672,0.9858,0.969,1835,1772
itw_real,0.9609,0.5,13,0.5,0.4551,0.4863,0.6365,24473.22,False,84.52,84.52,89.5,89.5,89.5,89.5,88.48,88.48,89.13,89.13,84.52,84.52,90.0,90.0,0.985,0.97,1800,1800,0.9852,0.9702,1963,1645,0.9854,0.9692,1853,1752
itw_real,0.9542,0.5,14,0.5,0.4597,0.4885,0.638,25000.09,False,83.9,83.9,88.7,88.7,88.7,88.7,87.95,87.95,88.32,88.32,83.9,83.9,88.98,88.98,0.9811,0.9651,1803,1806,0.9805,0.9674,1945,1657,0.9816,0.9643,1845,1764
itw_real,0.9564,0.5,15,0.5,0.4584,0.493,0.641,24397.98,False,83.8,83.8,88.7,88.7,88.7,88.7,87.87,87.87,88.7,88.7,83.8,83.8,89.43,89.43,0.9833,0.9689,1801,1803,0.9816,0.9727,1953,1651,0.9836,0.9691,1826,1782
itw_real,0.9588,0.5,16,0.5,0.4537,0.487,0.637,24501.16,False,84.07,84.07,89.07,89.07,89.07,89.07,87.98,87.98,88.6,88.6,84.07,84.07,89.37,89.37,0.9834,0.9728,1804,1801,0.9817,0.975,1969,1639,0.9838,0.9722,1847,1760
itw_real,0.9626,0.5,17,0.5,0.4581,0.489,0.6383,24403.02,False,84.53,84.53,89.67,89.67,89.67,89.67,88.75,88.75,89.37,89.37,84.53,84.53,90.03,90.03,0.9894,0.975,1800,1803,0.9887,0.9777,1954,1657,0.9897,0.9745,1843,1768
itw_real,0.9581,0.5,18,0.5,0.4542,0.4828,0.6342,24255.05,False,84.58,84.58,89.0,89.0,89.0,89.0,87.97,87.97,88.57,88.57,84.58,84.58,89.33,89.33,0.9811,0.9668,1802,1808,0.9812,0.9676,1966,1637,0.9818,0.9655,1870,1739
itw_real,0.9589,0.5,19,0.5,0.4657,0.4905,0.6393,25129.84,False,84.2,84.2,88.8,88.8,88.8,88.8,88.25,88.25,88.53,88.53,84.2,84.2,89.18,89.18,0.99,0.9629,1801,1807,0.9886,0.9703,1924,1681,0.9902,0.9672,1834,1768
itw_real,0.9592,0.5,20,0.5,0.4686,0.4955,0.6427,25180.7,False,83.9,83.9,89.33,89.33,89.33,89.33,88.58,88.58,89.1,89.1,83.9,83.9,89.48,89.48,0.9867,0.9673,1801,1807,0.9812,0.9698,1914,1687,0.9868,0.9669,1819,1784
itw_real,0.9587,0.5,21,0.5,0.4594,0.487,0.637,24597.36,False,84.53,84.53,88.73,88.73,88.73,88.73,88.2,88.2,88.53,88.53,84.53,84.53,89.58,89.58,0.9872,0.97,1802,1801,0.9851,0.9723,1948,1661,0.9875,0.9693,1847,1757
itw_real,0.9624,0.5,22,0.5,0.4505,0.4831,0.6343,24248.07,False,84.4,84.4,89.98,89.98,89.98,89.98,88.37,88.37,89.43,89.43,84.4,84.4,90.07,90.07,0.9878,0.9728,1800,1803,0.9853,0.9779,1978,1626,0.9871,0.9719,1863,1741
itw_real,0.9584,0.5,23,0.5,0.4678,0.509,0.6517,24945.55,False,83.27,83.27,89.12,89.12,89.12,89.12,88.77,88.77,89.35,89.35,83.27,83.27,89.68,89.68,0.9861,0.9606,1800,1800,0.9818,0.9668,1919,1686,0.9859,0.9613,1769,1836
itw_real,0.9522,0.5,24,0.5,0.4583,0.4943,0.6418,24336.06,False,83.68,83.68,87.85,87.85,87.85,87.85,87.17,87.17,87.75,87.75,83.68,83.68,88.28,88.28,0.9833,0.9639,1800,1801,0.9836,0.9667,1951,1650,0.9835,0.9635,1822,1780
itw_real,0.9574,0.5,25,0.5,0.4662,0.4973,0.6438,25104.7,False,83.88,83.88,88.73,88.73,88.73,88.73,88.27,88.27,88.68,88.68,83.88,83.88,89.37,89.37,0.9867,0.9634,1801,1803,0.9854,0.9667,1923,1684,0.9868,0.9632,1813,1792
itw_real,0.9583,0.5,26,0.5,0.4694,0.4983,0.6445,25164.16,False,83.65,83.65,88.85,88.85,88.85,88.85,88.13,88.13,88.82,88.82,83.65,83.65,89.53,89.53,0.9884,0.97,1803,1802,0.9859,0.9734,1912,1691,0.9884,0.9699,1806,1796
itw_real,0.9618,0.5,27,0.5,0.4639,0.4968,0.6435,25073.68,False,84.18,84.18,89.28,89.28,89.28,89.28,88.62,88.62,89.38,89.38,84.18,84.18,89.87,89.87,0.9883,0.9711,1800,1802,0.9865,0.9731,1931,1673,0.9884,0.9709,1812,1789
itw_real,0.9583,0.5,28,0.5,0.4597,0.4965,0.6433,24732.86,False,83.83,83.83,89.05,89.05,89.05,89.05,87.75,87.75,88.78,88.78,83.83,83.83,89.52,89.52,0.9873,0.9683,1805,1800,0.9851,0.9711,1946,1661,0.9873,0.9681,1818,1789
itw_real,0.9594,0.5,29,0.5,0.4665,0.4943,0.6418,25164.12,False,84.12,84.12,89.07,89.07,89.07,89.07,88.82,88.82,89.37,89.37,84.12,84.12,89.65,89.65,0.9867,0.9674,1804,1811,0.9854,0.9691,1921,1685,0.9868,0.9703,1821,1787
itw_real,0.9622,0.5,30,0.5,0.467,0.4828,0.6342,25005.87,False,84.95,84.95,89.77,89.77,89.77,89.77,89.13,89.13,89.35,89.35,84.95,84.95,90.47,90.47,0.9872,0.9657,1800,1807,0.9875,0.9681,1920,1691,0.9871,0.9668,1865,1749
itw_real,0.9577,0.5,31,0.5,0.4639,0.5005,0.646,24569.16,False,83.6,83.6,88.92,88.92,88.92,88.92,88.18,88.18,88.92,88.92,83.6,83.6,89.63,89.63,0.9861,0.9662,1800,1803,0.984,0.9689,1932,1672,0.9861,0.9662,1799,1803
itw_real,0.9605,0.5,32,0.5,0.464,0.4873,0.6372,25028.65,False,84.62,84.62,89.3,89.3,89.3,89.3,88.6,88.6,88.7,88.7,84.62,84.62,89.83,89.83,0.9878,0.9683,1803,1800,0.9876,0.9749,1930,1672,0.9881,0.9677,1849,1765
itw_real,0.9587,0.5,33,0.5,0.4632,0.493,0.641,25114.1,False,83.83,83.83,89.1,89.1,89.1,89.1,88.6,88.6,88.78,88.78,83.83,83.83,89.6,89.6,0.9856,0.9672,1800,1801,0.9845,0.9688,1934,1669,0.9858,0.9668,1827,1777
itw_real,0.9615,0.5,34,0.5,0.4593,0.4831,0.6343,24938.23,False,84.53,84.53,89.35,89.35,89.35,89.35,88.67,88.67,89.2,89.2,84.53,84.53,89.95,89.95,0.9828,0.9728,1801,1800,0.9826,0.9748,1949,1667,0.9834,0.9747,1862,1742
itw_real,0.962,0.5,35,0.5,0.4635,0.4846,0.6353,25202.58,False,84.93,84.93,90.32,90.32,90.32,90.32,89.1,89.1,89.63,89.63,84.93,84.93,90.83,90.83,0.9856,0.9606,1803,1801,0.9865,0.9636,1932,1674,0.986,0.9645,1856,1745
itw_real,0.9581,0.5,36,0.5,0.4701,0.5052,0.6492,25259.73,False,83.55,83.55,88.72,88.72,88.72,88.72,88.43,88.43,88.92,88.92,83.55,83.55,89.38,89.38,0.9906,0.9617,1802,1803,0.9864,0.9676,1911,1699,0.9905,0.9621,1784,1822
itw_real,0.9621,0.5,37,0.5,0.4602,0.4948,0.6422,24374.02,False,83.85,83.85,89.65,89.65,89.65,89.65,89.37,89.37,89.7,89.7,83.85,83.85,90.27,90.27,0.9883,0.9728,1801,1801,0.9846,0.9741,1944,1658,0.9885,0.9726,1819,1787
itw_real,0.9599,0.5,38,0.5,0.4679,0.4791,0.6317,25667.46,False,84.77,84.77,89.1,89.1,89.1,89.1,88.55,88.55,88.83,88.83,84.77,84.77,89.5,89.5,0.9845,0.9734,1806,1802,0.9833,0.9763,1917,1690,0.983,0.974,1881,1732
itw_real,0.9576,0.5,39,0.5,0.4655,0.49,0.639,24709.41,False,83.97,83.97,88.57,88.57,88.57,88.57,88.12,88.12,88.88,88.88,83.97,83.97,89.28,89.28,0.9811,0.9678,1800,1803,0.9823,0.9696,1925,1678,0.9815,0.97,1837,1765
itw_real,0.9575,0.6,0,0.6,0.5307,0.5822,0.7007,29127.11,False,87.1,84.47,85.28,86.74,89.87,89.44,87.07,87.94,89.68,89.62,87.1,84.47,89.98,89.79,0.9528,0.9829,1801,1813,0.9645,0.9807,1691,1919,0.9721,0.9762,1507,2097
itw_real,0.9634,0.6,1,0.6,0.5394,0.5773,0.6973,30036.33,False,87.8,85.26,85.72,87.2,90.32,89.91,88.08,88.82,89.6,89.64,87.8,85.26,90.45,90.17,0.9589,0.9928,1800,1806,0.9687,0.9897,1661,1943,0.975,0.9842,1522,2083
itw_real,0.9609,0.6,2,0.6,0.5418,0.5872,0.704,30136.18,False,87.07,84.36,85.85,87.33,89.98,89.56,88.13,88.83,90.22,90.06,87.07,84.36,90.15,89.96,0.9545,0.9878,1803,1804,0.9697,0.9842,1651,1958,0.9764,0.9811,1486,2119
itw_real,0.9589,0.6,3,0.6,0.5352,0.6004,0.7128,29517.01,False,86.38,83.47,85.38,86.85,89.97,89.54,87.73,88.57,89.97,89.54,86.38,83.47,90.12,90.02,0.9517,0.9856,1800,1808,0.96,0.9829,1674,1927,0.9757,0.9797,1442,2163
itw_real,0.9577,0.6,4,0.6,0.529,0.594,0.7085,29237.52,False,86.88,84.08,85.6,87.08,89.57,89.12,87.25,88.19,89.67,89.35,86.88,84.08,89.78,89.68,0.9572,0.9794,1801,1800,0.9641,0.979,1697,1906,0.972,0.9762,1462,2139
itw_real,0.961,0.6,5,0.6,0.5453,0.6012,0.7133,30061.35,False,86.53,83.61,85.68,87.17,89.83,89.41,88.47,89.11,89.7,89.24,86.53,83.61,90.0,89.52,0.9556,0.9889,1803,1807,0.9695,0.9847,1641,1967,0.9798,0.9824,1437,2165
itw_real,0.9559,0.6,6,0.6,0.5421,0.594,0.7085,29925.86,False,86.98,84.18,84.93,86.38,89.47,89.01,87.25,87.92,89.42,89.1,86.98,84.18,89.47,89.15,0.9594,0.9822,1800,1802,0.9703,0.9795,1651,1953,0.9788,0.9734,1464,2141
itw_real,0.9618,0.6,7,0.6,0.5383,0.59,0.7058,29689.89,False,87.38,84.65,85.43,86.9,90.27,89.85,87.75,88.49,90.2,90.0,87.38,84.65,90.33,90.01,0.9611,0.985,1801,1803,0.9723,0.9835,1662,1940,0.9817,0.9817,1476,2126
itw_real,0.9629,0.6,8,0.6,0.5339,0.5982,0.7113,29357.71,False,87.13,84.28,85.97,87.46,90.32,89.91,88.05,88.92,90.45,90.08,87.13,84.28,90.52,90.28,0.9656,0.9883,1802,1802,0.972,0.9891,1679,1927,0.9793,0.9852,1448,2158
itw_real,0.9584,0.6,9,0.6,0.5393,0.6034,0.7148,29494.47,False,86.28,83.32,85.57,87.03,89.4,88.96,87.78,88.51,89.35,88.83,86.28,83.32,89.7,89.49,0.9533,0.9911,1800,1802,0.9657,0.9872,1660,1948,0.9756,0.9812,1432,2176
itw_real,0.9604,0.6,10,0.6,0.531,0.5887,0.705,29236.15,False,87.33,84.62,85.6,87.08,89.28,88.83,87.55,88.47,89.65,89.45,87.33,84.62,89.78,89.45,0.9617,0.9894,1800,1800,0.9692,0.9864,1689,1914,0.9797,0.9802,1481,2120
itw_real,0.9575,0.6,11,0.6,0.5401,0.587,0.7038,29689.09,False,87.12,84.42,85.27,86.71,90.0,89.58,87.82,88.54,89.78,89.62,87.12,84.42,90.05,89.68,0.9572,0.985,1801,1800,0.9687,0.9799,1660,1945,0.9805,0.9763,1488,2114
itw_real,0.9611,0.6,12,0.6,0.5433,0.5954,0.7095,30203.38,False,86.78,83.95,85.8,87.29,90.22,89.81,88.48,89.18,90.4,90.09,86.78,83.95,90.37,90.09,0.9539,0.9873,1800,1804,0.9653,0.9867,1644,1958,0.9739,0.9792,1457,2160
itw_real,0.9599,0.6,13,0.6,0.5311,0.5905,0.7062,29237.83,False,87.25,84.51,85.85,87.33,89.32,88.87,87.43,88.31,89.6,89.36,87.25,84.51,89.67,89.36,0.9595,0.9878,1804,1801,0.9668,0.9854,1688,1915,0.9769,0.9831,1475,2129
itw_real,0.9596,0.6,14,0.6,0.5299,0.589,0.7052,28906.85,False,87.15,84.42,86.05,87.53,89.85,89.42,87.47,88.4,89.97,89.78,87.15,84.42,90.02,89.78,0.9567,0.9867,1803,1806,0.9687,0.9833,1694,1911,0.9723,0.9783,1480,2120
itw_real,0.9621,0.6,15,0.6,0.5372,0.5925,0.7075,29570.22,False,87.15,84.38,85.82,87.3,90.2,89.78,87.88,88.69,90.2,89.94,87.15,84.38,90.37,90.19,0.9628,0.9884,1802,1804,0.9712,0.982,1668,1942,0.9776,0.9813,1476,2137
itw_real,0.9602,0.6,16,0.6,0.5432,0.6121,0.7207,30216.49,False,86.43,83.35,85.63,87.1,90.27,89.86,87.88,88.54,90.05,89.38,86.43,83.35,90.35,89.97,0.9606,0.9856,1803,1803,0.9727,0.9806,1646,1960,0.9828,0.9792,1398,2210
itw_real,0.9592,0.6,17,0.6,0.5353,0.5922,0.7073,29608.62,False,86.93,84.15,85.55,87.0,89.7,89.26,87.47,88.29,89.82,89.53,86.93,84.15,89.98,89.58,0.9556,0.9856,1800,1803,0.9684,0.9845,1676,1934,0.9762,0.9785,1468,2137
itw_real,0.9575,0.6,18,0.6,0.5348,0.593,0.7078,29383.8,False,87.18,84.4,84.97,86.42,89.77,89.31,87.12,87.92,89.67,89.38,87.18,84.4,89.93,89.48,0.959,0.9844,1803,1800,0.9725,0.9782,1675,1931,0.9789,0.9747,1466,2136
itw_real,0.9594,0.6,19,0.6,0.5337,0.5907,0.7063,29224.36,False,86.8,84.03,85.83,87.29,89.37,88.92,87.62,88.48,89.42,89.17,86.8,84.03,89.58,89.47,0.9539,0.9906,1800,1804,0.9607,0.9865,1679,1928,0.9736,0.9845,1475,2128
itw_real,0.9581,0.6,20,0.6,0.5491,0.5942,0.7087,30195.37,False,87.17,84.37,85.1,86.53,89.82,89.38,87.75,88.3,89.48,89.17,87.17,84.37,89.93,89.4,0.9639,0.9828,1802,1805,0.9766,0.9763,1624,1983,0.9829,0.9752,1465,2141
itw_real,0.9602,0.6,21,0.6,0.5332,0.5999,0.7125,29359.99,False,87.02,84.13,85.65,87.11,90.13,89.71,87.57,88.42,90.05,89.64,87.02,84.13,90.1,89.79,0.9612,0.9845,1802,1801,0.9715,0.9844,1682,1920,0.9833,0.9769,1441,2168
itw_real,0.959,0.6,22,0.6,0.5392,0.5897,0.7057,29638.53,False,87.0,84.26,85.72,87.2,89.58,89.11,87.67,88.4,89.55,89.33,87.0,84.26,89.7,89.27,0.9556,0.985,1801,1802,0.9657,0.9846,1661,1942,0.977,0.9826,1480,2127
itw_real,0.9593,0.6,23,0.6,0.5356,0.593,0.7078,29445.02,False,86.78,83.99,85.57,87.03,90.02,89.59,87.58,88.4,90.23,89.97,86.78,83.99,90.25,90.07,0.955,0.9861,1801,1801,0.9665,0.9824,1674,1934,0.972,0.9813,1466,2141
itw_real,0.9567,0.6,24,0.6,0.5307,0.5932,0.708,29386.64,False,86.23,83.41,85.23,86.69,89.52,89.06,87.2,88.1,89.57,89.27,86.23,83.41,89.82,89.62,0.9445,0.9851,1803,1807,0.9562,0.9833,1690,1915,0.9713,0.9818,1465,2137
itw_real,0.9597,0.6,25,0.6,0.5401,0.5957,0.7097,29745.73,False,87.03,84.21,85.67,87.15,90.25,89.83,88.1,88.82,90.2,89.87,87.03,84.21,90.27,89.97,0.9589,0.9828,1800,1802,0.9698,0.9764,1656,1951,0.9822,0.9748,1457,2146
itw_real,0.9611,0.6,26,0.6,0.5338,0.5932,0.708,29612.61,False,86.9,84.1,85.82,87.31,89.93,89.51,87.7,88.56,90.08,89.81,86.9,84.1,90.08,89.99,0.9556,0.9873,1803,1807,0.9678,0.9854,1678,1924,0.9782,0.9804,1468,2138
itw_real,0.958,0.6,27,0.6,0.535,0.5997,0.7123,29278.49,False,86.47,83.56,85.28,86.75,89.83,89.4,87.32,88.12,89.83,89.4,86.47,83.56,90.07,89.88,0.955,0.9822,1800,1800,0.9659,0.9818,1674,1926,0.9813,0.9787,1441,2161
itw_real,0.9578,0.6,28,0.6,0.5341,0.5855,0.7028,29228.7,False,87.52,84.85,85.05,86.51,89.33,88.87,86.97,87.78,89.45,89.31,87.52,84.85,89.95,89.37,0.9634,0.9878,1803,1800,0.9714,0.9834,1678,1933,0.9759,0.9796,1495,2112
itw_real,0.9628,0.6,29,0.6,0.5376,0.5865,0.7035,29682.66,False,87.68,85.01,86.15,87.65,90.55,90.15,88.07,88.85,90.35,90.22,87.68,85.01,90.5,90.33,0.9656,0.9856,1801,1810,0.9748,0.9851,1665,1940,0.9805,0.9797,1490,2120
itw_real,0.9639,0.6,30,0.6,0.5402,0.583,0.7012,29590.93,False,87.48,84.85,86.28,87.78,90.25,89.81,88.07,88.8,89.78,89.7,87.48,84.85,90.38,90.1,0.96,0.9928,1801,1801,0.9722,0.9908,1656,1947,0.9768,0.9872,1507,2108
itw_real,0.9575,0.6,31,0.6,0.5377,0.6027,0.7143,29642.84,False,86.67,83.73,85.33,86.81,89.68,89.25,87.58,88.36,89.73,89.24,86.67,83.73,89.9,89.6,0.955,0.9751,1801,1806,0.9694,0.9737,1665,1942,0.9833,0.9743,1433,2175
itw_real,0.9592,0.6,32,0.6,0.5397,0.5952,0.7093,30053.22,False,87.03,84.22,85.23,86.7,89.85,89.38,87.48,88.21,89.78,89.45,87.03,84.22,89.9,89.69,0.9628,0.9834,1800,1802,0.9704,0.9784,1657,1947,0.9815,0.9762,1462,2146
itw_real,0.959,0.6,33,0.6,0.5368,0.5847,0.7023,29510.36,False,87.33,84.67,85.27,86.74,89.65,89.2,87.32,88.1,89.28,89.15,87.33,84.67,89.68,89.38,0.9594,0.9817,1800,1802,0.9694,0.9819,1668,1935,0.9739,0.98,1495,2105
itw_real,0.9601,0.6,34,0.6,0.5367,0.5947,0.709,29630.74,False,86.9,84.08,85.65,87.12,90.05,89.63,87.7,88.51,89.98,89.67,86.9,84.08,90.05,89.69,0.9583,0.9823,1800,1808,0.9718,0.9809,1668,1936,0.9863,0.9794,1460,2141
itw_real,0.9547,0.6,35,0.6,0.5387,0.6009,0.7132,29383.65,False,86.55,83.63,85.22,86.67,89.55,89.11,87.38,88.1,89.62,89.17,86.55,83.63,89.67,89.3,0.9545,0.98,1801,1802,0.9645,0.9769,1663,1952,0.9729,0.9742,1440,2168
itw_real,0.9564,0.6,36,0.6,0.5314,0.5902,0.706,28952.88,False,86.63,83.87,85.28,86.74,89.67,89.24,86.93,87.82,89.63,89.4,86.63,83.87,89.75,89.38,0.9495,0.9845,1803,1804,0.9615,0.9797,1689,1921,0.9736,0.9793,1475,2125
itw_real,0.9627,0.6,37,0.6,0.5349,0.5912,0.7067,29505.59,False,87.4,84.65,86.12,87.58,90.22,89.81,88.27,89.13,90.22,89.99,87.4,84.65,90.47,90.3,0.964,0.9861,1805,1804,0.972,0.985,1677,1935,0.9796,0.9817,1472,2129
itw_real,0.9566,0.6,38,0.6,0.5427,0.5937,0.7083,29865.38,False,86.8,83.99,84.9,86.34,89.63,89.2,87.28,87.92,89.85,89.56,86.8,83.99,89.83,89.62,0.9529,0.9817,1803,1807,0.9745,0.9775,1649,1956,0.9815,0.9771,1463,2137
itw_real,0.9581,0.6,39,0.6,0.5378,0.589,0.7052,29547.64,False,86.88,84.15,85.72,87.19,89.68,89.25,87.78,88.55,89.93,89.73,86.88,84.15,89.93,89.73,0.9545,0.985,1801,1801,0.9598,0.9768,1666,1938,0.9717,0.9755,1482,2126
itw_real,0.9611,0.7,0,0.7,0.6226,0.7016,0.7805,34632.13,False,89.28,83.41,77.97,83.28,90.7,88.93,87.72,89.02,90.93,89.1,89.28,83.41,91.13,90.34,0.845,0.9956,1800,1808,0.9345,0.988,1359,2249,0.9713,0.9846,1079,2534
itw_real,0.9628,0.7,1,0.7,0.6167,0.6866,0.7705,34383.83,False,90.65,85.51,78.37,83.75,91.23,89.56,87.15,88.62,90.87,89.76,90.65,85.51,91.38,90.14,0.8539,0.9928,1800,1817,0.95,0.9883,1380,2221,0.9725,0.9863,1129,2478
itw_real,0.9596,0.7,2,0.7,0.6156,0.6976,0.7778,34740.4,False,89.68,84.01,77.98,83.31,90.5,88.69,86.93,88.46,90.58,88.88,89.68,84.01,90.73,89.8,0.8417,0.9961,1800,1801,0.9342,0.9892,1384,2220,0.9707,0.9853,1091,2520
itw_real,0.9577,0.7,3,0.7,0.6124,0.6901,0.7728,34131.19,False,89.88,84.49,77.9,83.17,90.53,88.71,86.47,88.0,90.48,89.11,89.88,84.49,91.15,89.62,0.8431,0.9912,1804,1812,0.9306,0.9873,1397,2207,0.9571,0.9867,1119,2486
itw_real,0.96,0.7,4,0.7,0.6109,0.6936,0.7752,34006.59,False,89.52,83.94,78.33,83.7,90.47,88.65,86.73,88.44,90.53,89.02,89.52,83.94,90.73,89.78,0.8411,0.9967,1800,1824,0.9265,0.9914,1401,2200,0.9502,0.99,1104,2508
itw_real,0.9604,0.7,5,0.7,0.6087,0.6976,0.7778,34182.29,False,89.22,83.46,78.63,84.07,90.27,88.35,86.82,88.65,90.12,88.35,89.22,83.46,90.23,89.63,0.8362,0.9945,1801,1802,0.9157,0.9918,1411,2199,0.9614,0.9893,1089,2516
itw_real,0.9573,0.7,6,0.7,0.6167,0.6984,0.7783,34797.35,False,89.6,83.89,78.08,83.3,90.32,88.46,86.47,87.86,90.2,88.41,89.6,83.89,90.65,89.3,0.839,0.9912,1801,1808,0.929,0.9887,1381,2222,0.9687,0.9849,1086,2518
itw_real,0.9641,0.7,7,0.7,0.6151,0.6931,0.7748,34594.69,False,90.32,84.91,78.42,83.77,91.63,90.02,87.58,89.18,91.38,90.07,90.32,84.91,91.78,91.07,0.8612,0.9928,1801,1817,0.9459,0.9896,1387,2215,0.9693,0.9856,1108,2495
itw_real,0.9612,0.7,8,0.7,0.6069,0.6924,0.7743,33946.91,False,90.1,84.67,78.17,83.52,90.72,88.94,86.4,88.24,90.55,89.09,90.1,84.67,90.88,90.1,0.8419,0.9928,1809,1807,0.9318,0.99,1422,2197,0.9676,0.9876,1110,2499
itw_real,0.9583,0.7,9,0.7,0.6084,0.6929,0.7747,33914.98,False,89.6,84.06,78.03,83.37,90.18,88.29,86.5,88.26,90.13,88.59,89.6,84.06,90.47,89.37,0.8368,0.9923,1801,1814,0.9263,0.9891,1411,2192,0.9666,0.9868,1108,2504
itw_real,0.9577,0.7,10,0.7,0.6222,0.7026,0.7812,34754.94,False,89.15,83.22,78.33,83.7,90.07,88.16,87.13,88.37,90.2,88.21,89.15,83.22,90.42,89.65,0.8351,0.989,1801,1816,0.9324,0.9875,1361,2242,0.9655,0.9866,1072,2530
itw_real,0.9592,0.7,11,0.7,0.615,0.7031,0.7815,33907.28,False,89.45,83.56,78.03,83.37,90.47,88.65,87.08,88.58,90.55,88.6,89.45,83.56,90.88,89.56,0.8411,0.9934,1800,1815,0.9345,0.9883,1389,2221,0.9663,0.9838,1069,2533
itw_real,0.9609,0.7,12,0.7,0.6084,0.6946,0.7758,33766.99,False,89.85,84.31,78.18,83.51,91.08,89.35,86.68,88.47,90.7,89.18,89.85,84.31,91.5,90.04,0.8495,0.9922,1801,1805,0.9299,0.99,1412,2199,0.9682,0.9876,1100,2508
itw_real,0.9617,0.7,13,0.7,0.6067,0.6824,0.7677,34229.62,False,90.23,85.15,78.07,83.4,90.73,88.95,86.72,88.59,90.5,89.5,90.23,85.15,91.1,90.17,0.8462,0.9961,1801,1812,0.9316,0.9904,1419,2184,0.9633,0.9862,1144,2457
itw_real,0.9582,0.7,14,0.7,0.6051,0.6914,0.7737,33620.53,False,89.57,84.07,78.3,83.64,90.75,88.98,86.25,88.07,90.5,89.1,89.57,84.07,90.93,89.88,0.8446,0.995,1802,1800,0.9255,0.9908,1422,2184,0.9568,0.9871,1111,2489
itw_real,0.9577,0.7,15,0.7,0.612,0.6934,0.775,34077.35,False,89.2,83.57,78.27,83.62,90.33,88.49,86.78,88.38,90.23,88.69,89.2,83.57,90.42,89.65,0.8389,0.9928,1800,1815,0.9198,0.9896,1397,2206,0.9647,0.9837,1104,2508
itw_real,0.9565,0.7,16,0.7,0.6056,0.6926,0.7745,33854.81,False,89.62,84.09,78.0,83.27,90.27,88.38,86.1,87.94,90.1,88.56,89.62,84.09,90.53,89.56,0.8343,0.9928,1805,1807,0.9185,0.9895,1423,2184,0.9549,0.9852,1108,2498
itw_real,0.9627,0.7,17,0.7,0.6079,0.6921,0.7742,34122.55,False,90.52,85.18,78.25,83.51,91.37,89.69,86.78,88.61,91.05,89.7,90.52,85.18,91.42,90.26,0.8541,0.9934,1802,1818,0.9413,0.9904,1414,2192,0.9793,0.9852,1111,2498
itw_real,0.96,0.7,18,0.7,0.6141,0.6979,0.778,34248.66,False,89.23,83.47,78.25,83.62,90.53,88.68,87.22,88.81,90.43,88.71,89.23,83.47,90.7,90.12,0.8418,0.9928,1801,1805,0.9237,0.9905,1390,2214,0.9642,0.9893,1089,2512
itw_real,0.9611,0.7,19,0.7,0.6141,0.6934,0.775,34079.99,False,90.27,84.84,78.43,83.79,90.42,88.57,86.62,88.12,90.35,88.82,90.27,84.84,90.9,89.76,0.8396,0.9939,1802,1804,0.9438,0.9923,1389,2217,0.9756,0.9884,1105,2500
itw_real,0.9582,0.7,20,0.7,0.6062,0.6939,0.7753,33727.69,False,89.77,84.23,78.17,83.42,90.88,89.12,86.25,88.02,90.9,89.44,89.77,84.23,91.12,90.04,0.849,0.9889,1801,1806,0.9281,0.9877,1419,2194,0.9601,0.9872,1102,2502
itw_real,0.9632,0.7,21,0.7,0.6044,0.6852,0.7695,33976.75,False,90.38,85.24,78.33,83.73,91.27,89.6,86.95,89.0,90.97,89.94,90.38,85.24,91.28,90.59,0.8544,0.995,1800,1801,0.9326,0.9908,1425,2178,0.9577,0.9887,1135,2471
itw_real,0.9594,0.7,22,0.7,0.6089,0.6901,0.7728,33967.28,False,89.95,84.57,78.33,83.63,90.48,88.66,86.63,88.4,90.18,88.78,89.95,84.57,90.67,89.48,0.8406,0.9956,1801,1809,0.9318,0.9887,1408,2207,0.9634,0.9868,1121,2493
itw_real,0.9567,0.7,23,0.7,0.611,0.6924,0.7743,33985.67,False,89.8,84.32,78.02,83.33,89.9,87.93,86.08,87.6,89.95,88.33,89.8,84.32,90.47,89.05,0.8307,0.9945,1802,1818,0.933,0.9864,1403,2204,0.9676,0.9872,1111,2494
itw_real,0.9594,0.7,24,0.7,0.6121,0.6969,0.7773,34136.73,False,89.97,84.37,78.15,83.47,90.62,88.82,86.43,88.01,90.55,88.9,89.97,84.37,90.82,89.76,0.8419,0.994,1803,1825,0.9392,0.9914,1397,2213,0.9672,0.9881,1096,2517
itw_real,0.9551,0.7,25,0.7,0.6122,0.7078,0.7847,33791.31,False,89.2,83.11,77.83,83.12,90.37,88.53,86.3,87.82,90.25,88.02,89.2,83.11,90.5,89.28,0.8394,0.9906,1800,1804,0.9222,0.985,1401,2204,0.9668,0.9816,1053,2556
itw_real,0.9569,0.7,26,0.7,0.6119,0.6944,0.7757,34039.08,False,89.47,83.86,78.22,83.55,90.4,88.54,87.05,88.72,89.97,88.33,89.47,83.86,90.35,89.75,0.8358,0.9895,1809,1801,0.9215,0.9873,1402,2206,0.96,0.9836,1101,2507
itw_real,0.9592,0.7,27,0.7,0.6198,0.6904,0.773,35084.68,False,90.2,84.86,77.82,83.08,90.72,88.92,87.22,88.5,90.57,89.23,90.2,84.86,91.1,89.63,0.8426,0.9917,1804,1803,0.9453,0.9906,1370,2236,0.9668,0.9856,1115,2492
itw_real,0.9624,0.7,28,0.7,0.6068,0.6911,0.7735,34259.47,False,89.82,84.38,78.13,83.48,91.48,89.84,86.93,88.86,91.43,90.18,89.82,84.38,91.63,90.76,0.859,0.9934,1801,1821,0.933,0.9909,1418,2190,0.9587,0.9855,1115,2488
itw_real,0.9603,0.7,29,0.7,0.6071,0.6794,0.7657,34134.65,False,90.33,85.37,78.18,83.53,90.68,88.9,86.48,88.33,90.33,89.46,90.33,85.37,90.93,90.04,0.8451,0.9922,1801,1803,0.9343,0.99,1415,2190,0.9645,0.9865,1155,2449
itw_real,0.9613,0.7,30,0.7,0.6115,0.6906,0.7732,34543.69,False,90.42,85.11,78.3,83.66,90.72,88.94,86.8,88.49,90.43,89.06,90.42,85.11,90.92,89.85,0.8427,0.9934,1805,1808,0.9428,0.9905,1399,2214,0.9731,0.9863,1115,2489
itw_real,0.9571,0.7,31,0.7,0.6137,0.7001,0.7795,34066.25,False,89.45,83.65,77.87,83.16,90.4,88.57,86.75,88.27,90.4,88.57,89.45,83.65,90.57,89.51,0.84,0.9911,1800,1807,0.9289,0.9887,1392,2215,0.9612,0.9842,1083,2524
itw_real,0.9588,0.7,32,0.7,0.6197,0.6919,0.774,34954.52,False,89.63,84.13,78.2,83.57,90.47,88.65,87.2,88.57,90.38,88.94,89.63,84.13,90.63,89.51,0.8411,0.9928,1800,1801,0.935,0.9906,1369,2237,0.9604,0.9876,1111,2497
itw_real,0.9615,0.7,33,0.7,0.6123,0.7048,0.7827,33910.78,False,89.73,83.84,78.17,83.5,90.67,88.89,87.07,88.76,90.72,88.72,89.73,83.84,91.07,90.08,0.8444,0.995,1800,1807,0.9319,0.9918,1396,2206,0.9765,0.987,1064,2541
itw_real,0.9591,0.7,34,0.7,0.6087,0.6949,0.776,33419.8,False,89.77,84.2,78.25,83.56,90.93,89.19,86.27,87.97,90.82,89.31,89.77,84.2,90.93,89.93,0.8465,0.9934,1804,1809,0.9291,0.99,1411,2191,0.9636,0.9853,1100,2511
itw_real,0.9604,0.7,35,0.7,0.6095,0.6944,0.7757,34278.47,False,89.83,84.29,78.15,83.5,90.53,88.73,86.48,88.22,90.53,89.0,89.83,84.29,90.77,89.55,0.8422,0.9945,1800,1804,0.9325,0.9927,1408,2195,0.9692,0.9892,1103,2500
itw_real,0.96,0.7,36,0.7,0.6111,0.6949,0.776,34189.69,False,89.63,84.04,78.45,83.77,90.68,88.88,86.93,88.67,90.48,88.92,89.63,84.04,91.13,89.92,0.8425,0.9928,1803,1815,0.9279,0.9905,1401,2204,0.9636,0.9869,1099,2512
itw_real,0.9585,0.7,37,0.7,0.6172,0.7051,0.7828,34162.08,False,89.68,83.77,78.05,83.35,90.25,88.37,86.95,88.39,90.28,88.15,89.68,83.77,90.45,89.58,0.8362,0.9933,1801,1800,0.9376,0.9879,1379,2232,0.969,0.9843,1063,2544
itw_real,0.9594,0.7,38,0.7,0.6132,0.6951,0.7762,34663.76,False,89.92,84.37,77.9,83.21,90.73,88.95,86.82,88.41,90.68,89.14,89.92,84.37,90.85,90.32,0.8431,0.9884,1804,1805,0.9362,0.9874,1394,2220,0.97,0.9856,1099,2505
itw_real,0.9575,0.7,39,0.7,0.6047,0.6931,0.7748,33704.85,False,89.58,84.04,78.13,83.41,90.63,88.8,86.25,88.15,90.12,88.56,89.58,84.04,90.68,89.46,0.8413,0.995,1802,1803,0.9221,0.9904,1424,2180,0.9593,0.9852,1105,2498
itw_real,0.9617,0.8,0,0.8,0.6855,0.796,0.8437,38071.0,False,92.63,84.4,69.43,80.27,92.22,87.79,85.77,88.32,91.95,87.75,92.63,84.4,92.78,89.91,0.6096,0.9994,1806,1815,0.8252,0.9956,1133,2475,0.9415,0.9944,735,2876
itw_real,0.9579,0.8,1,0.8,0.6928,0.7978,0.8448,38615.91,False,92.58,84.21,69.08,79.77,92.42,88.04,86.12,88.2,92.38,88.3,92.58,84.21,92.8,89.64,0.6052,0.9978,1801,1816,0.8445,0.9924,1106,2504,0.944,0.9913,732,2874
itw_real,0.9644,0.8,2,0.8,0.6962,0.801,0.847,39361.61,False,92.77,84.29,69.23,80.02,92.73,88.61,87.05,89.47,92.72,88.51,92.77,84.29,93.28,90.79,0.62,0.9983,1808,1812,0.8583,0.9932,1094,2510,0.9609,0.992,717,2893
itw_real,0.9572,0.8,3,0.8,0.6896,0.8035,0.8487,38568.04,False,92.73,84.08,69.05,79.72,92.25,87.87,85.8,88.0,92.22,87.51,92.73,84.08,92.95,89.52,0.6025,0.9978,1804,1815,0.8327,0.9928,1118,2484,0.9619,0.99,709,2893
itw_real,0.9616,0.8,4,0.8,0.6902,0.798,0.845,38540.1,False,92.33,83.8,69.37,80.14,92.5,88.28,86.35,88.84,92.42,88.29,92.33,83.8,92.73,90.46,0.6129,0.9967,1811,1821,0.8426,0.994,1118,2503,0.9477,0.9927,727,2876
itw_real,0.9671,0.8,5,0.8,0.6862,0.7878,0.8382,38695.35,False,93.72,86.6,69.38,80.27,93.03,89.08,86.5,89.5,92.72,89.73,93.72,86.6,93.8,90.99,0.6256,0.9989,1800,1809,0.8568,0.9947,1131,2473,0.9594,0.9933,764,2837
itw_real,0.9576,0.8,6,0.8,0.6822,0.7926,0.8413,37928.76,False,92.03,83.68,69.17,79.95,91.73,87.05,85.5,88.25,91.58,87.55,92.03,83.68,92.3,89.8,0.6117,0.9989,1800,1809,0.8143,0.9955,1147,2464,0.9131,0.9916,748,2863
itw_real,0.9629,0.8,7,0.8,0.6913,0.7993,0.8458,39151.43,False,92.75,84.38,69.38,80.02,92.78,88.68,86.45,89.03,92.68,88.61,92.75,84.38,92.83,90.61,0.6173,0.9983,1803,1807,0.8444,0.9936,1112,2492,0.9587,0.9924,727,2877
itw_real,0.9618,0.8,8,0.8,0.6828,0.797,0.8443,38363.68,False,92.53,84.18,69.2,79.97,92.02,87.51,85.97,89.01,91.98,87.74,92.53,84.18,92.8,90.49,0.6177,0.9983,1810,1817,0.8127,0.9947,1148,2458,0.9521,0.9923,731,2871
itw_real,0.9611,0.8,9,0.8,0.6991,0.799,0.8457,39445.54,False,92.67,84.26,69.37,80.17,92.08,87.61,86.77,88.6,92.02,87.57,92.67,84.26,92.82,89.74,0.6087,0.9978,1807,1804,0.8471,0.996,1086,2520,0.9531,0.9934,725,2880
itw_real,0.9642,0.8,10,0.8,0.6897,0.7936,0.842,38115.24,False,92.47,84.29,69.53,80.52,92.45,88.16,86.28,88.8,92.15,88.34,92.47,84.29,92.8,90.26,0.6141,1.0,1806,1808,0.842,0.9976,1120,2488,0.9436,0.9958,745,2885
itw_real,0.9629,0.8,11,0.8,0.6906,0.7868,0.8375,38986.4,False,92.85,85.31,69.4,80.12,92.65,88.5,86.62,89.29,92.25,89.12,92.85,85.31,92.98,90.69,0.6214,0.9995,1804,1825,0.8456,0.9952,1114,2489,0.9453,0.9929,768,2835
itw_real,0.9576,0.8,12,0.8,0.6932,0.7941,0.8423,39160.69,False,92.87,84.89,69.42,80.14,91.97,87.39,86.0,88.12,91.98,88.02,92.87,84.89,92.92,88.99,0.6033,0.9972,1800,1809,0.8362,0.9928,1105,2499,0.9529,0.9923,743,2874
itw_real,0.9619,0.8,13,0.8,0.6904,0.7958,0.8435,39202.51,False,92.55,84.28,69.35,80.19,92.35,88.03,86.37,88.92,92.08,88.02,92.55,84.28,92.7,90.21,0.6143,0.9989,1802,1809,0.8386,0.9944,1115,2492,0.9512,0.993,738,2865
itw_real,0.9662,0.8,14,0.8,0.6856,0.7973,0.8445,38825.32,False,92.98,84.86,69.32,80.14,92.58,88.36,86.4,89.47,92.87,89.07,92.98,84.86,93.23,90.85,0.6222,0.9984,1800,1820,0.8348,0.9964,1138,2469,0.955,0.993,733,2871
itw_real,0.9673,0.8,15,0.8,0.6842,0.7928,0.8415,38622.84,False,92.95,85.09,69.62,80.64,92.67,88.54,86.1,89.12,92.6,89.06,92.95,85.09,93.28,90.38,0.621,0.9983,1802,1803,0.8439,0.9964,1140,2485,0.9571,0.9965,746,2860
itw_real,0.954,0.8,16,0.8,0.6926,0.7936,0.842,38990.13,False,92.43,84.24,68.95,79.44,91.78,87.11,86.05,88.09,91.58,87.46,92.43,84.24,92.55,89.4,0.6059,0.9978,1804,1806,0.832,0.9916,1107,2498,0.9315,0.9877,744,2857
itw_real,0.9609,0.8,17,0.8,0.6833,0.799,0.8457,38439.29,False,92.53,84.05,69.37,80.2,92.02,87.45,85.77,88.7,91.95,87.5,92.53,84.05,92.62,89.84,0.6144,0.9989,1800,1805,0.8163,0.9963,1143,2463,0.9436,0.9931,727,2883
itw_real,0.9594,0.8,18,0.8,0.6936,0.7975,0.8447,38521.09,False,92.87,84.67,69.32,79.98,92.13,87.71,86.03,88.02,92.25,88.09,92.87,84.67,93.02,89.91,0.6058,0.9994,1801,1818,0.8418,0.994,1106,2499,0.9534,0.9916,730,2872
itw_real,0.9598,0.8,19,0.8,0.6963,0.8008,0.8468,38891.95,False,92.72,84.23,69.37,80.07,92.3,87.88,86.65,88.69,92.3,87.88,92.72,84.23,92.88,89.43,0.6117,0.9989,1800,1810,0.8396,0.994,1097,2508,0.954,0.9924,718,2901
itw_real,0.9605,0.8,20,0.8,0.6946,0.797,0.8443,38719.03,False,92.13,83.55,69.43,80.33,92.12,87.67,86.57,88.82,92.02,87.76,92.13,83.55,92.45,90.0,0.6115,0.9978,1802,1807,0.8365,0.9952,1101,2502,0.9358,0.9937,732,2872
itw_real,0.9623,0.8,21,0.8,0.6905,0.7988,0.8455,38959.42,False,92.92,84.67,69.23,80.05,92.4,88.06,86.13,88.58,92.4,88.22,92.92,84.67,93.23,90.17,0.6101,0.9978,1808,1819,0.8426,0.9936,1118,2506,0.9588,0.9924,728,2880
itw_real,0.9589,0.8,22,0.8,0.6934,0.8005,0.8467,38607.86,False,92.67,84.17,69.18,79.83,92.37,88.07,86.42,88.67,92.3,87.91,92.67,84.17,92.85,89.74,0.611,0.9994,1807,1808,0.8487,0.9932,1104,2497,0.9568,0.991,718,2891
itw_real,0.9654,0.8,23,0.8,0.6935,0.7916,0.8407,38821.28,False,93.03,85.3,69.52,80.45,92.88,88.86,86.85,89.31,92.82,89.57,93.03,85.3,93.32,90.76,0.6194,0.9989,1800,1821,0.8587,0.9956,1104,2501,0.9641,0.9944,753,2856
itw_real,0.9596,0.8,24,0.8,0.6938,0.7973,0.8445,39226.88,False,92.65,84.34,69.23,79.86,92.5,88.28,86.35,88.62,92.32,88.26,92.65,84.34,92.9,89.95,0.6108,0.9972,1801,1814,0.8514,0.9932,1104,2501,0.9479,0.9913,730,2874
itw_real,0.9615,0.8,25,0.8,0.6842,0.7901,0.8397,38222.06,False,92.87,85.14,69.33,80.18,91.85,87.19,86.07,88.92,91.6,87.81,92.87,85.14,92.95,89.77,0.6167,0.9989,1800,1810,0.8285,0.9939,1137,2467,0.9418,0.9926,756,2856
itw_real,0.9635,0.8,26,0.8,0.6823,0.7943,0.8425,37936.75,False,92.58,84.43,69.43,80.3,92.6,88.44,85.7,88.66,92.53,88.86,92.58,84.43,92.78,90.42,0.6155,0.9989,1810,1807,0.8297,0.9951,1145,2457,0.9528,0.9934,741,2865
itw_real,0.9568,0.8,27,0.8,0.6897,0.8018,0.8475,38604.0,False,92.32,83.54,69.03,79.74,91.73,86.99,85.83,88.15,91.77,86.98,92.32,83.54,92.43,89.55,0.604,0.9984,1813,1826,0.8186,0.9936,1119,2485,0.9454,0.9907,714,2890
itw_real,0.967,0.8,28,0.8,0.6899,0.7933,0.8418,38819.45,False,93.15,85.38,69.55,80.41,92.88,88.83,86.62,89.42,92.83,89.43,93.15,85.38,93.47,90.69,0.6202,0.9972,1806,1808,0.8557,0.9972,1123,2488,0.961,0.9948,744,2861
itw_real,0.9603,0.8,29,0.8,0.6912,0.7833,0.8352,39055.14,False,92.92,85.64,69.28,80.08,92.48,88.24,86.08,88.36,92.07,89.17,92.92,85.64,92.95,90.16,0.6111,0.9967,1800,1800,0.839,0.9932,1112,2491,0.9538,0.9922,780,2831
itw_real,0.9614,0.8,30,0.8,0.6914,0.799,0.8457,39054.02,False,92.63,84.21,69.13,79.86,92.5,88.22,86.15,88.5,92.35,88.12,92.63,84.21,92.77,90.66,0.6101,0.9989,1803,1800,0.8417,0.9948,1112,2490,0.9531,0.992,725,2881
itw_real,0.9583,0.8,31,0.8,0.6863,0.7993,0.8458,38325.06,False,92.28,83.65,69.02,79.7,92.03,87.46,85.75,88.28,91.87,87.35,92.28,83.65,92.45,89.93,0.6109,0.9978,1804,1806,0.8159,0.9939,1130,2473,0.9571,0.9899,723,2878
itw_real,0.9604,0.8,32,0.8,0.69,0.7985,0.8453,38605.92,False,92.77,84.45,69.28,80.08,92.13,87.71,86.07,88.42,92.03,87.65,92.77,84.45,92.85,89.94,0.6111,0.9989,1800,1818,0.8344,0.9952,1123,2488,0.9546,0.993,727,2876
itw_real,0.9608,0.8,33,0.8,0.681,0.796,0.8437,37963.05,False,92.8,84.66,69.22,80.01,92.07,87.6,85.57,88.42,92.15,88.09,92.8,84.66,93.12,90.08,0.6106,0.9989,1808,1808,0.8136,0.9947,1159,2463,0.9443,0.9923,736,2869
itw_real,0.9578,0.8,34,0.8,0.6954,0.7943,0.8425,39135.88,False,92.65,84.53,69.2,79.94,92.13,87.71,86.3,88.41,92.1,88.16,92.65,84.53,92.85,89.64,0.6104,0.9967,1802,1815,0.8505,0.9928,1097,2514,0.938,0.9913,742,2873
itw_real,0.9591,0.8,35,0.8,0.6994,0.798,0.845,39225.77,False,92.7,84.38,69.3,79.97,92.17,87.76,86.72,88.6,92.23,88.05,92.7,84.38,92.85,89.59,0.6102,0.9972,1806,1815,0.8469,0.9936,1084,2519,0.9464,0.9917,727,2879
itw_real,0.9614,0.8,36,0.8,0.694,0.798,0.845,39078.1,False,92.73,84.43,69.1,79.84,92.4,88.06,86.57,88.95,92.3,88.16,92.73,84.43,93.0,89.98,0.6152,0.9989,1801,1819,0.8436,0.9928,1106,2511,0.9546,0.992,727,2878
itw_real,0.9589,0.8,37,0.8,0.6883,0.7958,0.8435,38702.04,False,92.32,83.92,69.18,79.9,92.48,88.24,86.03,88.52,92.4,88.53,92.32,83.92,92.67,90.0,0.6121,0.9967,1807,1816,0.8387,0.9932,1122,2490,0.9321,0.9916,736,2866
itw_real,0.9636,0.8,38,0.8,0.6905,0.7998,0.8462,38538.05,False,92.72,84.29,69.25,80.06,92.55,88.34,86.47,89.01,92.55,88.34,92.72,84.29,92.98,90.35,0.617,0.9989,1804,1807,0.8474,0.9952,1114,2493,0.9515,0.9927,721,2885
itw_real,0.9498,0.8,39,0.8,0.6829,0.7955,0.8433,38138.65,False,91.8,83.12,69.0,79.62,91.45,86.62,84.92,87.32,91.22,86.67,91.8,83.12,92.0,88.78,0.6001,0.9967,1803,1802,0.7981,0.9911,1149,2460,0.9064,0.9888,737,2866
itw_real,0.9578,0.9,0,0.9,0.7673,0.8967,0.911,42298.54,False,95.33,84.59,59.7,76.65,94.97,86.02,85.08,87.94,94.85,86.25,95.33,84.59,95.45,89.09,0.3161,0.9994,1800,1818,0.5967,0.9975,838,2763,0.8987,0.9957,375,3236
itw_real,0.9621,0.9,1,0.9,0.7648,0.8952,0.91,42207.29,False,95.6,85.56,59.93,77.22,95.38,86.84,85.27,88.48,94.85,86.77,95.6,85.56,95.67,89.93,0.3161,1.0,1803,1801,0.5967,0.9982,848,2765,0.9074,0.9975,378,3234
itw_real,0.9566,0.9,2,0.9,0.7716,0.899,0.9125,42074.75,False,94.82,82.82,59.8,77.0,94.5,84.72,85.3,87.39,94.45,84.69,94.82,82.82,95.0,89.35,0.3141,0.9995,1805,1822,0.6051,0.9982,823,2783,0.8808,0.9969,369,3247
itw_real,0.9616,0.9,3,0.9,0.7719,0.8962,0.9107,42944.84,False,95.0,83.74,59.9,77.35,94.6,85.0,85.95,89.31,94.38,85.18,95.0,83.74,95.4,90.11,0.3176,1.0,1801,1816,0.6066,0.9986,821,2786,0.9043,0.9972,376,3244
itw_real,0.9602,0.9,4,0.9,0.7655,0.8965,0.9108,42111.07,False,95.22,84.31,59.92,77.06,94.85,85.51,85.2,88.3,94.57,85.72,95.22,84.31,95.6,89.62,0.3185,1.0,1802,1833,0.591,0.9978,846,2760,0.9064,0.9963,374,3240
itw_real,0.9545,0.9,5,0.9,0.7648,0.9029,0.9152,42354.51,False,94.98,82.69,59.68,76.42,94.58,84.77,85.17,88.8,94.75,84.64,94.98,82.69,95.23,90.06,0.3148,0.9989,1801,1833,0.6026,0.9949,848,2760,0.8914,0.9942,350,3258
itw_real,0.9603,0.9,6,0.9,0.774,0.8957,0.9103,43145.94,False,95.33,84.74,59.63,76.76,95.03,86.13,86.0,89.11,94.73,86.11,95.33,84.74,95.45,90.37,0.3167,1.0,1803,1808,0.6179,0.9971,814,2794,0.9043,0.9963,376,3225
itw_real,0.9613,0.9,7,0.9,0.7549,0.8975,0.9115,41869.75,False,95.25,84.25,59.95,77.38,94.97,85.8,84.38,88.81,94.67,85.78,95.25,84.25,95.47,89.83,0.3184,1.0,1803,1829,0.5629,0.9985,890,2720,0.8976,0.9978,371,3237
itw_real,0.9624,0.9,8,0.9,0.7659,0.9027,0.915,41972.51,False,95.17,83.24,59.9,77.43,94.43,84.54,85.33,88.89,94.63,84.5,95.17,83.24,95.53,89.92,0.32,1.0,1806,1812,0.5889,0.9985,849,2758,0.9288,0.9979,351,3266
itw_real,0.9605,0.9,9,0.9,0.7587,0.8945,0.9095,41947.13,False,95.38,85.06,59.63,76.69,94.98,85.95,84.53,88.3,94.6,86.26,95.38,85.06,95.7,89.86,0.3166,0.9995,1810,1821,0.5853,0.9971,873,2740,0.9008,0.996,383,3234
itw_real,0.9527,0.9,10,0.9,0.757,0.9032,0.9153,41465.63,False,95.03,82.8,59.75,76.6,94.45,84.47,84.15,87.71,94.78,84.58,95.03,82.8,95.22,88.55,0.3147,0.9989,1802,1815,0.5605,0.9964,876,2740,0.8911,0.9951,349,3251
itw_real,0.9625,0.9,11,0.9,0.7679,0.8987,0.9123,42459.44,False,95.33,84.3,59.72,76.88,95.05,86.21,85.52,89.06,94.98,86.32,95.33,84.3,95.72,91.22,0.3198,0.9978,1801,1819,0.61,0.9975,836,2771,0.9233,0.9966,365,3240
itw_real,0.9611,0.9,12,0.9,0.7551,0.8947,0.9097,41621.85,False,95.37,84.98,59.8,77.15,95.0,86.04,84.3,88.61,94.67,86.3,95.37,84.98,95.5,89.95,0.3167,1.0,1806,1815,0.5719,0.9974,883,2718,0.9081,0.9972,381,3227
itw_real,0.9521,0.9,13,0.9,0.7655,0.9,0.9132,42289.87,False,95.45,84.44,59.58,76.36,94.97,86.02,84.72,87.29,94.97,86.02,95.45,84.44,95.65,88.71,0.311,1.0,1807,1801,0.5849,0.996,848,2759,0.903,0.9942,361,3249
itw_real,0.9591,0.9,14,0.9,0.7721,0.8982,0.912,42659.92,False,95.47,84.74,59.7,76.87,95.0,85.81,85.65,87.95,94.83,86.02,95.47,84.74,95.63,89.47,0.3161,1.0,1800,1817,0.6019,0.9978,824,2790,0.9239,0.9966,368,3242
itw_real,0.9618,0.9,15,0.9,0.76,0.8957,0.9103,41746.73,False,95.2,84.37,59.82,76.94,95.0,85.89,84.63,88.43,94.73,86.33,95.2,84.37,95.6,90.7,0.319,0.9989,1809,1836,0.5958,0.9971,866,2745,0.8895,0.9963,380,3232
itw_real,0.9594,0.9,16,0.9,0.7695,0.9,0.9132,41807.1,False,95.35,84.16,59.72,76.88,94.83,85.65,85.25,88.03,94.83,85.65,95.35,84.16,95.65,89.94,0.3152,0.9983,1805,1803,0.606,0.9971,830,2772,0.9474,0.9963,361,3256
itw_real,0.9593,0.9,17,0.9,0.7607,0.9007,0.9137,41984.29,False,95.07,83.26,59.72,76.95,94.6,84.93,84.82,88.68,94.75,85.01,95.07,83.26,95.27,90.18,0.317,0.9989,1814,1801,0.5789,0.9974,862,2740,0.9078,0.9966,358,3251
itw_real,0.9554,0.9,18,0.9,0.7752,0.9047,0.9163,42905.28,False,95.37,83.5,59.82,76.64,94.75,85.38,85.97,88.43,94.98,84.84,95.37,83.5,95.47,89.44,0.3139,1.0,1800,1825,0.6111,0.9961,810,2807,0.9167,0.9957,348,3257
itw_real,0.9569,0.9,19,0.9,0.7739,0.9082,0.9187,42265.01,False,95.13,82.33,59.83,76.94,94.68,85.12,85.55,87.9,94.77,83.46,95.13,82.33,95.3,88.91,0.3136,1.0,1808,1829,0.6064,0.9982,818,2802,0.9009,0.9966,333,3271
itw_real,0.9585,0.9,20,0.9,0.7672,0.8992,0.9127,42474.81,False,95.4,84.41,59.6,76.67,94.83,85.65,85.22,88.38,94.83,85.65,95.4,84.41,95.55,89.54,0.3193,1.0,1801,1834,0.5826,0.9971,841,2766,0.9148,0.9957,364,3245
itw_real,0.9624,0.9,21,0.9,0.7654,0.8952,0.91,42491.06,False,95.43,85.09,59.83,76.94,95.15,86.42,85.32,89.03,94.63,86.13,95.43,85.09,95.87,90.59,0.3165,1.0,1807,1818,0.6028,0.9964,846,2769,0.9206,0.9963,378,3240
itw_real,0.9642,0.9,22,0.9,0.7672,0.9019,0.9145,41715.78,False,95.38,83.95,59.88,77.27,94.9,85.83,85.47,88.96,95.08,85.79,95.38,83.95,95.68,89.92,0.3222,0.9995,1800,1819,0.5936,0.9982,839,2776,0.9407,0.9978,354,3255
itw_real,0.9612,0.9,23,0.9,0.7594,0.8947,0.9097,41936.78,False,95.37,84.98,59.67,76.7,94.9,85.83,84.87,89.15,94.73,86.48,95.37,84.98,95.5,90.46,0.3171,0.9989,1807,1809,0.5928,0.9964,867,2743,0.9103,0.9963,379,3230
itw_real,0.9558,0.9,24,0.9,0.766,0.8975,0.9115,42417.96,False,95.25,84.25,59.83,76.94,94.95,85.94,84.88,87.6,94.83,86.24,95.25,84.25,95.45,89.86,0.3109,0.9995,1811,1819,0.5979,0.9967,843,2767,0.9108,0.996,370,3231
itw_real,0.9597,0.9,25,0.9,0.7684,0.9027,0.915,42188.9,False,95.33,83.7,59.77,76.98,94.73,85.37,85.23,88.24,94.87,85.07,95.33,83.7,95.53,90.0,0.3176,1.0,1804,1804,0.5891,0.9982,847,2782,0.9345,0.9963,351,3252
itw_real,0.9598,0.9,26,0.9,0.756,0.8957,0.9103,41736.42,False,95.13,84.19,59.93,77.3,94.78,85.32,84.33,88.26,94.55,85.64,95.13,84.19,95.38,89.21,0.3175,0.9995,1814,1825,0.575,0.9989,880,2725,0.891,0.9975,376,3227
itw_real,0.9524,0.9,27,0.9,0.7665,0.8985,0.9122,41681.67,False,94.88,83.08,59.85,77.1,94.45,84.25,84.9,87.09,94.13,84.07,94.88,83.08,95.07,88.25,0.3109,1.0,1801,1810,0.5731,0.9971,841,2771,0.9208,0.9966,366,3241
itw_real,0.9596,0.9,28,0.9,0.7626,0.894,0.9092,42322.57,False,95.05,84.21,59.87,77.04,94.77,85.46,84.95,88.6,94.45,85.73,95.05,84.21,95.35,89.84,0.3184,0.9994,1803,1801,0.5928,0.9974,857,2745,0.9005,0.9966,382,3220
itw_real,0.9644,0.9,29,0.9,0.7678,0.8947,0.9097,42229.76,False,95.33,84.89,59.92,77.21,94.77,85.39,85.6,89.11,94.48,85.53,95.33,84.89,95.63,90.59,0.32,1.0,1803,1810,0.5998,0.9982,842,2776,0.905,0.9972,379,3228
itw_real,0.9544,0.9,30,0.9,0.762,0.8995,0.9128,41621.02,False,95.18,83.77,59.68,76.86,94.63,85.09,84.4,87.19,94.63,85.09,95.18,83.77,95.37,88.71,0.3116,0.9994,1807,1800,0.5701,0.9971,863,2748,0.9199,0.996,362,3246
itw_real,0.9593,0.9,31,0.9,0.7604,0.8932,0.9087,42191.92,False,94.87,83.81,59.72,76.95,94.82,85.34,84.67,88.37,94.35,85.75,94.87,83.81,95.28,89.81,0.3165,1.0,1817,1806,0.5829,0.9982,863,2752,0.8641,0.9966,390,3223
itw_real,0.9619,0.9,32,0.9,0.764,0.8882,0.9053,42630.43,False,95.17,85.39,59.83,77.17,95.23,86.69,85.13,88.85,94.67,87.7,95.17,85.39,95.55,90.06,0.3176,1.0,1804,1803,0.6,0.9982,850,2756,0.8713,0.9969,404,3204
itw_real,0.9519,0.9,33,0.9,0.7646,0.894,0.9092,42297.13,False,94.92,83.84,59.53,76.41,94.55,84.75,84.65,87.47,94.12,84.88,94.92,83.84,95.05,88.73,0.3117,0.9995,1806,1822,0.5778,0.9964,848,2768,0.8737,0.9947,388,3219
itw_real,0.9555,0.9,34,0.9,0.7634,0.8912,0.9073,42278.66,False,95.0,84.48,59.75,76.6,94.72,85.29,84.78,87.99,94.1,85.46,95.0,84.48,95.48,90.09,0.3137,0.9995,1801,1831,0.5927,0.9967,852,2748,0.8807,0.9953,394,3210
itw_real,0.9599,0.9,35,0.9,0.7676,0.8985,0.9122,42539.14,False,95.45,84.66,59.73,76.74,94.9,85.76,85.3,88.5,94.8,85.85,95.45,84.66,95.5,89.32,0.3178,1.0,1803,1803,0.5979,0.9975,838,2764,0.9011,0.9957,374,3234
itw_real,0.965,0.9,36,0.9,0.7623,0.8945,0.9095,42079.57,False,95.05,84.14,59.87,77.04,94.95,85.79,85.12,89.06,94.73,86.63,95.05,84.14,95.55,91.07,0.3211,0.9994,1803,1811,0.5979,0.9982,858,2753,0.8903,0.9972,383,3228
itw_real,0.9606,0.9,37,0.9,0.763,0.898,0.9118,41995.35,False,95.32,84.36,59.92,76.99,94.9,85.83,85.0,88.78,94.92,86.21,95.32,84.36,95.33,90.19,0.3165,0.9995,1801,1831,0.5935,0.9978,856,2754,0.8713,0.9969,373,3235
itw_real,0.961,0.9,38,0.9,0.7643,0.9019,0.9145,41952.88,False,95.52,84.32,59.78,76.92,95.03,86.06,85.3,88.8,95.08,85.94,95.52,84.32,95.65,89.94,0.3179,1.0,1809,1800,0.589,0.9975,854,2751,0.9093,0.9963,353,3253
itw_real,0.9614,0.9,39,0.9,0.7593,0.8962,0.9107,41999.16,False,95.4,84.85,59.68,76.64,95.05,86.14,84.6,88.48,94.75,86.27,95.4,84.85,95.63,90.37,0.3176,0.9994,1801,1800,0.594,0.9967,872,2736,0.9144,0.9957,374,3230
itw_real,0.9616,0.95,0,0.95,0.7991,0.9476,0.945,42662.86,False,96.83,85.7,55.12,75.43,96.97,84.04,84.48,88.83,96.93,84.81,96.83,85.7,97.4,90.43,0.1598,1.0,1808,1800,0.3603,0.9983,730,2889,0.873,0.998,189,3418
itw_real,0.9548,0.95,1,0.95,0.8102,0.9595,0.953,42965.46,False,97.07,83.14,54.77,75.09,96.9,83.53,85.22,88.43,97.35,81.55,97.07,83.14,97.42,89.11,0.159,1.0,1805,1829,0.3659,0.998,686,2932,0.8973,0.9974,146,3455
itw_real,0.9554,0.95,2,0.95,0.8049,0.9488,0.9458,42706.54,False,96.62,84.17,54.88,75.62,96.87,83.04,84.67,87.82,96.75,83.13,96.62,84.17,97.23,90.09,0.1574,1.0,1817,1817,0.3676,0.9986,710,2903,0.8065,0.9974,186,3423
itw_real,0.9692,0.95,3,0.95,0.8103,0.9468,0.9445,43668.01,False,96.95,86.55,55.08,75.73,97.1,84.74,85.55,90.18,97.0,85.79,96.95,86.55,97.28,92.0,0.1621,1.0,1801,1803,0.3898,0.9986,685,2917,0.8209,0.9985,201,3417
itw_real,0.9559,0.95,4,0.95,0.8048,0.9528,0.9485,43450.48,False,96.72,83.43,55.03,76.02,96.7,82.63,84.53,87.28,96.88,82.25,96.72,83.43,97.33,88.93,0.1582,1.0,1801,1840,0.3608,0.9993,704,2904,0.8412,0.9985,170,3432
itw_real,0.9669,0.95,5,0.95,0.8089,0.9523,0.9482,43262.34,False,96.72,83.59,54.97,76.14,96.82,83.01,85.42,89.8,96.88,82.57,96.72,83.59,97.18,91.2,0.1625,1.0,1803,1808,0.3765,0.9997,688,2913,0.843,0.9997,172,3433
itw_real,0.9565,0.95,6,0.95,0.8093,0.958,0.952,42985.55,False,97.0,83.26,54.83,75.44,96.97,83.72,85.02,87.69,97.2,81.47,97.0,83.26,97.18,88.92,0.1599,1.0,1807,1803,0.3636,0.9986,693,2925,0.8355,0.998,152,3457
itw_real,0.9579,0.95,7,0.95,0.8025,0.95,0.9467,42394.06,False,96.8,84.74,54.88,75.31,96.93,83.86,84.6,88.11,96.93,83.86,96.8,84.74,97.33,90.17,0.1576,1.0,1815,1804,0.368,0.9979,712,2891,0.8556,0.9977,180,3428
itw_real,0.954,0.95,8,0.95,0.8057,0.951,0.9473,43304.07,False,96.43,82.49,54.87,75.3,96.57,81.93,84.67,87.67,96.63,81.81,96.43,82.49,96.97,89.11,0.1582,1.0,1808,1803,0.3557,0.999,700,2906,0.8192,0.9983,177,3435
itw_real,0.9563,0.95,9,0.95,0.8022,0.9558,0.9505,42471.9,False,96.42,80.9,54.93,75.96,96.47,81.4,84.6,87.79,96.75,79.97,96.42,80.9,96.97,88.75,0.1598,1.0,1815,1803,0.3492,0.9993,713,2894,0.8438,0.9991,160,3451
itw_real,0.9632,0.95,10,0.95,0.8045,0.95,0.9467,42784.56,False,96.83,84.91,55.05,76.03,97.05,84.39,84.92,88.59,97.05,84.39,96.83,84.91,97.22,89.98,0.161,1.0,1808,1808,0.3683,0.9997,706,2920,0.8333,0.9985,180,3434
itw_real,0.9556,0.95,11,0.95,0.8009,0.9488,0.9458,43162.25,False,96.42,83.11,54.83,75.44,96.68,82.31,84.32,88.11,96.55,82.39,96.42,83.11,97.08,88.94,0.1583,1.0,1813,1815,0.356,0.999,722,2886,0.7946,0.9985,185,3418
itw_real,0.9631,0.95,12,0.95,0.8039,0.9535,0.949,43090.28,False,97.13,85.39,54.97,75.98,97.23,84.65,84.78,88.68,97.3,83.89,97.13,85.39,97.37,89.48,0.1594,1.0,1800,1818,0.3643,0.9997,711,2896,0.8655,0.9985,171,3437
itw_real,0.9635,0.95,13,0.95,0.8117,0.952,0.948,43628.95,False,97.0,85.16,55.02,75.85,97.15,84.92,85.52,89.22,97.3,84.84,97.0,85.16,97.45,89.99,0.16,1.0,1806,1816,0.3814,0.9993,679,2935,0.8563,0.9985,174,3435
itw_real,0.9532,0.95,14,0.95,0.8004,0.9515,0.9477,42685.93,False,96.67,83.56,55.0,74.74,96.82,83.17,84.3,87.95,96.85,82.71,96.67,83.56,97.22,89.8,0.1572,1.0,1800,1805,0.355,0.9969,724,2889,0.8409,0.9968,176,3427
itw_real,0.9604,0.95,15,0.95,0.7976,0.9548,0.9498,42178.85,False,96.82,83.32,54.9,75.63,96.8,83.16,84.1,88.0,97.13,82.7,96.82,83.32,97.35,89.97,0.1585,1.0,1817,1828,0.3553,0.9993,729,2873,0.8571,0.9988,168,3442
itw_real,0.966,0.95,16,0.95,0.8074,0.9483,0.9455,43748.86,False,96.78,85.2,55.02,76.01,97.07,84.56,85.1,89.0,96.98,84.68,96.78,85.2,97.43,90.33,0.1612,1.0,1818,1803,0.3746,0.9993,694,2918,0.8556,0.9991,187,3429
itw_real,0.9527,0.95,17,0.95,0.8028,0.952,0.948,42832.74,False,96.7,83.58,54.98,75.68,96.73,82.49,84.32,87.17,96.95,82.45,96.7,83.58,97.18,88.34,0.1571,1.0,1801,1829,0.3524,0.9986,715,2908,0.8786,0.998,173,3432
itw_real,0.964,0.95,18,0.95,0.808,0.9513,0.9475,43245.62,False,96.88,84.78,55.05,76.03,96.92,83.38,85.1,88.53,96.88,83.04,96.88,84.78,97.35,90.51,0.1609,1.0,1815,1828,0.3824,0.9993,693,2913,0.8125,0.9983,176,3429
itw_real,0.9546,0.95,19,0.95,0.8024,0.9468,0.9445,43432.99,False,96.42,83.75,54.92,75.32,96.83,83.33,84.63,88.12,96.65,83.71,96.42,83.75,97.48,89.36,0.1579,1.0,1805,1816,0.3617,0.9979,716,2899,0.8698,0.9971,192,3417
itw_real,0.9576,0.95,20,0.95,0.8066,0.9473,0.9448,43155.09,False,96.68,84.99,54.9,75.47,96.83,83.33,84.85,88.24,96.7,83.89,96.68,84.99,97.3,89.36,0.1586,1.0,1810,1818,0.3609,0.9983,701,2914,0.8368,0.9979,190,3410
itw_real,0.9491,0.95,21,0.95,0.8059,0.9523,0.9482,43141.4,False,96.58,82.89,54.8,74.95,96.67,81.98,84.75,87.55,96.75,81.71,96.58,82.89,97.02,88.85,0.1562,1.0,1805,1801,0.359,0.9973,702,2918,0.8198,0.9971,172,3430
itw_real,0.9581,0.95,22,0.95,0.8005,0.9471,0.9447,42650.81,False,96.57,84.46,54.9,75.32,96.8,83.16,84.38,88.15,96.68,83.73,96.57,84.46,97.28,89.55,0.158,1.0,1810,1818,0.3592,0.9986,721,2898,0.8482,0.9979,191,3409
itw_real,0.9608,0.95,23,0.95,0.8172,0.9548,0.9498,43914.78,False,96.88,83.68,54.93,75.49,96.97,83.72,86.05,89.03,97.05,82.18,96.88,83.68,97.45,90.79,0.1606,1.0,1806,1837,0.3973,0.999,667,2942,0.8834,0.998,163,3440
itw_real,0.9628,0.95,24,0.95,0.8077,0.9535,0.949,43149.15,False,97.13,85.39,54.92,75.8,97.18,84.94,85.02,88.48,97.28,83.89,97.13,85.39,97.38,89.77,0.1617,1.0,1800,1814,0.3665,0.999,693,2916,0.8929,0.9988,168,3436
itw_real,0.9557,0.95,25,0.95,0.8093,0.952,0.948,43293.97,False,96.93,84.81,54.88,75.31,97.05,84.39,85.0,87.53,97.23,83.86,96.93,84.81,97.62,89.46,0.1588,1.0,1801,1808,0.3745,0.9986,689,2922,0.8728,0.9974,173,3430
itw_real,0.9606,0.95,26,0.95,0.8095,0.9493,0.9462,43635.96,False,96.62,84.01,55.05,75.87,97.12,84.11,85.27,88.77,96.93,84.02,96.62,84.01,97.32,90.33,0.16,1.0,1800,1808,0.3828,0.999,687,2918,0.8907,0.9983,183,3430
itw_real,0.9583,0.95,27,0.95,0.8034,0.9456,0.9437,43361.03,False,96.8,86.16,54.97,75.51,97.22,84.8,84.68,88.78,96.87,85.56,96.8,86.16,97.52,90.33,0.158,1.0,1804,1812,0.3686,0.9983,708,2892,0.8485,0.9979,198,3411
itw_real,0.9588,0.95,28,0.95,0.8132,0.949,0.946,43276.74,False,96.37,82.77,55.02,76.01,96.47,81.4,85.57,87.98,96.52,81.9,96.37,82.77,97.22,89.74,0.1609,1.0,1809,1804,0.3798,0.9993,674,2936,0.8478,0.9988,184,3418
itw_real,0.9517,0.95,29,0.95,0.804,0.953,0.9487,42589.04,False,96.7,83.26,54.82,75.11,96.73,82.33,84.57,87.77,96.95,82.45,96.7,83.26,97.12,89.2,0.1583,1.0,1800,1804,0.3635,0.9976,707,2897,0.8235,0.9974,170,3433
itw_real,0.9553,0.95,30,0.95,0.8034,0.9515,0.9477,42736.62,False,96.57,83.04,55.02,75.54,96.72,82.48,84.58,88.1,96.82,82.54,96.57,83.04,97.33,89.29,0.1603,1.0,1803,1833,0.3512,0.9986,709,2912,0.8514,0.9982,175,3425
itw_real,0.9686,0.95,31,0.95,0.8058,0.948,0.9453,43373.59,False,97.0,86.42,55.17,76.4,97.18,84.78,85.1,89.63,97.1,85.21,97.0,86.42,97.28,90.43,0.1637,1.0,1802,1812,0.3722,1.0,704,2904,0.8449,0.9988,187,3417
itw_real,0.9631,0.95,32,0.95,0.8065,0.9468,0.9445,43492.6,False,96.62,84.8,55.0,76.16,96.75,82.82,85.0,88.95,96.6,83.68,96.62,84.8,97.08,90.16,0.1612,1.0,1811,1802,0.3653,0.9997,698,2916,0.8125,0.9991,192,3412
itw_real,0.9505,0.95,33,0.95,0.7954,0.9528,0.9485,42165.7,False,96.25,80.97,54.87,75.3,96.33,80.7,83.83,88.02,96.5,80.32,96.25,80.97,96.77,88.39,0.1561,1.0,1813,1816,0.3383,0.9983,739,2866,0.7824,0.998,170,3441
itw_real,0.9614,0.95,34,0.95,0.8062,0.9493,0.9462,43230.88,False,96.48,83.31,54.98,76.15,96.68,82.46,84.83,88.07,96.68,82.46,96.48,83.31,97.12,89.89,0.1615,1.0,1802,1802,0.3674,0.9997,705,2902,0.8261,0.9997,184,3426
itw_real,0.9599,0.95,35,0.95,0.7975,0.9466,0.9443,42437.2,False,96.57,84.61,54.97,75.82,96.87,83.51,84.07,87.98,96.73,84.23,96.57,84.61,97.08,89.27,0.1602,1.0,1810,1815,0.3567,0.9993,729,2887,0.8238,0.9991,193,3417
itw_real,0.9704,0.95,36,0.95,0.8011,0.9406,0.9403,43772.51,False,96.87,88.09,55.2,76.11,97.22,85.27,84.68,89.57,96.85,87.92,96.87,88.09,97.5,91.47,0.162,1.0,1803,1828,0.3755,0.9997,719,2889,0.8318,0.9994,214,3387
itw_real,0.9658,0.95,37,0.95,0.8006,0.9473,0.9448,42590.35,False,96.75,85.34,55.25,76.13,97.0,84.21,84.62,88.75,96.83,84.44,96.75,85.34,97.23,91.0,0.1608,1.0,1804,1805,0.3689,0.9993,721,2886,0.8168,0.9994,191,3415
itw_real,0.9635,0.95,38,0.95,0.8098,0.9495,0.9463,43346.54,False,96.7,84.37,54.85,75.45,96.87,83.51,85.6,89.89,96.9,83.84,96.7,84.37,97.22,91.14,0.1611,1.0,1800,1810,0.3848,0.9983,686,2918,0.8242,0.9985,182,3419
itw_real,0.9629,0.95,39,0.95,0.8041,0.9485,0.9457,42992.32,False,96.9,85.74,54.97,75.82,97.1,84.74,84.93,89.07,96.98,84.68,96.9,85.74,97.52,90.28,0.1583,1.0,1807,1837,0.3688,0.999,705,2904,0.861,0.9985,187,3418
synth_auc0.65,0.6699,0.5,0,0.5,0.5076,0.4972,0.5005,339.74,False,62.65,62.65,62.67,62.67,62.67,62.67,62.58,62.58,62.72,62.72,62.65,62.65,62.92,62.92,0.6667,0.6856,1800,1800,0.6689,0.6836,1773,1827,0.6646,0.6849,1810,1790
synth_auc0.65,0.6545,0.5,1,0.5,0.4939,0.5129,0.5042,332.92,False,60.95,60.95,60.97,60.97,60.97,60.97,61.0,61.0,60.75,60.75,60.95,60.95,61.28,61.28,0.6522,0.6757,1800,1801,0.6539,0.6768,1823,1779,0.6556,0.6697,1754,1847
synth_auc0.65,0.6569,0.5,2,0.5,0.5152,0.538,0.51,349.76,False,61.63,61.63,61.67,61.67,61.67,61.67,61.65,61.65,61.37,61.37,61.63,61.63,61.83,61.83,0.6602,0.658,1801,1801,0.6607,0.655,1745,1855,0.6681,0.6562,1663,1937
synth_auc0.65,0.6628,0.5,3,0.5,0.5089,0.5251,0.507,265.37,False,62.23,62.23,62.07,62.07,62.07,62.07,62.13,62.13,61.98,61.98,62.23,62.23,62.2,62.2,0.6667,0.6728,1800,1800,0.6686,0.6681,1768,1832,0.6743,0.6642,1710,1891
synth_auc0.65,0.6575,0.5,4,0.5,0.5053,0.5595,0.515,342.31,False,61.33,61.33,61.73,61.73,61.73,61.73,61.7,61.7,60.85,60.85,61.33,61.33,61.73,61.73,0.655,0.66,1800,1800,0.6577,0.6581,1782,1819,0.6692,0.6524,1587,2014
synth_auc0.65,0.6577,0.5,5,0.5,0.5271,0.5373,0.5098,342.05,False,61.68,61.68,61.77,61.77,61.77,61.77,61.77,61.77,61.48,61.48,61.68,61.68,61.77,61.77,0.6535,0.6659,1801,1802,0.6594,0.6609,1703,1899,0.6585,0.6582,1666,1934
synth_auc0.65,0.6361,0.5,6,0.5,0.5278,0.5659,0.5165,294.88,False,60.62,60.62,60.67,60.67,60.67,60.67,60.5,60.5,60.17,60.17,60.62,60.62,60.87,60.87,0.64,0.6428,1800,1800,0.6418,0.6363,1700,1900,0.6449,0.6336,1563,2039
synth_auc0.65,0.6624,0.5,7,0.5,0.4937,0.5294,0.508,329.23,False,62.23,62.23,62.37,62.37,62.37,62.37,62.27,62.27,62.2,62.2,62.23,62.23,62.37,62.37,0.6606,0.6711,1800,1800,0.6604,0.671,1823,1778,0.6661,0.6642,1695,1906
synth_auc0.65,0.6508,0.5,8,0.5,0.5086,0.5623,0.5157,420.18,False,60.9,60.9,61.27,61.27,61.27,61.27,61.15,61.15,60.13,60.13,60.9,60.9,61.35,61.35,0.6383,0.6628,1800,1800,0.6393,0.6559,1769,1831,0.6542,0.6509,1576,2025
synth_auc0.65,0.6579,0.5,9,0.5,0.515,0.5201,0.5058,343.19,False,61.48,61.48,61.47,61.47,61.47,61.47,61.47,61.47,61.52,61.52,61.48,61.48,61.5,61.5,0.6667,0.6506,1800,1800,0.6718,0.6478,1746,1854,0.6748,0.6466,1728,1873
synth_auc0.65,0.6462,0.5,10,0.5,0.5175,0.5516,0.5132,298.34,False,60.35,60.35,60.57,60.57,60.57,60.57,60.45,60.45,60.75,60.75,60.35,60.35,60.82,60.82,0.6524,0.6585,1801,1801,0.6517,0.6497,1737,1864,0.6574,0.642,1614,1986
synth_auc0.65,0.6419,0.5,11,0.5,0.5012,0.5466,0.512,302.67,False,60.27,60.27,60.53,60.53,60.53,60.53,60.48,60.48,59.83,59.83,60.27,60.27,60.57,60.57,0.633,0.66,1801,1800,0.6322,0.6596,1797,1804,0.6349,0.6484,1635,1968
synth_auc0.65,0.6503,0.5,12,0.5,0.4761,0.5015,0.5015,306.16,False,61.35,61.35,61.33,61.33,61.33,61.33,61.35,61.35,61.35,61.35,61.35,61.35,61.5,61.5,0.6556,0.6522,1800,1800,0.6516,0.6558,1886,1714,0.6557,0.6504,1795,1805
synth_auc0.65,0.6593,0.5,13,0.5,0.5095,0.528,0.5077,308.43,False,61.73,61.73,61.83,61.83,61.83,61.83,61.68,61.68,61.63,61.63,61.73,61.73,62.23,62.23,0.6583,0.6794,1800,1800,0.657,0.6728,1767,1834,0.6637,0.6665,1701,1901
synth_auc0.65,0.6604,0.5,14,0.5,0.5248,0.5495,0.5127,339.57,False,61.3,61.3,61.53,61.53,61.53,61.53,61.32,61.32,61.05,61.05,61.3,61.3,61.82,61.82,0.6533,0.6761,1800,1800,0.6558,0.6651,1711,1890,0.6584,0.6648,1622,1978
synth_auc0.65,0.654,0.5,15,0.5,0.5089,0.5065,0.5027,313.03,False,62.07,62.07,62.2,62.2,62.2,62.2,61.95,61.95,62.05,62.05,62.07,62.07,62.33,62.33,0.6458,0.6661,1801,1800,0.6461,0.6659,1769,1832,0.6466,0.6661,1777,1824
synth_auc0.65,0.6652,0.5,16,0.5,0.4952,0.4965,0.5003,332.68,False,62.1,62.1,62.07,62.07,62.07,62.07,62.1,62.1,62.12,62.12,62.1,62.1,62.23,62.23,0.6724,0.6744,1801,1800,0.6703,0.6747,1817,1783,0.6713,0.6749,1813,1787
synth_auc0.65,0.6632,0.5,17,0.5,0.5182,0.5709,0.5177,299.47,False,62.1,62.1,62.22,62.22,62.22,62.22,62.12,62.12,61.57,61.57,62.1,62.1,62.3,62.3,0.66,0.6757,1800,1801,0.6642,0.6742,1736,1866,0.6777,0.6629,1545,2056
synth_auc0.65,0.6466,0.5,18,0.5,0.4844,0.5387,0.5102,289.55,False,60.92,60.92,61.28,61.28,61.28,61.28,61.07,61.07,60.45,60.45,60.92,60.92,61.28,61.28,0.6428,0.6458,1800,1801,0.6406,0.6508,1856,1744,0.6508,0.6407,1661,1940
synth_auc0.65,0.6663,0.5,19,0.5,0.5167,0.5688,0.5172,363.05,False,62.18,62.18,62.23,62.23,62.23,62.23,62.18,62.18,61.58,61.58,62.18,62.18,62.47,62.47,0.6667,0.6789,1800,1800,0.6686,0.6792,1741,1861,0.6834,0.668,1554,2048
synth_auc0.65,0.6477,0.5,20,0.5,0.4833,0.4929,0.4995,330.58,False,60.28,60.28,60.27,60.27,60.27,60.27,60.17,60.17,60.3,60.3,60.28,60.28,60.32,60.32,0.6533,0.66,1800,1800,0.6505,0.6582,1860,1741,0.6528,0.6592,1826,1775
synth_auc0.65,0.6337,0.5,21,0.5,0.5193,0.533,0.5088,253.32,False,59.58,59.58,59.65,59.65,59.65,59.65,59.57,59.57,59.4,59.4,59.58,59.58,59.82,59.82,0.6356,0.6356,1800,1800,0.6401,0.6285,1731,1871,0.6419,0.6323,1681,1920
synth_auc0.65,0.6461,0.5,22,0.5,0.4898,0.5308,0.5083,339.92,False,60.43,60.43,60.88,60.88,60.88,60.88,60.82,60.82,60.35,60.35,60.43,60.43,60.9,60.9,0.6461,0.6594,1800,1800,0.6473,0.6616,1837,1764,0.6495,0.6504,1689,1911
synth_auc0.65,0.6477,0.5,23,0.5,0.5349,0.5595,0.515,358.41,False,61.23,61.23,61.27,61.27,61.27,61.27,61.35,61.35,60.75,60.75,61.23,61.23,61.37,61.37,0.6511,0.6524,1800,1801,0.6521,0.645,1676,1927,0.6564,0.6442,1586,2015
synth_auc0.65,0.6618,0.5,24,0.5,0.5101,0.538,0.51,315.94,False,61.0,61.0,61.18,61.18,61.18,61.18,60.95,60.95,61.0,61.0,61.0,61.0,61.7,61.7,0.655,0.6706,1800,1800,0.6548,0.6661,1764,1839,0.6615,0.6629,1663,1937
synth_auc0.65,0.6588,0.5,25,0.5,0.5135,0.4965,0.5003,299.84,False,61.2,61.2,61.23,61.23,61.23,61.23,60.75,60.75,61.05,61.05,61.2,61.2,61.6,61.6,0.6624,0.6706,1801,1800,0.665,0.6663,1752,1849,0.6619,0.6715,1813,1787
synth_auc0.65,0.6645,0.5,26,0.5,0.4979,0.5222,0.5063,323.28,False,61.43,61.43,61.67,61.67,61.67,61.67,61.62,61.62,61.68,61.68,61.43,61.43,61.92,61.92,0.6689,0.678,1800,1801,0.6676,0.6788,1808,1793,0.6705,0.6734,1721,1880
synth_auc0.65,0.6611,0.5,27,0.5,0.4893,0.5323,0.5087,292.35,False,61.67,61.67,61.83,61.83,61.83,61.83,61.77,61.77,61.53,61.53,61.67,61.67,61.93,61.93,0.6578,0.6724,1800,1801,0.6571,0.6754,1840,1762,0.6633,0.6602,1684,1916
synth_auc0.65,0.6547,0.5,28,0.5,0.5103,0.5566,0.5143,316.64,False,61.4,61.4,61.57,61.57,61.57,61.57,61.5,61.5,60.7,60.7,61.4,61.4,61.8,61.8,0.655,0.67,1800,1800,0.6582,0.6658,1764,1837,0.6656,0.6602,1597,2004
synth_auc0.65,0.6567,0.5,29,0.5,0.5172,0.5,0.5012,356.71,False,60.85,60.85,60.88,60.88,60.88,60.88,60.75,60.75,60.88,60.88,60.85,60.85,61.63,61.63,0.6544,0.6744,1800,1800,0.6582,0.6715,1738,1863,0.6544,0.6744,1800,1800
synth_auc0.65,0.6545,0.5,30,0.5,0.4969,0.4771,0.4958,367.35,False,61.25,61.25,61.15,61.15,61.15,61.15,61.27,61.27,61.08,61.08,61.25,61.25,61.33,61.33,0.6561,0.6583,1800,1800,0.6538,0.6585,1811,1789,0.6511,0.663,1883,1718
synth_auc0.65,0.6734,0.5,31,0.5,0.508,0.5366,0.5097,327.13,False,62.4,62.4,62.73,62.73,62.73,62.73,62.47,62.47,62.18,62.18,62.4,62.4,62.97,62.97,0.6717,0.6889,1800,1800,0.6738,0.6867,1772,1829,0.6806,0.6806,1669,1932
synth_auc0.65,0.6497,0.5,32,0.5,0.487,0.4707,0.4943,325.63,False,60.83,60.83,60.93,60.93,60.93,60.93,61.0,61.0,61.0,61.0,60.83,60.83,61.3,61.3,0.6458,0.6572,1801,1800,0.6465,0.6619,1847,1754,0.6438,0.6631,1906,1695
synth_auc0.65,0.6609,0.5,33,0.5,0.526,0.5652,0.5163,319.15,False,61.4,61.4,61.77,61.77,61.77,61.77,61.3,61.3,61.02,61.02,61.4,61.4,62.32,62.32,0.653,0.6813,1801,1801,0.6591,0.6774,1707,1894,0.6769,0.6688,1566,2035
synth_auc0.65,0.6691,0.5,34,0.5,0.5021,0.5122,0.504,311.87,False,62.4,62.4,62.43,62.43,62.43,62.43,62.47,62.47,62.15,62.15,62.4,62.4,62.7,62.7,0.675,0.6783,1800,1800,0.6743,0.6792,1793,1808,0.676,0.679,1756,1844
synth_auc0.65,0.6471,0.5,35,0.5,0.5223,0.533,0.5088,313.4,False,60.95,60.95,60.97,60.97,60.97,60.97,60.85,60.85,61.03,61.03,60.95,60.95,61.12,61.12,0.6613,0.6435,1801,1801,0.6657,0.6404,1720,1880,0.6686,0.6401,1681,1920
synth_auc0.65,0.6446,0.5,36,0.5,0.5144,0.5158,0.5048,328.69,False,60.48,60.48,60.45,60.45,60.45,60.45,60.37,60.37,60.25,60.25,60.48,60.48,60.67,60.67,0.6344,0.6556,1800,1800,0.6367,0.6523,1748,1852,0.6386,0.6521,1743,1857
synth_auc0.65,0.6641,0.5,37,0.5,0.5121,0.5509,0.513,319.43,False,62.67,62.67,63.02,63.02,63.02,63.02,62.68,62.68,62.22,62.22,62.67,62.67,63.02,63.02,0.6657,0.6694,1801,1800,0.6684,0.6643,1758,1844,0.6759,0.6573,1617,1984
synth_auc0.65,0.6544,0.5,38,0.5,0.4974,0.5,0.5012,289.74,False,61.32,61.32,61.33,61.33,61.33,61.33,61.28,61.28,61.33,61.33,61.32,61.32,61.62,61.62,0.6578,0.6596,1800,1801,0.6558,0.6618,1810,1792,0.6578,0.6596,1800,1801
synth_auc0.65,0.6653,0.5,39,0.5,0.5141,0.5244,0.5068,412.44,False,62.92,62.92,63.0,63.0,63.0,63.0,62.62,62.62,62.3,62.3,62.92,62.92,63.07,63.07,0.6667,0.6774,1800,1801,0.6691,0.6685,1750,1852,0.6723,0.6679,1712,1888
synth_auc0.65,0.6494,0.6,0,0.6,0.4875,0.6139,0.5277,299.06,False,60.63,60.5,60.23,60.66,61.3,59.69,60.1,60.78,61.42,59.51,60.63,60.5,63.42,61.03,0.5361,0.7539,1800,1800,0.5333,0.7538,1845,1755,0.5669,0.7394,1390,2210
synth_auc0.65,0.6608,0.6,1,0.6,0.4905,0.5939,0.523,334.29,False,61.53,61.53,61.23,61.7,62.4,60.83,61.02,61.67,62.28,60.84,61.53,61.53,64.02,61.74,0.558,0.7656,1801,1800,0.5594,0.7673,1834,1766,0.5759,0.7521,1462,2138
synth_auc0.65,0.6487,0.6,2,0.6,0.5196,0.6354,0.5327,309.74,False,61.13,60.92,60.4,60.83,62.0,60.42,61.03,61.08,62.8,60.51,61.13,60.92,63.13,61.32,0.5506,0.7483,1800,1800,0.55,0.744,1731,1871,0.5605,0.7312,1313,2288
synth_auc0.65,0.6572,0.6,3,0.6,0.502,0.6282,0.531,325.31,False,61.13,60.95,60.5,60.94,62.23,60.66,60.6,61.0,62.65,60.51,61.13,60.95,63.88,61.6,0.5533,0.7578,1800,1800,0.5526,0.7576,1795,1807,0.5803,0.7401,1339,2262
synth_auc0.65,0.6662,0.6,4,0.6,0.5258,0.6204,0.5292,274.55,False,62.22,62.12,61.6,62.08,62.95,61.4,62.42,62.4,63.27,61.31,62.22,62.12,64.13,62.35,0.563,0.7679,1801,1801,0.5688,0.7676,1707,1893,0.586,0.7493,1367,2234
synth_auc0.65,0.6623,0.6,5,0.6,0.5101,0.6719,0.5412,301.01,False,62.65,62.32,61.68,62.17,63.4,61.87,61.95,62.24,64.17,61.17,62.65,62.32,64.63,62.54,0.5733,0.7479,1800,1801,0.5737,0.748,1764,1837,0.613,0.7321,1181,2419
synth_auc0.65,0.6616,0.6,6,0.6,0.5079,0.6805,0.5432,362.93,False,62.65,62.28,61.65,62.13,62.93,61.39,61.77,62.09,63.82,60.63,62.65,62.28,64.15,62.37,0.5674,0.7574,1803,1801,0.5688,0.7562,1772,1829,0.5986,0.7327,1151,2450
synth_auc0.65,0.663,0.6,7,0.6,0.5232,0.6619,0.5388,339.82,False,62.32,62.02,61.63,62.12,63.22,61.68,62.12,62.14,63.88,61.09,62.32,62.02,64.35,62.23,0.5694,0.7568,1800,1801,0.5725,0.7569,1717,1884,0.6048,0.7348,1217,2383
synth_auc0.65,0.6546,0.6,8,0.6,0.5175,0.6469,0.5353,335.28,False,61.63,61.38,61.33,61.81,61.97,60.38,61.45,61.56,62.25,59.7,61.63,61.38,63.45,62.09,0.5422,0.7562,1800,1801,0.546,0.7563,1738,1863,0.5761,0.7395,1274,2330
synth_auc0.65,0.6613,0.6,9,0.6,0.511,0.5881,0.5217,344.55,False,61.73,61.77,61.23,61.7,62.98,61.44,61.57,61.82,62.95,61.65,61.73,61.77,64.27,62.03,0.5608,0.7607,1801,1801,0.5645,0.7588,1761,1841,0.5806,0.745,1483,2118
synth_auc0.65,0.6547,0.6,10,0.6,0.5297,0.6505,0.5362,320.46,False,61.12,60.83,60.4,60.83,62.17,60.59,61.23,61.08,62.75,60.14,61.12,60.83,63.92,61.08,0.5591,0.7535,1801,1801,0.5673,0.7499,1694,1907,0.587,0.7314,1259,2342
synth_auc0.65,0.6612,0.6,11,0.6,0.5036,0.6497,0.536,324.92,False,61.8,61.54,60.87,61.32,63.02,61.47,60.85,61.22,63.6,61.05,61.8,61.54,63.77,61.72,0.56,0.7522,1800,1800,0.5602,0.7519,1787,1814,0.5797,0.7354,1261,2339
synth_auc0.65,0.6656,0.6,12,0.6,0.4939,0.5838,0.5207,354.28,False,62.37,62.45,61.78,62.27,62.93,61.39,61.57,62.17,63.03,61.83,62.37,62.45,64.38,62.58,0.5656,0.765,1800,1800,0.567,0.7666,1822,1778,0.5808,0.7479,1498,2102
synth_auc0.65,0.6542,0.6,13,0.6,0.5127,0.6247,0.5302,355.19,False,61.52,61.37,61.03,61.49,62.1,60.52,61.33,61.54,62.1,60.01,61.52,61.37,63.33,61.63,0.5456,0.7556,1800,1800,0.5447,0.7515,1755,1847,0.5735,0.735,1353,2249
synth_auc0.65,0.6507,0.6,14,0.6,0.5341,0.6247,0.5302,388.95,False,61.32,61.16,60.6,61.04,62.03,60.45,61.37,61.13,62.45,60.37,61.32,61.16,63.75,61.53,0.5575,0.7439,1801,1800,0.5626,0.7384,1678,1923,0.5736,0.7323,1351,2249
synth_auc0.65,0.6546,0.6,15,0.6,0.5217,0.6691,0.5405,320.66,False,61.65,61.29,60.25,60.67,62.22,60.64,61.25,61.26,63.13,60.16,61.65,61.29,63.62,61.47,0.5572,0.7528,1800,1800,0.5566,0.7529,1723,1878,0.5842,0.7244,1193,2409
synth_auc0.65,0.656,0.6,16,0.6,0.4936,0.5874,0.5215,291.55,False,61.12,61.13,60.83,61.28,61.97,60.38,60.63,61.21,61.63,60.3,61.12,61.13,63.67,61.43,0.5517,0.7589,1800,1800,0.5526,0.7608,1824,1777,0.5713,0.7437,1486,2115
synth_auc0.65,0.6601,0.6,17,0.6,0.5037,0.6204,0.5292,289.33,False,62.18,62.08,61.5,61.98,63.13,61.6,61.62,62.02,63.53,61.59,62.18,62.08,64.4,62.31,0.5678,0.755,1800,1800,0.5691,0.7525,1787,1814,0.5911,0.7431,1367,2234
synth_auc0.65,0.6536,0.6,18,0.6,0.5213,0.6039,0.5253,319.34,False,61.37,61.31,60.67,61.11,62.23,60.66,61.42,61.44,62.12,60.46,61.37,61.31,64.17,61.51,0.5519,0.7463,1801,1801,0.5566,0.7455,1723,1878,0.582,0.7337,1426,2174
synth_auc0.65,0.6672,0.6,19,0.6,0.5021,0.601,0.5247,326.78,False,62.17,62.16,62.1,62.6,63.48,61.96,62.08,62.54,63.53,61.99,62.17,62.16,64.57,62.6,0.5656,0.7639,1800,1800,0.5655,0.7633,1793,1808,0.5866,0.7542,1437,2164
synth_auc0.65,0.6458,0.6,20,0.6,0.5371,0.6562,0.5375,369.45,False,60.82,60.49,60.27,60.69,61.6,60.0,60.8,60.48,61.98,59.22,60.82,60.49,63.67,60.95,0.5439,0.7422,1800,1800,0.5537,0.7385,1667,1935,0.5856,0.7241,1238,2363
synth_auc0.65,0.6529,0.6,21,0.6,0.5221,0.6626,0.539,258.06,False,61.0,60.65,60.43,60.87,62.13,60.56,60.73,60.72,62.37,59.49,61.0,60.65,63.55,61.15,0.5461,0.7567,1800,1800,0.5491,0.7527,1721,1880,0.5855,0.7309,1216,2386
synth_auc0.65,0.6574,0.6,22,0.6,0.541,0.659,0.5382,357.48,False,61.75,61.44,61.07,61.53,62.3,60.73,61.8,61.44,62.6,59.81,61.75,61.44,63.85,61.94,0.5472,0.7617,1800,1800,0.5517,0.7532,1653,1949,0.5896,0.7393,1228,2374
synth_auc0.65,0.6499,0.6,23,0.6,0.5412,0.6433,0.5345,298.48,False,60.98,60.72,60.43,60.87,61.3,59.69,60.82,60.41,62.0,59.51,60.98,60.72,63.25,61.03,0.5433,0.7583,1800,1800,0.5442,0.7464,1652,1948,0.5696,0.7301,1285,2316
synth_auc0.65,0.6484,0.6,24,0.6,0.5085,0.6032,0.5252,346.62,False,60.65,60.57,60.57,61.01,61.85,60.26,60.58,60.85,61.98,60.33,60.65,60.57,63.2,61.53,0.543,0.7483,1801,1800,0.5471,0.7455,1771,1831,0.5584,0.7376,1429,2172
synth_auc0.65,0.6767,0.6,25,0.6,0.5112,0.6118,0.5272,317.8,False,62.95,62.92,62.0,62.5,63.7,62.19,62.47,62.75,63.98,62.24,62.95,62.92,65.05,62.99,0.58,0.7789,1800,1800,0.5809,0.7745,1761,1840,0.6073,0.7562,1398,2203
synth_auc0.65,0.654,0.6,26,0.6,0.4903,0.5989,0.5242,297.39,False,61.55,61.53,61.23,61.7,62.47,60.9,60.83,61.49,62.52,60.98,61.55,61.53,63.6,61.74,0.55,0.7478,1800,1800,0.5471,0.7479,1835,1765,0.5612,0.737,1445,2156
synth_auc0.65,0.6635,0.6,27,0.6,0.508,0.606,0.5258,329.06,False,62.52,62.5,62.08,62.58,63.37,61.84,62.37,62.72,63.43,61.78,62.52,62.5,64.63,62.76,0.5722,0.7461,1800,1800,0.5737,0.7469,1771,1829,0.5962,0.7337,1419,2182
synth_auc0.65,0.6567,0.6,28,0.6,0.5053,0.6261,0.5305,348.08,False,61.82,61.67,60.67,61.11,62.58,61.02,60.87,61.21,62.9,60.81,61.82,61.67,63.67,61.76,0.5533,0.7517,1800,1800,0.5542,0.7527,1781,1820,0.5721,0.7343,1346,2254
synth_auc0.65,0.6706,0.6,29,0.6,0.5235,0.634,0.5323,378.5,False,63.17,63.04,62.0,62.5,64.07,62.57,62.98,63.03,64.53,62.35,63.17,63.04,65.03,63.13,0.5811,0.7578,1800,1800,0.5868,0.7576,1716,1885,0.5986,0.7432,1318,2282
synth_auc0.65,0.6661,0.6,30,0.6,0.5064,0.586,0.5212,345.02,False,62.22,62.28,61.7,62.19,63.03,61.49,62.03,62.4,62.83,61.58,62.22,62.28,64.43,62.42,0.568,0.7672,1801,1800,0.5686,0.763,1778,1823,0.5875,0.7559,1491,2110
synth_auc0.65,0.6586,0.6,31,0.6,0.5329,0.6447,0.5348,322.46,False,62.05,61.83,61.23,61.69,62.45,60.88,62.15,61.97,62.7,60.22,62.05,61.83,63.52,62.02,0.5511,0.7601,1800,1801,0.5606,0.7546,1682,1919,0.5786,0.735,1279,2321
synth_auc0.65,0.6595,0.6,32,0.6,0.4999,0.6125,0.5273,368.07,False,61.7,61.62,60.9,61.35,62.85,61.3,60.9,61.35,62.95,61.14,61.7,61.62,64.18,61.75,0.5611,0.7567,1800,1800,0.5611,0.7567,1800,1800,0.5785,0.7452,1395,2206
synth_auc0.65,0.6429,0.6,33,0.6,0.4982,0.6275,0.5308,343.72,False,61.08,60.9,60.03,60.45,62.0,60.42,59.95,60.4,62.55,60.42,61.08,60.9,63.2,60.91,0.5433,0.7428,1800,1800,0.5445,0.7432,1807,1795,0.5697,0.7198,1341,2259
synth_auc0.65,0.6721,0.6,34,0.6,0.497,0.6017,0.5248,353.47,False,62.15,62.14,62.0,62.5,63.73,62.22,61.85,62.4,63.68,62.13,62.15,62.14,64.88,62.55,0.5756,0.7639,1800,1800,0.5737,0.7627,1811,1791,0.5948,0.7479,1434,2166
synth_auc0.65,0.6657,0.6,35,0.6,0.4903,0.5674,0.5168,389.33,False,62.38,62.55,62.03,62.53,63.7,62.19,61.85,62.54,63.03,62.17,62.38,62.55,64.65,62.66,0.5733,0.7618,1800,1801,0.5722,0.7609,1835,1765,0.5822,0.7494,1558,2043
synth_auc0.65,0.6558,0.6,36,0.6,0.4975,0.5738,0.5183,380.94,False,61.67,61.77,61.2,61.66,62.53,60.97,61.07,61.58,62.05,61.01,61.67,61.77,63.55,61.91,0.5578,0.7481,1800,1802,0.5561,0.7504,1809,1791,0.5648,0.7439,1535,2066
synth_auc0.65,0.6607,0.6,37,0.6,0.5253,0.6347,0.5325,347.81,False,61.75,61.56,61.37,61.84,62.27,60.69,61.77,61.73,62.63,60.35,61.75,61.56,64.12,62.11,0.5556,0.7578,1800,1800,0.5623,0.7583,1709,1891,0.5881,0.74,1316,2285
synth_auc0.65,0.6578,0.6,38,0.6,0.4888,0.576,0.5188,290.98,False,61.38,61.47,60.97,61.42,62.33,60.76,60.68,61.36,62.13,61.06,61.38,61.47,63.97,61.69,0.5611,0.7511,1800,1800,0.5587,0.7507,1840,1761,0.5717,0.743,1527,2074
synth_auc0.65,0.667,0.6,39,0.6,0.5144,0.6082,0.5263,353.84,False,62.43,62.4,61.93,62.43,63.65,62.13,62.47,62.69,63.7,62.01,62.43,62.4,64.52,62.65,0.5672,0.7675,1800,1802,0.5677,0.7673,1751,1852,0.5953,0.7522,1411,2191
synth_auc0.65,0.6562,0.7,0,0.7,0.5113,0.7013,0.548,371.94,False,62.2,62.24,60.07,61.98,66.68,60.33,60.7,62.2,66.67,60.25,62.2,62.24,70.82,62.46,0.4442,0.8233,1801,1800,0.4472,0.8235,1760,1841,0.4619,0.8131,1076,2525
synth_auc0.65,0.6562,0.7,1,0.7,0.5177,0.702,0.5482,356.31,False,61.35,61.22,59.47,61.27,66.88,60.57,60.4,61.54,67.07,60.68,61.35,61.22,70.75,61.6,0.4486,0.8233,1801,1800,0.4533,0.823,1736,1864,0.5074,0.8089,1074,2527
synth_auc0.65,0.6606,0.7,2,0.7,0.5215,0.7371,0.5563,321.59,False,62.03,61.64,59.57,61.39,66.63,60.28,60.52,61.5,67.38,59.4,62.03,61.64,71.17,61.81,0.4439,0.8328,1800,1800,0.4463,0.8328,1723,1878,0.4974,0.8093,947,2654
synth_auc0.65,0.6631,0.7,3,0.7,0.5161,0.7185,0.552,326.04,False,62.5,62.4,60.18,62.12,67.3,61.07,60.63,61.9,67.97,60.96,62.5,62.4,70.62,62.53,0.455,0.8322,1800,1800,0.4581,0.8305,1742,1858,0.497,0.8114,1014,2587
synth_auc0.65,0.655,0.7,4,0.7,0.5217,0.6934,0.5462,325.6,False,61.55,61.55,59.63,61.47,67.2,60.95,60.6,61.59,66.8,60.79,61.55,61.55,70.88,61.76,0.4533,0.8161,1800,1800,0.4524,0.8163,1722,1878,0.4837,0.8133,1104,2496
synth_auc0.65,0.6532,0.7,5,0.7,0.5198,0.7142,0.551,389.56,False,61.63,61.42,59.75,61.6,65.67,59.11,60.55,61.62,66.08,58.95,61.63,61.42,70.98,61.89,0.427,0.8289,1801,1800,0.4309,0.8285,1729,1872,0.4626,0.8059,1029,2571
synth_auc0.65,0.6611,0.7,6,0.7,0.514,0.7092,0.5498,355.29,False,61.88,61.77,59.97,61.85,65.63,59.09,60.57,61.91,65.95,59.03,61.88,61.77,70.78,62.13,0.4272,0.8378,1800,1800,0.4297,0.8379,1750,1851,0.4814,0.8167,1047,2553
synth_auc0.65,0.654,0.7,7,0.7,0.5224,0.7271,0.554,434.52,False,61.57,61.2,59.33,61.11,66.47,60.08,60.27,61.16,67.07,59.51,61.57,61.2,70.58,61.47,0.4411,0.8294,1800,1800,0.4416,0.8293,1721,1881,0.4629,0.8044,983,2618
synth_auc0.65,0.6717,0.7,8,0.7,0.531,0.7386,0.5567,372.71,False,63.0,62.78,60.17,62.1,68.03,61.94,61.7,62.45,68.78,61.0,63.0,62.78,71.77,62.85,0.4672,0.8306,1800,1800,0.4672,0.8337,1691,1912,0.5297,0.8142,942,2659
synth_auc0.65,0.6454,0.7,9,0.7,0.5207,0.7386,0.5567,323.51,False,60.73,60.08,58.1,59.64,65.83,59.33,59.22,59.98,66.88,58.74,60.73,60.08,70.88,60.34,0.4306,0.8246,1800,1802,0.4334,0.8213,1726,1875,0.4899,0.7958,945,2659
synth_auc0.65,0.6571,0.7,10,0.7,0.5149,0.6848,0.5442,413.99,False,60.95,60.93,59.35,61.12,66.38,59.97,59.75,60.9,66.13,60.4,60.95,60.93,70.43,61.27,0.4392,0.8383,1801,1800,0.4402,0.8376,1747,1854,0.467,0.8134,1137,2465
synth_auc0.65,0.656,0.7,11,0.7,0.5204,0.7622,0.5622,346.74,False,62.08,61.42,59.27,61.03,67.03,60.75,60.28,61.27,68.78,59.88,62.08,61.42,70.77,61.5,0.4506,0.8189,1800,1800,0.4551,0.8218,1727,1874,0.5035,0.8032,856,2744
synth_auc0.65,0.6491,0.7,12,0.7,0.5016,0.7135,0.5508,335.0,False,60.95,60.62,58.73,60.4,66.07,59.6,58.7,60.28,66.78,59.81,60.95,60.62,70.75,60.92,0.4344,0.8256,1800,1800,0.4354,0.8256,1796,1806,0.4835,0.8042,1032,2569
synth_auc0.65,0.6451,0.7,13,0.7,0.4998,0.6791,0.5428,348.84,False,60.18,60.08,58.87,60.54,65.68,59.12,58.87,60.54,64.63,58.9,60.18,60.08,70.62,60.79,0.427,0.8206,1801,1800,0.427,0.8206,1801,1800,0.4593,0.8074,1156,2446
synth_auc0.65,0.663,0.7,14,0.7,0.5321,0.7522,0.5598,348.72,False,62.42,61.93,59.67,61.51,67.6,61.43,61.28,61.9,68.92,60.51,62.42,61.93,71.1,62.01,0.46,0.8261,1800,1800,0.4682,0.8252,1685,1916,0.5145,0.8028,894,2708
synth_auc0.65,0.6658,0.7,15,0.7,0.509,0.6798,0.543,336.82,False,62.23,62.52,60.52,62.51,67.53,61.35,60.9,62.55,66.55,61.14,62.23,62.52,71.02,62.81,0.4589,0.8367,1800,1800,0.4604,0.8369,1768,1833,0.4918,0.8222,1153,2447
synth_auc0.65,0.665,0.7,16,0.7,0.5172,0.7135,0.5508,336.76,False,62.52,62.48,60.4,62.38,67.0,60.71,60.98,62.26,67.45,60.61,62.52,62.48,71.1,62.58,0.45,0.8322,1800,1800,0.4557,0.8308,1738,1862,0.5082,0.817,1033,2569
synth_auc0.65,0.6474,0.7,17,0.7,0.5036,0.7006,0.5478,302.91,False,61.28,61.15,59.33,61.11,65.77,59.25,59.45,61.07,65.82,59.28,61.28,61.15,70.7,61.33,0.4294,0.8211,1800,1800,0.4292,0.822,1787,1815,0.4703,0.8025,1078,2522
synth_auc0.65,0.6637,0.7,18,0.7,0.5052,0.6712,0.541,395.5,False,61.3,61.5,59.72,61.56,66.6,60.24,59.82,61.44,65.12,59.85,61.3,61.5,71.5,61.74,0.4433,0.8333,1800,1800,0.4444,0.8323,1782,1819,0.5008,0.8138,1184,2417
synth_auc0.65,0.6533,0.7,19,0.7,0.5155,0.7164,0.5515,373.11,False,60.92,60.54,59.0,60.71,65.97,59.48,59.55,60.63,66.2,58.98,60.92,60.54,71.2,61.02,0.4328,0.8222,1800,1800,0.4352,0.8244,1744,1857,0.4966,0.8081,1021,2579
synth_auc0.65,0.6535,0.7,20,0.7,0.5304,0.76,0.5617,347.47,False,62.1,61.47,59.6,61.43,66.03,59.55,61.0,61.65,67.6,58.57,62.1,61.47,70.6,61.75,0.4331,0.8368,1801,1801,0.4356,0.8356,1692,1910,0.4896,0.799,864,2736
synth_auc0.65,0.66,0.7,21,0.7,0.513,0.7135,0.5508,279.56,False,62.38,62.32,60.3,62.26,66.35,59.93,60.8,62.24,66.78,59.81,62.38,62.32,70.82,62.49,0.4386,0.8294,1801,1800,0.4427,0.8289,1753,1847,0.4913,0.8128,1032,2569
synth_auc0.65,0.6542,0.7,22,0.7,0.5261,0.7006,0.5478,396.3,False,60.68,60.44,59.23,60.99,66.0,59.52,59.9,60.53,66.02,59.52,60.68,60.44,70.72,61.41,0.4333,0.8283,1800,1800,0.44,0.8273,1707,1894,0.4805,0.8125,1078,2522
synth_auc0.65,0.6644,0.7,23,0.7,0.5393,0.7257,0.5537,336.03,False,62.13,61.89,59.5,61.31,67.32,61.08,61.35,61.63,68.0,60.68,62.13,61.89,70.82,61.95,0.4545,0.8372,1802,1800,0.4641,0.8291,1659,1943,0.503,0.8074,988,2612
synth_auc0.65,0.6583,0.7,24,0.7,0.497,0.6698,0.5407,327.94,False,61.57,61.83,59.98,61.88,66.75,60.41,59.95,61.98,65.45,60.31,61.57,61.83,70.62,62.38,0.4453,0.8283,1801,1800,0.4456,0.829,1811,1789,0.4701,0.8217,1189,2412
synth_auc0.65,0.6458,0.7,25,0.7,0.5128,0.7271,0.554,362.7,False,60.53,59.97,58.8,60.48,64.93,58.25,59.25,60.4,65.87,58.08,60.53,59.97,70.67,60.69,0.4156,0.8294,1800,1800,0.4168,0.8284,1754,1847,0.4669,0.7987,983,2618
synth_auc0.65,0.6452,0.7,26,0.7,0.5176,0.677,0.5423,337.3,False,61.03,61.12,59.3,61.07,65.6,59.05,60.03,61.1,65.07,59.51,61.03,61.12,70.42,61.44,0.4267,0.825,1800,1800,0.4312,0.8245,1737,1863,0.4588,0.8047,1164,2437
synth_auc0.65,0.658,0.7,27,0.7,0.5117,0.6519,0.5365,369.29,False,61.05,61.42,59.5,61.31,66.47,60.08,60.17,61.55,64.98,60.61,61.05,61.42,70.98,61.71,0.4411,0.8283,1800,1800,0.4425,0.8284,1758,1842,0.4729,0.8121,1254,2347
synth_auc0.65,0.6594,0.7,28,0.7,0.5084,0.7013,0.548,293.03,False,61.5,61.4,59.23,60.99,66.87,60.56,59.48,60.88,66.9,60.52,61.5,61.4,71.13,61.5,0.4478,0.8322,1800,1800,0.4495,0.8308,1771,1832,0.487,0.8063,1076,2525
synth_auc0.65,0.6463,0.7,29,0.7,0.5271,0.7586,0.5613,336.35,False,61.3,60.53,58.63,60.28,66.1,59.64,59.48,60.0,67.58,58.62,61.3,60.53,70.83,60.63,0.435,0.8161,1800,1800,0.4433,0.8119,1703,1898,0.4925,0.7909,869,2731
synth_auc0.65,0.662,0.7,30,0.7,0.5352,0.6941,0.5463,376.75,False,62.13,62.24,60.0,61.9,67.5,61.31,61.72,62.27,67.27,61.3,62.13,62.24,70.97,62.36,0.4583,0.8278,1800,1800,0.4591,0.8262,1675,1928,0.4909,0.8167,1102,2499
synth_auc0.65,0.6608,0.7,31,0.7,0.5199,0.75,0.5593,365.5,False,62.4,61.94,59.78,61.64,66.63,60.28,60.7,61.79,67.95,59.46,62.4,61.94,70.75,62.03,0.4439,0.8333,1800,1800,0.4497,0.8317,1728,1872,0.5006,0.807,901,2700
synth_auc0.65,0.6598,0.7,32,0.7,0.5022,0.6676,0.5402,317.12,False,61.55,61.84,60.02,61.92,65.92,59.42,60.08,61.9,64.85,59.69,61.55,61.84,70.98,62.29,0.4312,0.8389,1802,1800,0.4319,0.8396,1792,1808,0.4791,0.8183,1198,2405
synth_auc0.65,0.6597,0.7,33,0.7,0.5366,0.7192,0.5522,304.56,False,61.75,61.5,59.6,61.43,66.77,60.44,61.13,61.51,67.25,60.1,61.75,61.5,70.88,61.63,0.4461,0.8346,1800,1802,0.4508,0.8288,1668,1933,0.4916,0.8049,1011,2589
synth_auc0.65,0.6548,0.7,34,0.7,0.5149,0.6884,0.545,331.6,False,61.37,61.39,59.68,61.52,66.13,59.68,60.32,61.58,65.83,59.88,61.37,61.39,70.58,61.71,0.4356,0.83,1800,1800,0.4316,0.829,1747,1854,0.4626,0.8107,1122,2478
synth_auc0.65,0.6439,0.7,35,0.7,0.5289,0.7586,0.5613,385.67,False,61.43,60.69,58.87,60.56,65.57,59.01,60.18,60.75,66.55,57.39,61.43,60.69,70.32,61.12,0.4261,0.82,1800,1800,0.4281,0.8193,1696,1904,0.4741,0.7971,869,2731
synth_auc0.65,0.6532,0.7,36,0.7,0.5386,0.7429,0.5577,354.1,False,61.33,60.75,59.12,60.85,66.1,59.64,60.77,60.98,67.32,59.05,61.33,60.75,70.98,61.12,0.435,0.8306,1800,1800,0.4443,0.8272,1661,1939,0.4978,0.8022,926,2674
synth_auc0.65,0.6504,0.7,37,0.7,0.521,0.745,0.5582,354.22,False,61.62,61.06,59.4,61.19,65.27,58.65,60.37,61.34,66.83,58.37,61.62,61.06,70.85,61.54,0.4211,0.824,1800,1801,0.422,0.8216,1725,1878,0.4973,0.8076,919,2682
synth_auc0.65,0.6546,0.7,38,0.7,0.521,0.7228,0.553,353.34,False,61.9,61.64,59.1,60.83,66.2,59.76,60.4,61.38,66.87,59.46,61.9,61.64,70.92,62.0,0.4367,0.8261,1800,1800,0.4397,0.8252,1726,1876,0.478,0.8018,998,2604
synth_auc0.65,0.648,0.7,39,0.7,0.5059,0.7063,0.5492,317.43,False,61.08,60.85,59.2,60.95,65.43,58.85,59.52,61.05,65.63,58.77,61.08,60.85,70.6,61.21,0.4239,0.8244,1800,1800,0.4255,0.8254,1779,1821,0.4518,0.8101,1058,2543
synth_auc0.65,0.6426,0.8,0,0.8,0.5297,0.836,0.5793,301.43,False,61.17,60.01,56.43,60.05,72.9,57.66,58.17,59.98,74.65,57.0,61.17,60.01,80.07,60.5,0.2967,0.8856,1800,1800,0.3001,0.8847,1693,1908,0.3892,0.8635,591,3010
synth_auc0.65,0.6485,0.8,1,0.8,0.5472,0.8618,0.5853,315.54,False,62.23,61.11,56.95,60.84,72.87,57.6,59.85,60.97,76.2,57.03,62.23,61.11,80.1,61.27,0.2972,0.8933,1800,1800,0.3049,0.8904,1630,1970,0.4036,0.8646,498,3102
synth_auc0.65,0.6408,0.8,2,0.8,0.529,0.8002,0.571,384.22,False,60.6,59.91,56.53,60.21,73.3,58.28,58.17,60.04,73.28,58.24,60.6,59.91,80.37,60.43,0.2978,0.8801,1800,1801,0.3013,0.8793,1696,1905,0.3634,0.8678,721,2882
synth_auc0.65,0.6505,0.8,3,0.8,0.5418,0.8446,0.5813,382.63,False,62.47,61.85,57.6,61.87,73.23,58.18,60.12,61.89,75.33,57.27,62.47,61.85,80.13,62.08,0.3024,0.8895,1802,1801,0.3048,0.8883,1650,1951,0.3732,0.8757,560,3040
synth_auc0.65,0.6583,0.8,4,0.8,0.5406,0.856,0.584,363.33,False,62.37,61.45,57.0,60.94,73.87,59.17,59.68,61.33,76.23,57.61,62.37,61.45,80.4,61.58,0.3106,0.8978,1800,1800,0.3168,0.8957,1654,1946,0.3935,0.8673,521,3082
synth_auc0.65,0.6658,0.8,5,0.8,0.5374,0.7966,0.5702,364.8,False,62.58,63.08,58.03,62.55,73.43,58.49,60.5,62.91,73.25,58.53,62.58,63.08,79.97,63.15,0.3106,0.9,1800,1800,0.3151,0.8951,1666,1935,0.3656,0.8815,733,2868
synth_auc0.65,0.6587,0.8,6,0.8,0.5439,0.798,0.5705,379.92,False,61.25,60.97,56.95,60.84,74.0,59.38,59.72,61.07,73.83,59.3,61.25,60.97,80.13,61.69,0.3222,0.8906,1800,1800,0.3331,0.8897,1642,1958,0.3654,0.8723,728,2873
synth_auc0.65,0.6535,0.8,7,0.8,0.5251,0.798,0.5705,339.99,False,61.68,61.65,57.1,61.09,73.6,58.75,58.97,61.67,73.57,58.85,61.68,61.65,80.0,61.73,0.31,0.8839,1800,1800,0.3103,0.8852,1711,1891,0.3764,0.8698,728,2873
synth_auc0.65,0.6678,0.8,8,0.8,0.5428,0.8245,0.5767,365.59,False,62.23,61.93,57.63,61.93,74.45,60.06,60.37,62.17,75.48,59.4,62.23,61.93,80.35,62.43,0.3156,0.8951,1800,1802,0.3267,0.8966,1647,1954,0.413,0.8774,632,2968
synth_auc0.65,0.6613,0.8,9,0.8,0.5095,0.8238,0.5765,327.27,False,62.12,61.76,57.63,61.93,73.22,58.14,58.13,61.8,74.2,57.47,62.12,61.76,80.23,62.16,0.3089,0.9006,1800,1800,0.3107,0.8992,1767,1835,0.3654,0.8759,635,2966
synth_auc0.65,0.6483,0.8,10,0.8,0.5308,0.8259,0.577,409.66,False,61.5,60.75,56.7,60.47,73.83,59.11,58.55,60.47,74.58,57.86,61.5,60.75,80.28,61.09,0.3039,0.8889,1800,1800,0.3091,0.8838,1689,1911,0.378,0.8685,627,2974
synth_auc0.65,0.6556,0.8,11,0.8,0.5458,0.8625,0.5855,351.78,False,62.68,61.8,57.2,61.25,73.6,58.75,60.15,61.56,76.15,56.88,62.68,61.8,80.2,61.83,0.3039,0.8917,1800,1800,0.3138,0.888,1635,1965,0.3783,0.8706,497,3106
synth_auc0.65,0.6695,0.8,12,0.8,0.5268,0.8095,0.5732,435.62,False,62.12,62.07,57.82,62.2,74.0,59.38,59.33,62.05,74.52,59.29,62.12,62.07,80.22,62.21,0.3161,0.9001,1800,1801,0.3234,0.8978,1704,1898,0.4096,0.8782,686,2914
synth_auc0.65,0.6634,0.8,13,0.8,0.5423,0.8553,0.5838,369.68,False,62.75,62.06,57.57,61.82,73.83,59.11,60.6,62.59,76.07,57.42,62.75,62.06,80.52,62.56,0.3144,0.8961,1800,1800,0.3222,0.8888,1648,1952,0.4061,0.876,522,3080
synth_auc0.65,0.656,0.8,14,0.8,0.5364,0.8259,0.577,385.71,False,61.93,61.43,57.17,61.2,73.78,59.02,59.3,61.13,74.78,58.18,61.93,61.43,80.4,61.51,0.3078,0.8889,1800,1800,0.3122,0.8887,1669,1932,0.378,0.8718,627,2973
synth_auc0.65,0.6476,0.8,15,0.8,0.5314,0.8259,0.577,388.73,False,61.4,60.59,56.75,60.53,72.73,57.4,58.83,60.83,73.78,56.61,61.4,60.59,79.93,60.91,0.3048,0.8933,1801,1800,0.3059,0.8866,1687,1913,0.3461,0.8681,627,2973
synth_auc0.65,0.6533,0.8,16,0.8,0.5197,0.8102,0.5733,338.63,False,61.87,61.67,57.3,61.41,73.2,58.13,58.5,61.44,73.82,58.14,61.87,61.67,80.2,61.83,0.3056,0.8922,1800,1800,0.3083,0.8894,1729,1871,0.364,0.8728,684,2917
synth_auc0.65,0.6542,0.8,17,0.8,0.5389,0.8202,0.5757,368.35,False,61.77,61.29,57.18,61.21,73.97,59.32,59.52,61.23,74.62,58.45,61.77,61.29,80.2,61.52,0.3078,0.8856,1800,1800,0.3181,0.8856,1660,1940,0.3534,0.8723,648,2953
synth_auc0.65,0.6444,0.8,18,0.8,0.5326,0.8474,0.582,368.91,False,61.5,60.28,56.55,60.22,73.18,58.08,58.53,60.27,75.6,57.44,61.5,60.28,80.27,60.45,0.2906,0.8884,1800,1801,0.303,0.8884,1683,1918,0.3982,0.8627,550,3051
synth_auc0.65,0.6436,0.8,19,0.8,0.5237,0.8088,0.573,312.67,False,60.93,60.24,56.55,60.22,72.58,57.15,58.03,60.33,73.05,57.06,60.93,60.24,80.18,60.69,0.2915,0.8934,1801,1801,0.2974,0.8934,1715,1885,0.3614,0.8657,689,2912
synth_auc0.65,0.6544,0.8,20,0.8,0.5285,0.788,0.5682,338.82,False,61.75,61.97,57.53,61.77,72.77,57.45,59.65,62.38,72.03,57.43,61.75,61.97,79.87,62.38,0.3022,0.9006,1800,1800,0.3025,0.8986,1699,1903,0.3547,0.8766,764,2837
synth_auc0.65,0.6476,0.8,21,0.8,0.5323,0.8431,0.581,322.44,False,61.37,60.17,56.57,60.23,73.83,59.11,58.3,59.94,75.93,58.33,61.37,60.17,80.2,60.46,0.3054,0.8817,1801,1800,0.3126,0.881,1686,1916,0.4011,0.8656,566,3036
synth_auc0.65,0.6652,0.8,22,0.8,0.546,0.8489,0.5823,351.18,False,62.77,62.23,57.78,62.11,73.87,59.14,60.85,62.62,76.02,57.95,62.77,62.23,80.13,62.69,0.3161,0.8928,1800,1801,0.3223,0.8911,1635,1966,0.4118,0.8766,544,3056
synth_auc0.65,0.6571,0.8,23,0.8,0.5304,0.7987,0.5707,331.39,False,61.13,60.77,56.92,60.79,73.6,58.75,58.72,60.76,73.6,58.88,61.13,60.77,80.1,60.97,0.3089,0.9,1800,1800,0.3116,0.8974,1691,1910,0.3669,0.8727,725,2875
synth_auc0.65,0.6405,0.8,24,0.8,0.5241,0.8173,0.575,365.08,False,61.43,60.83,56.42,60.01,72.78,57.46,58.02,60.26,73.5,56.97,61.43,60.83,80.22,61.1,0.3006,0.8783,1800,1800,0.3081,0.8771,1714,1887,0.3587,0.8644,658,2943
synth_auc0.65,0.6483,0.8,25,0.8,0.5238,0.7923,0.5692,302.56,False,61.52,61.51,56.83,60.68,73.23,58.18,58.43,60.93,72.82,58.26,61.52,61.51,80.13,61.53,0.3011,0.8861,1800,1800,0.3069,0.8855,1714,1887,0.3623,0.8714,748,2853
synth_auc0.65,0.6633,0.8,26,0.8,0.538,0.8224,0.5762,385.7,False,62.75,62.78,58.23,62.83,73.33,58.33,60.38,62.65,74.6,58.22,62.75,62.78,80.07,62.93,0.3172,0.8967,1800,1800,0.3199,0.8911,1663,1937,0.3625,0.8835,640,2961
synth_auc0.65,0.6668,0.8,27,0.8,0.5464,0.8532,0.5833,369.83,False,62.83,62.24,58.05,62.56,73.93,59.24,60.85,62.59,75.78,57.18,62.83,62.24,80.13,62.88,0.3083,0.904,1800,1802,0.3201,0.9009,1634,1967,0.3703,0.8782,532,3071
synth_auc0.65,0.6527,0.8,28,0.8,0.5368,0.8489,0.5823,385.76,False,62.13,61.24,57.38,61.52,72.97,57.76,59.18,60.9,75.67,57.39,62.13,61.24,80.13,61.56,0.2989,0.8956,1800,1800,0.3046,0.8939,1668,1933,0.3787,0.8714,544,3056
synth_auc0.65,0.6513,0.8,29,0.8,0.5486,0.8467,0.5818,324.32,False,61.88,60.9,56.97,60.89,73.33,58.33,60.0,61.06,75.53,57.4,61.88,60.9,80.17,61.26,0.3078,0.8911,1800,1800,0.3132,0.8851,1625,1975,0.3859,0.8691,552,3048
synth_auc0.65,0.6649,0.8,30,0.8,0.5375,0.8353,0.5792,338.32,False,62.28,61.77,57.4,61.56,74.1,59.53,59.68,61.61,75.88,59.02,62.28,61.77,80.12,61.93,0.3139,0.9039,1800,1800,0.3223,0.9013,1666,1936,0.4064,0.873,593,3008
synth_auc0.65,0.6565,0.8,31,0.8,0.5333,0.8331,0.5787,320.2,False,61.57,60.7,56.98,60.9,74.12,59.51,58.7,60.47,75.7,58.94,61.57,60.7,80.22,61.07,0.3028,0.8973,1800,1801,0.3107,0.8948,1680,1921,0.3877,0.8696,601,2999
synth_auc0.65,0.6556,0.8,32,0.8,0.5419,0.851,0.5828,359.69,False,62.35,61.53,57.25,61.31,73.4,58.44,59.73,61.27,76.23,58.08,62.35,61.53,80.13,61.61,0.303,0.8933,1802,1800,0.3129,0.8884,1649,1953,0.4007,0.8695,539,3064
synth_auc0.65,0.6646,0.8,33,0.8,0.538,0.8202,0.5757,402.7,False,62.4,62.28,57.5,61.72,74.13,59.58,59.87,61.85,74.92,58.92,62.4,62.28,80.27,62.3,0.3159,0.8989,1801,1801,0.3203,0.8962,1664,1937,0.392,0.8758,648,2954
synth_auc0.65,0.6481,0.8,34,0.8,0.5278,0.8202,0.5757,376.72,False,61.47,60.82,57.2,61.25,72.7,57.34,59.15,61.69,73.72,57.04,61.47,60.82,80.12,61.65,0.2978,0.8961,1800,1800,0.2976,0.8895,1700,1901,0.3627,0.8733,648,2953
synth_auc0.65,0.6578,0.8,35,0.8,0.5437,0.8553,0.5838,344.31,False,62.38,61.49,57.37,61.51,73.07,57.92,60.1,61.69,75.53,56.58,62.38,61.49,80.57,61.84,0.3061,0.8939,1800,1801,0.3128,0.8939,1643,1960,0.3755,0.8711,522,3079
synth_auc0.65,0.6565,0.8,36,0.8,0.5326,0.8338,0.5788,368.93,False,62.25,61.75,57.42,61.57,73.42,58.45,59.5,61.78,75.03,57.8,62.25,61.75,79.97,61.92,0.3078,0.8906,1800,1800,0.309,0.8894,1683,1917,0.3823,0.8742,599,3004
synth_auc0.65,0.6482,0.8,37,0.8,0.5306,0.8245,0.5767,345.73,False,61.8,61.25,56.93,60.83,73.2,58.13,58.78,60.86,74.28,57.52,61.8,61.25,80.17,61.45,0.3004,0.8911,1801,1800,0.3077,0.8896,1690,1911,0.3608,0.869,632,2970
synth_auc0.65,0.6525,0.8,38,0.8,0.5263,0.8188,0.5753,368.1,False,61.43,60.8,57.37,61.48,73.27,58.23,58.5,60.81,74.07,57.73,61.43,60.8,79.87,61.6,0.2928,0.8989,1800,1800,0.3003,0.8945,1705,1895,0.3639,0.8742,654,2949
synth_auc0.65,0.6524,0.8,39,0.8,0.5228,0.8088,0.573,383.26,False,61.5,61.13,57.53,61.77,73.37,58.39,59.02,61.95,73.48,57.74,61.5,61.13,79.9,62.02,0.3033,0.895,1800,1800,0.3091,0.8932,1718,1882,0.3541,0.8777,689,2912
synth_auc0.65,0.6463,0.9,0,0.9,0.542,0.9828,0.6135,364.53,False,62.92,60.66,53.43,59.54,84.07,55.74,56.9,59.83,89.42,52.19,62.92,60.66,89.63,61.04,0.1628,0.95,1800,1800,0.1674,0.9487,1649,1951,0.3387,0.9319,62,3538
synth_auc0.65,0.6534,0.9,1,0.9,0.5739,0.9406,0.6037,427.08,False,62.23,60.94,53.75,60.38,84.23,56.2,59.72,60.58,86.95,54.75,62.23,60.94,89.62,61.06,0.1622,0.9522,1800,1800,0.1708,0.9473,1534,2067,0.2523,0.9338,214,3386
synth_auc0.65,0.6398,0.9,2,0.9,0.5329,0.9255,0.6002,388.18,False,61.62,60.01,53.4,59.44,83.87,55.19,56.08,59.6,85.68,54.56,61.62,60.01,89.67,60.14,0.156,0.9439,1801,1800,0.1575,0.9458,1683,1919,0.2444,0.9316,270,3332
synth_auc0.65,0.6663,0.9,3,0.9,0.5721,0.952,0.6063,425.45,False,63.1,62.76,54.27,61.85,83.53,54.26,60.45,62.99,87.0,52.33,63.1,62.76,89.43,63.2,0.1717,0.9583,1800,1800,0.1746,0.9525,1541,2061,0.2139,0.9408,173,3428
synth_auc0.65,0.6608,0.9,4,0.9,0.5281,0.8911,0.5922,358.61,False,61.85,62.44,54.3,61.94,84.17,55.94,56.52,61.84,83.55,56.27,61.85,62.44,89.73,62.44,0.1611,0.9533,1800,1800,0.1613,0.9511,1699,1901,0.2372,0.9402,392,3209
synth_auc0.65,0.6577,0.9,5,0.9,0.5409,0.9062,0.5957,437.37,False,61.7,61.24,54.0,61.11,84.37,56.57,57.45,61.62,84.75,56.27,61.7,61.24,89.63,61.73,0.1644,0.9494,1800,1800,0.1686,0.9476,1655,1948,0.2396,0.9387,338,3262
synth_auc0.65,0.651,0.9,6,0.9,0.5433,0.8653,0.5862,291.77,False,60.75,60.71,53.63,60.09,83.97,55.46,57.28,60.56,81.8,57.15,60.75,60.71,89.7,61.15,0.1599,0.9483,1801,1800,0.1644,0.9469,1648,1957,0.2082,0.9358,485,3116
synth_auc0.65,0.6643,0.9,7,0.9,0.5433,0.9076,0.596,366.29,False,61.87,61.63,54.27,61.85,84.33,56.48,57.73,61.85,84.93,56.44,61.87,61.63,89.63,62.31,0.1656,0.9528,1800,1800,0.1696,0.9494,1645,1956,0.2583,0.9391,333,3267
synth_auc0.65,0.6667,0.9,8,0.9,0.5374,0.947,0.6052,406.94,False,63.02,62.79,54.4,62.22,84.27,56.3,57.6,62.81,87.13,53.81,63.02,62.79,89.7,63.3,0.1655,0.9556,1801,1801,0.1674,0.953,1667,1935,0.2708,0.9405,192,3409
synth_auc0.65,0.6612,0.9,9,0.9,0.5491,0.9126,0.5972,397.96,False,62.48,63.08,54.3,61.87,84.2,56.11,58.32,62.18,85.07,55.7,62.48,63.08,89.73,63.27,0.1722,0.9467,1800,1800,0.1761,0.9465,1624,1980,0.2571,0.9397,315,3285
synth_auc0.65,0.659,0.9,10,0.9,0.5586,0.9534,0.6067,316.62,False,62.8,61.85,53.98,61.03,84.13,55.93,58.9,61.69,87.77,54.09,62.8,61.85,89.77,62.44,0.1647,0.9517,1803,1801,0.1698,0.9478,1590,2012,0.3274,0.938,168,3433
synth_auc0.65,0.6462,0.9,11,0.9,0.5175,0.8481,0.5822,313.0,False,60.05,59.66,53.95,60.94,84.25,56.21,55.18,60.51,80.62,57.68,60.05,59.66,89.6,61.1,0.1567,0.9433,1800,1800,0.1606,0.9436,1737,1863,0.2157,0.9391,547,3053
synth_auc0.65,0.6594,0.9,12,0.9,0.5473,0.9484,0.6055,384.32,False,62.88,62.34,54.32,61.95,83.85,55.1,58.22,62.27,87.07,53.33,62.88,62.34,89.63,62.81,0.1605,0.9556,1801,1801,0.1663,0.9503,1630,1970,0.2727,0.9397,187,3415
synth_auc0.65,0.666,0.9,13,0.9,0.5624,0.947,0.6052,375.17,False,62.62,61.68,54.13,61.48,84.15,55.94,59.42,62.27,87.27,54.19,62.62,61.68,89.73,62.38,0.1639,0.9572,1800,1801,0.168,0.9551,1577,2025,0.2513,0.9381,191,3410
synth_auc0.65,0.6609,0.9,14,0.9,0.5615,0.9699,0.6105,394.66,False,63.02,61.6,54.27,61.78,84.43,56.76,59.1,61.57,88.98,53.81,63.02,61.6,89.83,62.24,0.1644,0.95,1800,1800,0.1709,0.9515,1580,2022,0.3394,0.9356,109,3492
synth_auc0.65,0.6447,0.9,15,0.9,0.5498,0.8926,0.5925,395.77,False,60.85,59.58,53.47,59.63,84.2,56.11,57.48,59.71,83.72,56.44,60.85,59.58,89.93,60.52,0.15,0.9472,1800,1800,0.1555,0.9474,1621,1979,0.2429,0.9325,387,3213
synth_auc0.65,0.6424,0.9,16,0.9,0.5772,0.9742,0.6115,369.83,False,62.62,60.27,53.8,60.56,83.92,55.29,59.85,60.21,88.85,52.55,62.62,60.27,89.73,61.04,0.1583,0.9456,1800,1801,0.1622,0.948,1523,2078,0.3085,0.9313,94,3507
synth_auc0.65,0.668,0.9,17,0.9,0.5269,0.9477,0.6053,291.53,False,62.83,62.24,54.1,61.39,84.53,57.04,56.48,62.05,87.5,54.61,62.83,62.24,89.85,62.54,0.1689,0.9506,1800,1800,0.1703,0.9494,1703,1897,0.3439,0.9382,189,3412
synth_auc0.65,0.6528,0.9,18,0.9,0.5432,0.8983,0.5938,399.11,False,61.75,61.79,54.25,61.77,83.77,54.83,57.82,62.05,83.62,54.9,61.75,61.79,89.63,62.19,0.16,0.9489,1800,1801,0.1666,0.9484,1645,1956,0.1935,0.9394,367,3234
synth_auc0.65,0.6562,0.9,19,0.9,0.5329,0.9126,0.5972,386.42,False,61.75,61.05,54.13,61.48,83.43,53.98,56.85,61.66,84.22,53.38,61.75,61.05,89.73,62.28,0.1571,0.9544,1801,1800,0.1576,0.9521,1682,1919,0.1778,0.9397,315,3285
synth_auc0.65,0.6612,0.9,20,0.9,0.5507,0.9377,0.603,356.52,False,62.53,61.93,54.2,61.67,84.33,56.48,58.3,61.8,86.5,54.13,62.53,61.93,89.7,62.35,0.1622,0.955,1800,1800,0.1663,0.9511,1618,1984,0.2257,0.939,226,3377
synth_auc0.65,0.65,0.9,21,0.9,0.5489,0.9248,0.6,335.99,False,62.37,62.13,53.87,60.74,84.57,57.13,58.08,61.6,86.03,55.72,62.37,62.13,89.67,62.26,0.16,0.9434,1800,1801,0.1637,0.9408,1625,1976,0.2694,0.9384,271,3329
synth_auc0.65,0.6304,0.9,22,0.9,0.5392,0.879,0.5893,362.94,False,60.53,59.41,53.4,59.44,84.0,55.56,56.45,59.21,82.42,55.86,60.53,59.41,89.63,59.9,0.1472,0.9406,1800,1800,0.1495,0.9402,1659,1941,0.2431,0.9321,436,3165
synth_auc0.65,0.6671,0.9,23,0.9,0.5425,0.8911,0.5922,330.07,False,61.75,62.16,54.1,61.39,84.23,56.2,57.82,62.27,83.87,57.19,61.75,62.16,89.78,62.56,0.1687,0.9572,1802,1801,0.1705,0.9529,1648,1953,0.2347,0.9401,392,3208
synth_auc0.65,0.6606,0.9,24,0.9,0.5426,0.9341,0.6022,389.87,False,62.55,62.16,53.9,60.83,84.07,55.74,57.53,61.44,86.07,53.74,62.55,62.16,89.48,62.63,0.1622,0.9544,1800,1800,0.1694,0.9514,1647,1953,0.1967,0.9376,239,3363
synth_auc0.65,0.6319,0.9,25,0.9,0.5534,0.9277,0.6007,300.3,False,61.5,59.57,53.47,59.63,83.7,54.72,57.93,60.19,85.7,54.13,61.5,59.57,89.37,60.17,0.1493,0.9461,1802,1801,0.1529,0.9443,1609,1994,0.2031,0.9327,261,3341
synth_auc0.65,0.6415,0.9,26,0.9,0.542,0.9183,0.5985,360.49,False,61.52,60.1,53.63,60.09,84.03,55.65,56.77,59.46,85.38,55.29,61.52,60.1,89.6,60.38,0.155,0.9467,1800,1800,0.1569,0.9431,1651,1952,0.2305,0.9304,295,3306
synth_auc0.65,0.666,0.9,27,0.9,0.511,0.9212,0.5992,362.68,False,62.08,61.53,54.37,62.13,84.4,56.67,55.3,62.28,85.78,55.81,62.08,61.53,89.77,62.43,0.165,0.9556,1800,1800,0.1664,0.956,1761,1840,0.2465,0.9382,284,3316
synth_auc0.65,0.6551,0.9,28,0.9,0.5311,0.9456,0.6048,340.2,False,62.15,60.45,53.85,60.58,84.53,57.04,56.35,60.71,86.88,53.45,62.15,60.45,89.67,61.87,0.16,0.9467,1800,1801,0.1639,0.9461,1690,1912,0.25,0.9333,196,3404
synth_auc0.65,0.6499,0.9,29,0.9,0.5375,0.9183,0.5985,327.45,False,61.98,61.4,53.6,60.0,84.0,55.56,56.85,60.69,85.27,55.0,61.98,61.4,89.63,61.88,0.1589,0.9489,1800,1800,0.1646,0.9468,1665,1935,0.2245,0.9365,294,3308
synth_auc0.65,0.6536,0.9,30,0.9,0.5477,0.9613,0.6085,357.27,False,62.68,61.12,53.67,60.19,84.6,57.22,57.7,60.8,88.18,53.58,62.68,61.12,89.63,61.44,0.1644,0.945,1801,1800,0.1682,0.9437,1629,1973,0.2857,0.9342,140,3463
synth_auc0.65,0.6581,0.9,31,0.9,0.5404,0.9298,0.6012,347.2,False,62.02,60.9,54.43,62.31,83.87,55.19,57.67,62.33,85.97,54.43,62.02,60.9,89.62,62.69,0.1578,0.96,1800,1800,0.1582,0.9553,1656,1947,0.185,0.9373,254,3347
synth_auc0.65,0.6634,0.9,32,0.9,0.5417,0.9513,0.6062,404.77,False,62.82,62.01,54.17,61.57,84.22,56.12,57.73,62.22,87.45,53.77,62.82,62.01,89.67,62.74,0.1606,0.9589,1800,1801,0.1636,0.9549,1650,1950,0.25,0.9387,176,3425
synth_auc0.65,0.6271,0.9,33,0.9,0.5689,0.9799,0.6128,371.71,False,62.28,59.05,53.1,58.61,83.7,54.72,58.85,59.21,88.93,51.48,62.28,59.05,89.53,59.48,0.1483,0.9411,1800,1800,0.1505,0.9399,1555,2048,0.2603,0.9283,73,3529
synth_auc0.65,0.6315,0.9,34,0.9,0.551,0.9484,0.6055,354.12,False,61.58,58.73,52.9,58.06,84.02,55.56,57.03,58.2,87.17,53.61,61.58,58.73,89.6,59.29,0.1532,0.9423,1801,1801,0.1589,0.9405,1617,1984,0.2796,0.9265,186,3414
synth_auc0.65,0.6271,0.9,35,0.9,0.5464,0.9019,0.5947,327.92,False,61.07,59.7,53.1,58.54,83.53,54.26,56.9,58.87,83.72,54.36,61.07,59.7,89.43,60.03,0.1494,0.945,1800,1800,0.1513,0.9441,1633,1969,0.2022,0.9289,356,3248
synth_auc0.65,0.6678,0.9,36,0.9,0.5506,0.9055,0.5955,439.68,False,62.12,62.44,54.37,62.13,84.62,57.23,58.68,62.9,84.95,56.97,62.12,62.44,89.77,62.85,0.167,0.95,1802,1800,0.1731,0.9506,1618,1982,0.2639,0.9423,341,3260
synth_auc0.65,0.6471,0.9,37,0.9,0.5216,0.8811,0.5898,365.41,False,61.08,60.82,53.52,59.73,84.08,55.75,55.4,60.19,82.58,55.81,61.08,60.82,89.62,61.08,0.1582,0.9462,1801,1802,0.158,0.9468,1722,1878,0.2407,0.9351,428,3172
synth_auc0.65,0.6578,0.9,38,0.9,0.5236,0.8696,0.5872,408.63,False,61.78,63.36,54.27,61.85,84.2,56.11,56.15,61.79,82.42,57.94,61.78,63.36,89.57,63.29,0.1644,0.9467,1800,1800,0.1666,0.9469,1717,1885,0.2213,0.9406,470,3131
synth_auc0.65,0.6663,0.9,39,0.9,0.5574,0.9714,0.6108,406.94,False,63.28,62.27,53.9,60.83,84.47,56.85,58.6,61.07,88.97,53.5,63.28,62.27,89.77,62.53,0.1722,0.9517,1800,1800,0.1788,0.9497,1594,2007,0.3558,0.9359,104,3497
synth_auc0.65,0.6481,0.95,0,0.95,0.5367,0.9649,0.6093,419.54,False,61.9,60.84,51.87,59.82,91.37,54.56,55.23,60.18,92.58,53.94,61.9,60.84,94.43,61.35,0.0838,0.9728,1801,1800,0.0869,0.9731,1669,1932,0.1811,0.9681,127,3476
synth_auc0.65,0.6353,0.95,1,0.95,0.5414,0.9735,0.6113,368.73,False,61.7,58.84,52.0,60.37,91.27,54.04,55.55,59.55,92.95,51.76,61.7,58.84,94.3,60.86,0.0783,0.9734,1800,1802,0.0812,0.9728,1651,1949,0.125,0.9643,96,3505
synth_auc0.65,0.6467,0.95,2,0.95,0.5371,0.9119,0.597,359.6,False,60.83,61.07,52.13,61.23,91.13,53.33,55.37,60.56,87.75,53.61,60.83,61.07,94.43,61.49,0.0766,0.98,1801,1800,0.0767,0.9778,1668,1937,0.1101,0.9686,318,3284
synth_auc0.65,0.6811,0.95,3,0.95,0.5319,0.9699,0.6105,338.58,False,62.38,62.83,52.53,63.33,91.53,55.28,55.42,63.43,93.2,54.74,62.38,62.83,94.65,63.51,0.0849,0.9817,1802,1801,0.0884,0.9802,1685,1915,0.2385,0.9702,109,3492
synth_auc0.65,0.6693,0.95,4,0.95,0.5422,0.9377,0.603,351.45,False,61.67,62.61,52.27,61.93,91.6,55.79,56.2,62.58,90.67,56.72,61.67,62.61,94.6,62.79,0.0872,0.9778,1800,1803,0.0892,0.977,1648,1953,0.1556,0.971,225,3376
synth_auc0.65,0.6803,0.95,5,0.95,0.5323,0.9756,0.6118,340.4,False,62.92,65.01,52.67,64.04,91.02,52.64,55.73,64.86,93.05,51.34,62.92,65.01,94.33,65.4,0.095,0.98,1800,1801,0.0884,0.9786,1685,1916,0.1136,0.9747,88,3515
synth_auc0.65,0.6375,0.95,6,0.95,0.5635,0.999,0.6182,385.49,False,62.62,60.43,51.93,60.02,91.17,53.51,57.68,60.2,94.3,51.05,62.62,60.43,94.3,60.64,0.0789,0.9767,1800,1801,0.0788,0.9739,1573,2030,0.0,0.9666,4,3596
synth_auc0.65,0.6591,0.95,7,0.95,0.545,0.9742,0.6115,342.59,False,62.22,61.48,52.5,63.16,91.2,53.68,56.25,61.5,93.23,52.86,62.22,61.48,94.47,63.16,0.0811,0.9772,1801,1800,0.0806,0.9776,1638,1962,0.2043,0.9692,93,3507
synth_auc0.65,0.6647,0.95,8,0.95,0.5395,0.9764,0.612,354.34,False,62.37,62.04,52.15,61.24,91.47,55.09,55.92,62.43,93.57,53.67,62.37,62.04,94.5,62.68,0.085,0.9756,1800,1802,0.0856,0.9753,1658,1943,0.2093,0.9701,86,3515
synth_auc0.65,0.6794,0.95,9,0.95,0.5443,0.9434,0.6043,403.34,False,62.0,63.74,52.62,63.69,91.43,54.91,56.83,64.96,91.03,55.81,62.0,63.74,94.43,65.32,0.0844,0.9794,1800,1800,0.0876,0.9806,1643,1960,0.1471,0.975,204,3396
synth_auc0.65,0.6314,0.95,10,0.95,0.5506,0.99,0.6152,426.73,False,62.05,58.87,51.93,60.18,91.27,54.04,56.37,59.51,94.35,51.24,62.05,58.87,94.35,60.18,0.0755,0.9756,1801,1800,0.0754,0.9738,1618,1982,0.1622,0.9649,37,3564
synth_auc0.65,0.661,0.95,11,0.95,0.5595,0.999,0.627,405.64,False,63.47,60.72,52.25,61.76,91.37,54.56,57.38,60.68,94.4,51.58,63.47,60.72,94.4,62.66,0.0794,0.9817,1800,1801,0.0851,0.9806,1586,2015,0.25,0.9669,4,3596
synth_auc0.65,0.6711,0.95,12,0.95,0.5413,0.9391,0.6033,367.75,False,61.6,62.11,52.52,63.17,91.2,53.68,56.13,62.7,90.27,53.98,61.6,62.11,94.27,64.06,0.0878,0.9794,1800,1800,0.0901,0.9795,1653,1950,0.1222,0.971,221,3381
synth_auc0.65,0.6588,0.95,13,0.95,0.5539,0.999,0.619,345.07,False,62.8,61.0,52.1,61.05,91.25,53.87,57.03,61.44,94.43,51.75,62.8,61.0,94.43,62.09,0.0817,0.9806,1800,1800,0.0809,0.9794,1607,1994,0.25,0.9672,4,3597
synth_auc0.65,0.6652,0.95,14,0.95,0.5497,0.9685,0.6102,403.81,False,62.12,61.59,52.13,61.23,91.22,53.54,56.62,61.22,92.6,52.37,62.12,61.59,94.47,62.6,0.0872,0.9744,1800,1800,0.0937,0.9737,1622,1979,0.1491,0.9699,114,3486
synth_auc0.65,0.6871,0.95,15,0.95,0.5443,0.9663,0.6097,386.49,False,62.57,64.19,52.53,63.33,91.23,53.86,56.67,64.09,92.63,53.49,62.57,64.19,94.48,65.21,0.0905,0.9822,1801,1800,0.0937,0.9811,1643,1960,0.1694,0.9744,124,3479
synth_auc0.65,0.66,0.95,16,0.95,0.577,0.985,0.614,397.72,False,62.43,61.44,52.3,62.11,91.4,54.58,59.17,61.77,94.03,52.02,62.43,61.44,94.38,62.33,0.0806,0.9795,1800,1801,0.0854,0.9779,1523,2077,0.1607,0.9687,56,3547
synth_auc0.65,0.6418,0.95,17,0.95,0.5437,0.9842,0.6138,352.3,False,62.22,60.38,51.97,60.19,91.45,54.76,55.88,60.2,93.97,51.98,62.22,60.38,94.3,61.18,0.0772,0.9761,1800,1801,0.0791,0.9755,1643,1958,0.1579,0.9678,57,3543
synth_auc0.65,0.6462,0.95,18,0.95,0.5441,0.952,0.6063,402.32,False,61.7,61.21,51.93,60.18,91.17,53.51,55.93,60.39,91.27,53.09,61.7,61.21,94.4,61.26,0.08,0.975,1800,1800,0.0816,0.974,1642,1959,0.1437,0.9679,174,3427
synth_auc0.65,0.6557,0.95,19,0.95,0.5374,0.9463,0.605,405.54,False,61.53,60.96,52.13,61.23,91.37,54.56,55.53,61.44,91.02,54.54,61.53,60.96,94.53,61.85,0.0817,0.975,1800,1802,0.0828,0.9736,1666,1935,0.1385,0.9686,195,3407
synth_auc0.65,0.6688,0.95,20,0.95,0.5369,0.9778,0.6123,355.02,False,62.53,62.75,52.4,62.47,91.27,54.04,55.72,62.64,93.43,52.33,62.53,62.75,94.33,63.37,0.0894,0.9767,1801,1800,0.0899,0.9778,1669,1933,0.15,0.9707,80,3520
synth_auc0.65,0.6577,0.95,21,0.95,0.54,0.9183,0.5985,336.57,False,61.18,62.2,52.17,61.4,91.1,53.16,55.78,61.41,88.52,54.48,61.18,62.2,94.23,63.18,0.0844,0.9744,1800,1800,0.0851,0.9733,1656,1944,0.1054,0.9707,294,3306
synth_auc0.65,0.6397,0.95,22,0.95,0.549,0.9828,0.6135,334.71,False,62.22,60.54,51.8,59.16,91.17,53.51,56.33,59.96,93.72,51.38,62.22,60.54,94.37,61.13,0.0839,0.9717,1800,1800,0.0843,0.9707,1626,1977,0.1774,0.9666,62,3538
synth_auc0.65,0.6396,0.95,23,0.95,0.5797,0.999,0.6218,361.68,False,62.85,59.92,52.07,60.88,90.93,52.28,59.22,60.69,94.27,50.88,62.85,59.92,94.27,61.5,0.0777,0.9761,1801,1800,0.0805,0.9746,1516,2088,0.0,0.9658,4,3597
synth_auc0.65,0.6778,0.95,24,0.95,0.5464,0.999,0.6202,345.6,False,63.15,62.29,52.3,62.11,91.45,54.92,56.52,62.27,94.43,51.75,63.15,62.29,94.43,62.97,0.0909,0.9795,1804,1802,0.0937,0.9771,1633,1967,0.5,0.9697,4,3597
synth_auc0.65,0.6545,0.95,25,0.95,0.5599,0.999,0.6182,414.65,False,62.65,60.61,52.28,61.94,91.27,54.04,57.6,61.58,94.33,51.23,62.65,60.61,94.33,62.08,0.0794,0.9789,1800,1800,0.0827,0.9772,1584,2016,0.0,0.9666,4,3596
synth_auc0.65,0.6704,0.95,26,0.95,0.5596,0.9764,0.612,370.52,False,62.43,62.39,52.32,62.11,91.23,53.86,57.57,61.56,93.35,52.45,62.43,62.39,94.3,62.65,0.0867,0.9778,1800,1800,0.0921,0.9772,1586,2016,0.1395,0.9693,86,3516
synth_auc0.65,0.637,0.95,27,0.95,0.5536,0.9549,0.607,350.52,False,61.63,60.54,51.87,59.82,91.32,54.22,56.9,60.89,91.73,54.12,61.63,60.54,94.42,61.47,0.0756,0.9722,1800,1800,0.0834,0.9684,1607,1995,0.1534,0.968,163,3437
synth_auc0.65,0.6245,0.95,28,0.95,0.5265,0.9799,0.6128,342.7,False,61.98,59.62,51.7,58.95,91.02,52.64,54.2,59.47,93.52,51.75,61.98,59.62,94.23,59.84,0.0789,0.9683,1800,1800,0.0792,0.9694,1705,1896,0.137,0.9651,73,3528
synth_auc0.65,0.6612,0.95,29,0.95,0.5464,0.932,0.6017,352.14,False,61.47,62.19,52.13,61.23,91.28,54.04,56.42,61.75,89.82,55.01,61.47,62.19,94.37,63.43,0.0906,0.9744,1800,1800,0.0919,0.9746,1633,1969,0.1224,0.9708,245,3355
synth_auc0.65,0.6503,0.95,30,0.95,0.5457,0.999,0.6192,382.09,False,62.82,61.01,52.12,61.06,91.27,54.04,56.13,60.65,94.3,51.05,62.82,61.01,94.3,61.63,0.08,0.9767,1800,1801,0.0825,0.9761,1636,1966,0.25,0.968,4,3596
synth_auc0.65,0.6359,0.95,31,0.95,0.5406,0.9456,0.6048,314.41,False,61.35,60.08,51.77,59.3,91.2,53.68,55.5,59.68,90.85,53.97,61.35,60.08,94.4,60.46,0.0782,0.9728,1802,1801,0.0785,0.9733,1655,1946,0.1276,0.9665,196,3405
synth_auc0.65,0.6581,0.95,32,0.95,0.5352,0.9484,0.6055,402.05,False,61.62,61.17,52.2,61.58,91.2,53.68,55.4,61.68,91.03,53.6,61.62,61.17,94.23,62.03,0.0811,0.9767,1800,1800,0.0843,0.9756,1673,1927,0.1075,0.969,186,3414
synth_auc0.65,0.6562,0.95,33,0.95,0.5431,0.9943,0.6162,341.93,False,62.38,60.15,52.02,60.54,91.4,54.74,55.83,60.18,94.3,51.05,62.38,60.15,94.3,61.22,0.085,0.9789,1800,1800,0.085,0.9785,1647,1955,0.1818,0.9654,22,3580
synth_auc0.65,0.6606,0.95,34,0.95,0.5503,0.9807,0.613,392.06,False,62.47,62.09,52.13,61.23,91.23,53.86,56.73,61.6,93.7,52.32,62.47,62.09,94.37,62.39,0.0838,0.98,1802,1800,0.0863,0.9778,1622,1981,0.2,0.9691,70,3530
synth_auc0.65,0.6623,0.95,35,0.95,0.5467,0.9527,0.6065,371.61,False,61.95,62.45,52.4,62.63,91.37,54.56,56.77,63.51,91.57,54.35,61.95,62.45,94.38,63.56,0.0822,0.9767,1801,1800,0.0833,0.9777,1633,1969,0.1754,0.972,171,3430
synth_auc0.65,0.6644,0.95,36,0.95,0.5443,0.985,0.614,433.22,False,62.37,61.09,52.33,62.28,91.27,54.04,56.2,61.47,93.95,51.5,62.37,61.09,94.37,63.09,0.0811,0.9794,1801,1800,0.0817,0.9791,1641,1960,0.2,0.9679,55,3546
synth_auc0.65,0.6721,0.95,37,0.95,0.5302,0.9671,0.6098,309.35,False,62.32,62.8,52.37,62.46,91.48,55.1,55.25,63.34,92.82,54.06,62.32,62.8,94.38,63.32,0.0911,0.9789,1800,1800,0.0904,0.9785,1693,1909,0.2185,0.9713,119,3481
synth_auc0.65,0.6696,0.95,38,0.95,0.5753,0.999,0.623,446.52,False,63.4,62.26,52.27,61.93,91.5,55.26,58.98,61.52,94.57,52.46,63.4,62.26,94.57,62.46,0.0867,0.9789,1800,1801,0.0922,0.9783,1530,2073,0.25,0.9689,4,3596
synth_auc0.65,0.6444,0.95,39,0.95,0.5414,0.9585,0.6078,371.9,False,61.65,60.24,51.8,59.47,91.27,54.04,55.53,59.54,92.08,54.31,61.65,60.24,94.33,60.62,0.0772,0.9772,1800,1800,0.0799,0.9754,1652,1950,0.1325,0.9667,151,3450
synth_auc0.75,0.7515,0.5,0,0.5,0.4805,0.5007,0.4952,420.21,False,68.72,68.72,68.67,68.67,68.67,68.67,68.52,68.52,68.7,68.7,68.72,68.72,68.7,68.7,0.7546,0.7611,1801,1800,0.7515,0.7653,1871,1730,0.7554,0.7615,1799,1803
synth_auc0.75,0.7666,0.5,1,0.5,0.4842,0.4857,0.4895,494.98,False,70.08,70.08,70.1,70.1,70.1,70.1,69.78,69.78,69.83,69.83,70.08,70.08,70.23,70.23,0.7723,0.7778,1801,1800,0.7658,0.7775,1857,1744,0.7662,0.7776,1852,1749
synth_auc0.75,0.7615,0.5,2,0.5,0.5038,0.5316,0.5068,402.47,False,69.55,69.55,69.5,69.5,69.5,69.5,69.55,69.55,69.48,69.48,69.55,69.55,69.7,69.7,0.7833,0.7689,1800,1800,0.7856,0.769,1786,1814,0.789,0.7623,1687,1914
synth_auc0.75,0.7564,0.5,3,0.5,0.4814,0.5166,0.5012,428.11,False,69.32,69.32,69.23,69.23,69.23,69.23,69.1,69.1,69.28,69.28,69.32,69.32,69.32,69.32,0.7618,0.7733,1801,1800,0.7606,0.7774,1867,1734,0.7622,0.7694,1741,1860
synth_auc0.75,0.7559,0.5,4,0.5,0.4937,0.5051,0.4968,415.48,False,69.18,69.18,69.07,69.07,69.07,69.07,69.03,69.03,69.05,69.05,69.18,69.18,69.13,69.13,0.7739,0.7667,1800,1800,0.7685,0.7659,1823,1777,0.7738,0.7669,1782,1819
synth_auc0.75,0.7511,0.5,5,0.5,0.4895,0.5148,0.5005,462.95,False,68.82,68.82,68.83,68.83,68.83,68.83,68.58,68.58,68.72,68.72,68.82,68.82,68.88,68.88,0.7615,0.7633,1803,1800,0.7617,0.768,1838,1763,0.7676,0.7573,1747,1854
synth_auc0.75,0.7505,0.5,6,0.5,0.4899,0.4967,0.4937,444.86,False,69.03,69.03,68.92,68.92,68.92,68.92,68.83,68.83,69.0,69.0,69.03,69.03,69.05,69.05,0.7683,0.7611,1800,1800,0.7636,0.7608,1836,1764,0.7678,0.7612,1813,1788
synth_auc0.75,0.7617,0.5,7,0.5,0.4952,0.5055,0.497,403.63,False,69.63,69.63,69.5,69.5,69.5,69.5,69.52,69.52,69.52,69.52,69.63,69.63,69.62,69.62,0.7611,0.7768,1800,1801,0.76,0.779,1817,1783,0.7601,0.7736,1780,1820
synth_auc0.75,0.7628,0.5,8,0.5,0.5063,0.5439,0.5115,454.22,False,69.55,69.55,69.5,69.5,69.5,69.5,69.57,69.57,69.17,69.17,69.55,69.55,69.83,69.83,0.7667,0.7744,1800,1800,0.7711,0.7745,1778,1823,0.7826,0.7635,1642,1958
synth_auc0.75,0.7577,0.5,9,0.5,0.5148,0.5527,0.5148,443.03,False,69.22,69.22,69.0,69.0,69.0,69.0,69.22,69.22,69.13,69.13,69.22,69.22,69.47,69.47,0.7728,0.7617,1800,1800,0.7733,0.7571,1747,1857,0.7876,0.7492,1610,1990
synth_auc0.75,0.7612,0.5,10,0.5,0.4859,0.51,0.4987,342.08,False,69.53,69.53,69.43,69.43,69.43,69.43,69.23,69.23,69.23,69.23,69.53,69.53,69.5,69.5,0.7667,0.7722,1800,1800,0.7662,0.773,1852,1749,0.7704,0.7718,1764,1836
synth_auc0.75,0.7569,0.5,11,0.5,0.492,0.506,0.4972,403.45,False,69.42,69.42,69.37,69.37,69.37,69.37,69.2,69.2,69.37,69.37,69.42,69.42,69.37,69.37,0.7664,0.7656,1802,1800,0.765,0.7662,1830,1771,0.7634,0.764,1779,1822
synth_auc0.75,0.7617,0.5,12,0.5,0.4934,0.51,0.4987,428.85,False,69.83,69.83,69.8,69.8,69.8,69.8,69.6,69.6,69.93,69.93,69.83,69.83,69.93,69.93,0.7656,0.7728,1800,1800,0.7643,0.7748,1824,1776,0.7659,0.7685,1764,1836
synth_auc0.75,0.7491,0.5,13,0.5,0.4937,0.5157,0.5008,463.83,False,68.45,68.45,68.43,68.43,68.43,68.43,68.27,68.27,68.4,68.4,68.45,68.45,68.45,68.45,0.7628,0.7694,1800,1800,0.7626,0.7717,1824,1778,0.7689,0.7626,1744,1858
synth_auc0.75,0.7456,0.5,14,0.5,0.474,0.4866,0.4898,405.33,False,68.12,68.12,68.0,68.0,68.0,68.0,68.07,68.07,68.07,68.07,68.12,68.12,68.33,68.33,0.7567,0.7544,1800,1800,0.7534,0.7603,1894,1706,0.7527,0.7553,1848,1753
synth_auc0.75,0.757,0.5,15,0.5,0.5044,0.5126,0.4997,515.02,False,69.6,69.6,69.57,69.57,69.57,69.57,69.72,69.72,69.63,69.63,69.6,69.6,69.73,69.73,0.755,0.7739,1800,1800,0.7539,0.7749,1784,1817,0.7595,0.7737,1755,1847
synth_auc0.75,0.7533,0.5,16,0.5,0.487,0.5192,0.5022,414.95,False,68.75,68.75,68.73,68.73,68.73,68.73,68.43,68.43,68.55,68.55,68.75,68.75,68.73,68.73,0.7694,0.7629,1800,1801,0.7677,0.7695,1847,1753,0.7707,0.7583,1731,1870
synth_auc0.75,0.7558,0.5,17,0.5,0.4866,0.5166,0.5012,413.61,False,69.05,69.05,69.07,69.07,69.07,69.07,68.87,68.87,68.95,68.95,69.05,69.05,69.22,69.22,0.7667,0.7694,1800,1800,0.7614,0.7688,1848,1752,0.7662,0.7661,1741,1860
synth_auc0.75,0.7513,0.5,18,0.5,0.495,0.5214,0.503,486.23,False,68.87,68.87,68.93,68.93,68.93,68.93,68.77,68.77,68.75,68.75,68.87,68.87,68.98,68.98,0.7694,0.7585,1800,1801,0.768,0.7581,1819,1782,0.78,0.7508,1723,1878
synth_auc0.75,0.7499,0.5,19,0.5,0.4747,0.4985,0.4943,405.07,False,68.9,68.9,68.87,68.87,68.87,68.87,68.4,68.4,68.85,68.85,68.9,68.9,68.87,68.87,0.7601,0.7628,1801,1800,0.7567,0.7637,1891,1710,0.7608,0.7632,1806,1795
synth_auc0.75,0.7663,0.5,20,0.5,0.4871,0.5122,0.4995,391.29,False,70.75,70.75,70.77,70.77,70.77,70.77,70.43,70.43,70.62,70.62,70.75,70.75,70.77,70.77,0.7783,0.7711,1800,1800,0.7796,0.7725,1847,1754,0.783,0.7684,1756,1844
synth_auc0.75,0.7568,0.5,21,0.5,0.4884,0.517,0.5013,363.43,False,69.1,69.1,69.03,69.03,69.03,69.03,68.83,68.83,68.93,68.93,69.1,69.1,69.05,69.05,0.7694,0.7683,1800,1800,0.7682,0.7698,1842,1759,0.7694,0.7599,1739,1862
synth_auc0.75,0.7443,0.5,22,0.5,0.4972,0.506,0.4972,447.96,False,68.15,68.15,68.02,68.02,68.02,68.02,68.15,68.15,68.17,68.17,68.15,68.15,68.2,68.2,0.755,0.7575,1800,1802,0.7541,0.7592,1810,1790,0.7555,0.7536,1779,1822
synth_auc0.75,0.7477,0.5,23,0.5,0.5125,0.5413,0.5105,381.91,False,68.15,68.15,68.1,68.1,68.1,68.1,68.08,68.08,67.88,67.88,68.15,68.15,68.53,68.53,0.7618,0.7556,1801,1800,0.7607,0.7524,1755,1846,0.7669,0.7445,1652,1949
synth_auc0.75,0.758,0.5,24,0.5,0.4965,0.5223,0.5033,426.76,False,69.03,69.03,69.0,69.0,69.0,69.0,68.98,68.98,69.1,69.1,69.03,69.03,69.15,69.15,0.7717,0.7706,1800,1800,0.7728,0.7696,1813,1788,0.7773,0.7649,1720,1880
synth_auc0.75,0.7574,0.5,25,0.5,0.5002,0.5483,0.5132,434.92,False,69.48,69.48,69.13,69.13,69.13,69.13,69.13,69.13,69.03,69.03,69.48,69.48,69.63,69.63,0.7656,0.7629,1800,1801,0.7656,0.7629,1800,1801,0.7829,0.7548,1626,1974
synth_auc0.75,0.7571,0.5,26,0.5,0.4902,0.4932,0.4923,465.76,False,68.8,68.8,68.7,68.7,68.7,68.7,68.78,68.78,68.82,68.82,68.8,68.8,68.88,68.88,0.7728,0.7689,1800,1800,0.7663,0.7722,1836,1765,0.7705,0.7708,1826,1776
synth_auc0.75,0.7547,0.5,27,0.5,0.4993,0.547,0.5127,393.74,False,69.03,69.03,68.98,68.98,68.98,68.98,68.97,68.97,68.73,68.73,69.03,69.03,69.3,69.3,0.77,0.7633,1800,1800,0.7698,0.7632,1803,1799,0.7763,0.7577,1632,1969
synth_auc0.75,0.7539,0.5,28,0.5,0.4949,0.5294,0.506,450.29,False,68.57,68.57,68.6,68.6,68.6,68.6,68.65,68.65,68.13,68.13,68.57,68.57,69.0,69.0,0.7561,0.7696,1800,1801,0.7559,0.773,1819,1784,0.7687,0.7639,1695,1906
synth_auc0.75,0.7645,0.5,29,0.5,0.4984,0.4963,0.4935,507.33,False,69.78,69.78,69.83,69.83,69.83,69.83,69.78,69.78,69.83,69.83,69.78,69.78,69.83,69.83,0.7833,0.7706,1800,1800,0.7824,0.7706,1806,1796,0.7822,0.7706,1814,1787
synth_auc0.75,0.754,0.5,30,0.5,0.4901,0.5188,0.502,427.01,False,68.83,68.83,68.83,68.83,68.83,68.83,68.67,68.67,69.0,69.0,68.83,68.83,69.0,69.0,0.7639,0.7633,1800,1800,0.7614,0.7664,1836,1764,0.7686,0.7555,1733,1869
synth_auc0.75,0.749,0.5,31,0.5,0.5027,0.5258,0.5047,348.51,False,68.43,68.43,68.32,68.32,68.32,68.32,68.37,68.37,68.37,68.37,68.43,68.43,68.5,68.5,0.7633,0.7572,1800,1800,0.7631,0.7565,1790,1811,0.7745,0.7518,1707,1894
synth_auc0.75,0.7495,0.5,32,0.5,0.4991,0.5294,0.506,371.44,False,68.57,68.57,68.6,68.6,68.6,68.6,68.62,68.62,68.17,68.17,68.57,68.57,68.95,68.95,0.7633,0.7668,1800,1801,0.7626,0.7663,1803,1797,0.7681,0.7592,1695,1906
synth_auc0.75,0.7531,0.5,33,0.5,0.4944,0.5183,0.5018,479.61,False,69.38,69.38,69.37,69.37,69.37,69.37,69.37,69.37,69.17,69.17,69.38,69.38,69.52,69.52,0.7617,0.7624,1800,1801,0.7593,0.7629,1820,1780,0.7699,0.7578,1734,1866
synth_auc0.75,0.7556,0.5,34,0.5,0.4956,0.5311,0.5067,429.6,False,69.13,69.13,68.8,68.8,68.8,68.8,68.83,68.83,68.98,68.98,69.13,69.13,69.22,69.22,0.7606,0.7656,1800,1800,0.761,0.7668,1816,1784,0.7667,0.7599,1689,1912
synth_auc0.75,0.7447,0.5,35,0.5,0.4877,0.5197,0.5023,418.76,False,68.8,68.8,68.77,68.77,68.77,68.77,68.77,68.77,68.8,68.8,68.8,68.8,69.12,69.12,0.75,0.7528,1800,1800,0.7478,0.7563,1844,1756,0.749,0.7468,1729,1872
synth_auc0.75,0.7553,0.5,36,0.5,0.525,0.528,0.5055,434.25,False,68.95,68.95,68.8,68.8,68.8,68.8,69.03,69.03,69.0,69.0,68.95,68.95,69.13,69.13,0.7601,0.775,1801,1800,0.7661,0.7661,1710,1890,0.7681,0.7655,1699,1902
synth_auc0.75,0.7488,0.5,37,0.5,0.4931,0.5122,0.4995,432.51,False,68.42,68.42,68.43,68.43,68.43,68.43,68.32,68.32,68.32,68.32,68.42,68.42,68.43,68.43,0.7583,0.765,1800,1800,0.7584,0.7623,1825,1775,0.7585,0.7608,1756,1844
synth_auc0.75,0.7373,0.5,38,0.5,0.4981,0.5223,0.5033,393.08,False,67.37,67.37,67.37,67.37,67.37,67.37,67.28,67.28,67.35,67.35,67.37,67.37,67.72,67.72,0.7372,0.7483,1800,1800,0.7377,0.748,1807,1794,0.742,0.742,1721,1880
synth_auc0.75,0.7457,0.5,39,0.5,0.5036,0.5329,0.5073,416.44,False,68.47,68.47,68.4,68.4,68.4,68.4,68.32,68.32,68.15,68.15,68.47,68.47,68.65,68.65,0.7456,0.7606,1800,1800,0.7443,0.7612,1787,1813,0.7582,0.7525,1683,1919
synth_auc0.75,0.7584,0.6,0,0.6,0.508,0.6074,0.5355,452.92,False,69.42,69.49,68.33,69.09,69.97,68.72,68.5,69.1,70.1,68.7,69.42,69.49,70.57,69.49,0.6694,0.8373,1800,1801,0.6704,0.8354,1772,1829,0.7122,0.8194,1414,2187
synth_auc0.75,0.7637,0.6,1,0.6,0.5153,0.6268,0.5428,448.07,False,69.68,69.61,68.43,69.19,69.8,68.54,68.6,69.06,69.98,68.17,69.68,69.61,70.28,69.58,0.6713,0.8556,1801,1800,0.6768,0.8523,1745,1855,0.71,0.8285,1345,2257
synth_auc0.75,0.7561,0.6,2,0.6,0.4965,0.5937,0.5303,400.28,False,69.03,69.19,68.0,68.75,69.55,68.28,67.88,68.7,69.3,68.15,69.03,69.19,70.85,69.21,0.6746,0.8361,1801,1800,0.6751,0.8357,1813,1789,0.7033,0.822,1463,2140
synth_auc0.75,0.7576,0.6,3,0.6,0.4991,0.5862,0.5275,428.91,False,69.18,69.41,68.53,69.31,69.98,68.73,68.45,69.24,69.75,68.78,69.18,69.41,71.0,69.47,0.6778,0.8351,1800,1801,0.6783,0.8347,1803,1797,0.704,0.8157,1490,2111
synth_auc0.75,0.7643,0.6,4,0.6,0.4959,0.5686,0.5208,431.29,False,68.98,69.34,68.63,69.41,70.23,68.99,68.5,69.35,69.95,69.35,68.98,69.34,71.3,69.45,0.6885,0.8556,1801,1800,0.686,0.8561,1815,1786,0.7006,0.8427,1553,2047
synth_auc0.75,0.7678,0.6,5,0.6,0.5063,0.6154,0.5385,426.06,False,70.22,70.26,69.2,70.0,70.97,69.76,69.38,70.06,71.3,69.78,70.22,70.26,71.57,70.41,0.6844,0.8473,1800,1801,0.6862,0.8453,1778,1823,0.7152,0.8226,1387,2215
synth_auc0.75,0.7557,0.6,6,0.6,0.4932,0.592,0.5297,527.78,False,69.2,69.38,68.57,69.34,69.87,68.61,68.25,69.15,69.47,68.36,69.2,69.38,69.9,69.38,0.6583,0.85,1800,1800,0.6526,0.8547,1825,1776,0.6746,0.8301,1469,2131
synth_auc0.75,0.7552,0.6,7,0.6,0.5148,0.6171,0.5392,480.85,False,68.92,68.89,68.05,68.8,69.43,68.16,68.22,68.67,69.68,68.06,68.92,68.89,70.05,69.32,0.665,0.8483,1800,1800,0.6691,0.8494,1747,1853,0.6906,0.8204,1380,2222
synth_auc0.75,0.75,0.6,8,0.6,0.4882,0.5871,0.5278,445.16,False,68.32,68.5,67.42,68.14,69.3,68.02,67.12,68.08,69.07,68.04,68.32,68.5,70.08,68.62,0.6672,0.8322,1800,1800,0.6625,0.8356,1843,1758,0.6907,0.8193,1487,2114
synth_auc0.75,0.7504,0.6,9,0.6,0.508,0.6118,0.5372,438.06,False,68.28,68.27,67.67,68.4,68.95,67.65,67.6,68.17,68.98,67.44,68.28,68.27,69.67,68.62,0.6594,0.8379,1800,1801,0.6606,0.8365,1771,1829,0.696,0.8212,1398,2203
synth_auc0.75,0.7529,0.6,10,0.6,0.5081,0.6004,0.5328,493.6,False,68.78,68.88,68.07,68.82,69.33,68.06,68.02,68.6,69.3,68.01,68.78,68.88,70.35,69.15,0.6707,0.8339,1801,1800,0.6748,0.8343,1771,1829,0.7,0.8172,1440,2161
synth_auc0.75,0.7593,0.6,11,0.6,0.5094,0.6211,0.5407,485.07,False,70.1,70.09,68.87,69.65,70.08,68.83,69.05,69.65,70.0,68.31,70.1,70.09,70.45,70.04,0.6739,0.845,1800,1800,0.6778,0.8425,1766,1835,0.7045,0.8269,1364,2236
synth_auc0.75,0.7516,0.6,12,0.6,0.5079,0.6145,0.5382,417.75,False,68.52,68.49,68.05,68.8,68.83,67.53,67.95,68.53,69.28,67.7,68.52,68.49,70.05,69.04,0.6628,0.8406,1800,1800,0.6661,0.8393,1773,1829,0.6976,0.8169,1389,2212
synth_auc0.75,0.7429,0.6,13,0.6,0.493,0.577,0.524,373.73,False,67.23,67.45,67.07,67.78,67.9,66.56,66.93,67.78,67.57,66.69,67.23,67.45,69.58,68.15,0.6519,0.8322,1801,1800,0.6506,0.8321,1826,1775,0.6881,0.8175,1523,2077
synth_auc0.75,0.752,0.6,14,0.6,0.5027,0.6352,0.546,381.9,False,69.4,69.25,68.37,69.13,69.63,68.37,68.47,69.18,69.63,67.63,69.4,69.25,70.1,69.31,0.6641,0.8345,1801,1801,0.6655,0.8326,1791,1810,0.6986,0.8043,1314,2289
synth_auc0.75,0.7602,0.6,15,0.6,0.5216,0.6295,0.5438,448.64,False,69.48,69.38,68.23,68.99,70.0,68.75,68.87,69.2,70.45,68.6,69.48,69.38,70.9,69.4,0.6817,0.8406,1800,1800,0.6847,0.836,1722,1878,0.7251,0.8182,1335,2266
synth_auc0.75,0.7547,0.6,16,0.6,0.499,0.6176,0.5393,422.34,False,69.1,69.08,68.25,69.01,69.8,68.54,68.22,68.99,69.92,68.3,69.1,69.08,70.02,69.2,0.6622,0.8484,1800,1801,0.6624,0.8481,1804,1797,0.6892,0.8246,1377,2223
synth_auc0.75,0.7561,0.6,17,0.6,0.5209,0.6118,0.5372,477.84,False,68.95,68.97,68.2,68.96,69.48,68.21,68.62,68.96,69.58,68.07,68.95,68.97,70.25,69.07,0.6656,0.8428,1800,1800,0.6771,0.84,1725,1875,0.7029,0.8202,1400,2203
synth_auc0.75,0.7577,0.6,18,0.6,0.4969,0.6281,0.5433,479.25,False,69.8,69.72,68.63,69.41,69.7,68.44,68.6,69.44,70.02,68.18,69.8,69.72,70.38,69.68,0.6722,0.8423,1800,1801,0.672,0.8425,1811,1790,0.7125,0.824,1339,2261
synth_auc0.75,0.752,0.6,19,0.6,0.4965,0.5929,0.53,379.06,False,67.83,67.95,67.42,68.14,68.7,67.4,67.28,68.08,68.62,67.46,67.83,67.95,69.55,68.31,0.6589,0.8483,1800,1800,0.6575,0.8491,1813,1789,0.6821,0.8247,1466,2134
synth_auc0.75,0.7531,0.6,20,0.6,0.508,0.6105,0.5367,367.65,False,68.27,68.26,67.57,68.3,69.37,68.09,67.53,68.1,69.77,68.28,68.27,68.26,70.08,68.67,0.6622,0.8368,1800,1801,0.6669,0.8338,1771,1829,0.7033,0.8148,1402,2198
synth_auc0.75,0.7511,0.6,21,0.6,0.5141,0.6193,0.54,489.7,False,68.67,68.61,67.47,68.19,68.8,67.5,67.7,68.15,69.0,67.31,68.67,68.61,70.05,68.58,0.6669,0.8322,1801,1800,0.6688,0.8314,1751,1851,0.7068,0.8126,1371,2231
synth_auc0.75,0.7669,0.6,22,0.6,0.5329,0.6405,0.548,475.18,False,70.37,70.22,69.15,69.94,70.8,69.58,69.63,69.76,71.05,69.0,70.37,70.22,71.47,70.33,0.6878,0.8494,1800,1800,0.6974,0.8428,1682,1921,0.729,0.821,1295,2307
synth_auc0.75,0.7422,0.6,23,0.6,0.5159,0.6158,0.5387,382.06,False,67.57,67.49,66.9,67.6,68.43,67.12,67.22,67.6,68.85,67.22,67.57,67.49,69.93,67.71,0.6644,0.8211,1800,1800,0.6707,0.8208,1743,1858,0.6994,0.8006,1384,2217
synth_auc0.75,0.763,0.6,24,0.6,0.515,0.64,0.5478,393.11,False,70.18,70.03,69.27,70.07,70.0,68.75,69.5,70.0,70.3,68.23,70.18,70.03,70.57,70.11,0.6752,0.8511,1801,1800,0.677,0.8495,1746,1854,0.7137,0.8255,1296,2304
synth_auc0.75,0.7587,0.6,25,0.6,0.4985,0.6277,0.5432,452.25,False,69.32,69.22,68.33,69.1,69.93,68.68,68.28,69.08,70.23,68.42,69.32,69.22,70.6,69.27,0.6728,0.845,1800,1800,0.674,0.8451,1807,1795,0.7116,0.8178,1342,2261
synth_auc0.75,0.7435,0.6,26,0.6,0.5133,0.6176,0.5393,418.55,False,68.67,68.62,67.23,67.95,69.17,67.88,67.88,68.35,68.95,67.29,68.67,68.62,69.42,68.99,0.6544,0.8306,1800,1801,0.657,0.828,1752,1849,0.6921,0.8066,1377,2223
synth_auc0.75,0.7662,0.6,27,0.6,0.52,0.6414,0.5483,474.23,False,70.37,70.21,69.15,69.94,70.67,69.44,69.5,69.9,70.33,68.24,70.37,70.21,70.98,70.29,0.6828,0.8483,1800,1800,0.6865,0.8429,1729,1872,0.7297,0.8211,1291,2309
synth_auc0.75,0.7604,0.6,28,0.6,0.5111,0.6026,0.5337,445.65,False,69.17,69.26,68.07,68.82,69.53,68.26,68.2,68.72,69.62,68.3,69.17,69.26,70.85,69.35,0.6767,0.8446,1800,1802,0.6843,0.8435,1761,1840,0.71,0.8198,1431,2170
synth_auc0.75,0.7478,0.6,29,0.6,0.4905,0.6154,0.5385,417.09,False,69.15,69.15,67.93,68.67,69.47,68.19,67.75,68.69,69.37,67.77,69.15,69.15,69.67,69.22,0.655,0.8294,1800,1800,0.652,0.8301,1836,1766,0.6989,0.8102,1385,2218
synth_auc0.75,0.7504,0.6,30,0.6,0.5118,0.6493,0.5513,405.96,False,69.0,68.72,67.97,68.72,69.23,67.95,68.25,68.76,69.25,66.94,69.0,68.72,69.73,68.78,0.6567,0.8367,1800,1800,0.6644,0.8336,1758,1845,0.7065,0.8088,1264,2338
synth_auc0.75,0.7569,0.6,31,0.6,0.5171,0.6008,0.533,397.17,False,69.27,69.38,68.63,69.41,69.73,68.47,68.75,69.17,69.82,68.54,69.27,69.38,70.72,69.51,0.6783,0.8394,1800,1800,0.6832,0.8367,1739,1862,0.698,0.8229,1437,2163
synth_auc0.75,0.7559,0.6,32,0.6,0.5146,0.6101,0.5365,429.83,False,69.22,69.26,68.0,68.75,69.23,67.95,68.63,69.1,69.57,68.09,69.22,69.26,70.33,69.28,0.6689,0.8478,1800,1800,0.6745,0.8435,1748,1853,0.697,0.8206,1406,2196
synth_auc0.75,0.7537,0.6,33,0.6,0.5009,0.607,0.5353,424.85,False,69.17,69.23,68.2,68.96,69.3,68.02,68.2,68.94,69.6,68.19,69.17,69.23,70.15,69.21,0.6622,0.8346,1800,1802,0.6622,0.8337,1797,1804,0.7018,0.8178,1415,2185
synth_auc0.75,0.7555,0.6,34,0.6,0.4987,0.5999,0.5327,388.02,False,69.3,69.42,68.73,69.51,69.5,68.23,68.6,69.4,69.48,68.22,69.3,69.42,70.6,69.56,0.6744,0.8339,1800,1800,0.6742,0.8341,1805,1796,0.702,0.8209,1443,2161
synth_auc0.75,0.7514,0.6,35,0.6,0.4969,0.5999,0.5327,452.28,False,68.87,68.97,67.67,68.4,69.07,67.78,67.68,68.49,69.08,67.8,68.87,68.97,69.77,68.93,0.6585,0.8394,1801,1800,0.6576,0.839,1811,1789,0.694,0.819,1441,2160
synth_auc0.75,0.762,0.6,36,0.6,0.5162,0.6123,0.5373,464.08,False,69.23,69.26,68.13,68.89,69.93,68.68,68.52,68.95,70.23,68.74,69.23,69.26,70.93,69.17,0.6806,0.8506,1800,1800,0.6837,0.8493,1742,1858,0.7142,0.8295,1396,2205
synth_auc0.75,0.7531,0.6,37,0.6,0.5119,0.6259,0.5425,401.86,False,69.42,69.34,67.97,68.72,69.63,68.37,68.2,68.71,69.45,67.64,69.42,69.34,70.38,69.37,0.6659,0.8356,1802,1801,0.6718,0.8307,1758,1843,0.704,0.814,1348,2253
synth_auc0.75,0.75,0.6,38,0.6,0.5126,0.6034,0.534,480.79,False,68.73,68.81,67.93,68.68,69.83,68.58,68.08,68.58,69.85,68.52,68.73,68.81,70.75,68.85,0.6728,0.8328,1800,1800,0.6775,0.8304,1755,1846,0.6975,0.8127,1428,2173
synth_auc0.75,0.7485,0.6,39,0.6,0.5067,0.6171,0.5392,383.46,False,68.48,68.44,67.3,68.02,68.85,67.55,67.47,68.06,69.25,67.61,68.48,68.44,69.65,68.35,0.6583,0.8367,1800,1800,0.6622,0.8355,1776,1824,0.6976,0.8069,1379,2222
synth_auc0.75,0.7481,0.7,0,0.7,0.5407,0.7521,0.5902,432.44,False,68.95,68.27,64.42,67.15,72.2,66.9,66.57,67.79,73.65,66.15,68.95,68.27,74.35,68.58,0.5367,0.8922,1800,1800,0.5523,0.888,1655,1947,0.6327,0.8579,893,2709
synth_auc0.75,0.745,0.7,1,0.7,0.5271,0.726,0.5803,438.99,False,68.5,68.2,65.07,67.94,72.43,67.18,66.48,68.33,72.8,66.38,68.5,68.2,74.17,68.23,0.5406,0.8861,1800,1800,0.5496,0.8883,1703,1898,0.617,0.8615,987,2614
synth_auc0.75,0.7581,0.7,2,0.7,0.5327,0.745,0.5875,551.1,False,70.05,69.7,65.82,68.82,73.37,68.29,67.67,69.48,74.03,66.94,70.05,69.7,74.48,69.82,0.5561,0.8972,1800,1800,0.5666,0.8884,1682,1918,0.6416,0.8699,918,2682
synth_auc0.75,0.7524,0.7,3,0.7,0.5185,0.7177,0.5772,424.44,False,69.25,69.24,65.73,68.73,72.62,67.39,66.85,69.18,73.17,67.21,69.25,69.24,74.28,69.33,0.5441,0.8878,1801,1801,0.5481,0.8864,1735,1867,0.6214,0.8692,1017,2584
synth_auc0.75,0.7462,0.7,4,0.7,0.5361,0.7357,0.584,412.59,False,69.37,69.06,64.85,67.67,72.03,66.71,67.0,68.52,72.78,65.89,69.37,69.06,74.25,69.07,0.5339,0.8844,1800,1800,0.5473,0.8819,1670,1930,0.6239,0.8615,952,2649
synth_auc0.75,0.7507,0.7,5,0.7,0.5213,0.6925,0.5677,424.88,False,69.17,69.6,65.5,68.45,72.53,67.3,67.03,69.26,72.3,67.37,69.17,69.6,73.48,69.54,0.5422,0.8928,1800,1800,0.5516,0.894,1724,1877,0.5863,0.872,1107,2493
synth_auc0.75,0.7592,0.7,6,0.7,0.5205,0.7256,0.5802,417.73,False,69.78,69.73,65.3,68.21,73.37,68.29,66.82,69.03,74.18,68.05,69.78,69.73,74.88,69.7,0.5561,0.8911,1800,1800,0.5649,0.889,1726,1874,0.6468,0.8664,988,2613
synth_auc0.75,0.7496,0.7,7,0.7,0.5459,0.7375,0.5847,487.47,False,68.73,68.27,64.77,67.58,71.97,66.63,67.08,68.15,73.28,66.41,68.73,68.27,74.88,68.39,0.5328,0.8856,1800,1800,0.5544,0.8824,1636,1965,0.6455,0.8565,945,2655
synth_auc0.75,0.7645,0.7,8,0.7,0.5361,0.7216,0.5787,518.52,False,69.97,70.02,66.03,69.09,73.27,68.17,68.02,69.73,73.93,67.94,69.97,70.02,75.4,70.14,0.5544,0.8983,1800,1800,0.5707,0.8984,1670,1930,0.6431,0.8761,1003,2599
synth_auc0.75,0.7728,0.7,9,0.7,0.5424,0.7269,0.5807,489.3,False,70.33,70.37,66.77,69.96,74.13,69.21,69.0,70.6,74.82,68.74,70.33,70.37,76.07,70.84,0.5689,0.9034,1800,1801,0.5892,0.8986,1648,1953,0.649,0.8804,983,2617
synth_auc0.75,0.757,0.7,10,0.7,0.5408,0.7309,0.5822,444.96,False,69.32,69.08,65.38,68.31,72.75,67.55,67.62,69.03,73.82,67.36,69.32,69.08,74.4,69.32,0.5453,0.8928,1801,1800,0.5632,0.8916,1653,1947,0.6227,0.8738,970,2631
synth_auc0.75,0.7622,0.7,11,0.7,0.5271,0.7022,0.5713,498.65,False,69.33,69.62,66.0,69.05,73.3,68.21,67.57,69.63,73.25,68.05,69.33,69.62,74.93,69.7,0.555,0.8961,1800,1800,0.5649,0.893,1703,1898,0.6269,0.8747,1072,2530
synth_auc0.75,0.7553,0.7,12,0.7,0.521,0.7238,0.5795,390.27,False,69.38,69.29,65.47,68.41,72.37,67.1,66.7,68.88,72.95,66.66,69.38,69.29,74.78,69.37,0.5394,0.8917,1800,1801,0.549,0.8903,1725,1877,0.6402,0.8684,995,2607
synth_auc0.75,0.7542,0.7,13,0.7,0.5518,0.7424,0.5865,462.67,False,69.42,69.0,65.6,68.57,72.37,67.1,67.93,68.87,73.17,66.04,69.42,69.0,74.82,69.21,0.5394,0.8989,1800,1800,0.5582,0.8919,1614,1988,0.6315,0.8668,928,2673
synth_auc0.75,0.7661,0.7,14,0.7,0.5269,0.708,0.5735,435.9,False,69.78,70.05,66.43,69.56,72.77,67.58,67.95,70.09,73.23,67.75,69.78,70.05,74.53,70.25,0.5461,0.9073,1800,1802,0.5584,0.9046,1703,1897,0.6236,0.882,1052,2550
synth_auc0.75,0.7503,0.7,15,0.7,0.5226,0.7018,0.5712,486.53,False,68.55,68.69,64.87,67.7,72.63,67.42,66.55,68.62,72.57,67.26,68.55,68.69,74.8,68.76,0.5439,0.8883,1800,1800,0.5578,0.8837,1721,1883,0.6248,0.8618,1074,2526
synth_auc0.75,0.7468,0.7,16,0.7,0.535,0.7287,0.5813,449.36,False,69.07,68.83,64.43,67.18,72.3,67.02,66.6,68.1,73.2,66.73,69.07,68.83,74.6,68.86,0.5383,0.8851,1800,1801,0.5556,0.8821,1674,1926,0.638,0.8521,978,2623
synth_auc0.75,0.7456,0.7,17,0.7,0.5466,0.7269,0.5807,440.93,False,68.67,68.38,64.57,67.34,71.95,66.6,67.08,68.12,72.65,66.15,68.67,68.38,74.43,68.52,0.5316,0.8861,1802,1800,0.5499,0.8816,1633,1968,0.6205,0.8586,983,2617
synth_auc0.75,0.751,0.7,18,0.7,0.5302,0.7093,0.574,463.4,False,68.67,68.7,65.07,67.94,71.87,66.51,66.78,68.54,72.15,66.41,68.67,68.7,74.15,68.67,0.5311,0.8989,1800,1801,0.5396,0.8963,1692,1909,0.6011,0.8707,1048,2553
synth_auc0.75,0.7691,0.7,19,0.7,0.5214,0.7132,0.5755,477.67,False,69.88,70.08,66.38,69.5,73.33,68.25,67.75,70.11,73.68,68.04,69.88,70.08,75.08,70.25,0.5556,0.9061,1800,1800,0.5638,0.9046,1724,1877,0.6447,0.8766,1033,2568
synth_auc0.75,0.7506,0.7,20,0.7,0.5456,0.7313,0.5823,501.22,False,69.47,69.25,65.0,67.86,72.75,67.55,67.67,68.86,73.48,66.93,69.47,69.25,74.18,69.41,0.5453,0.8889,1801,1800,0.5636,0.8835,1636,1965,0.5992,0.8603,968,2634
synth_auc0.75,0.7581,0.7,21,0.7,0.5403,0.7009,0.5708,462.73,False,69.12,69.38,65.73,68.73,72.65,67.43,68.05,69.58,72.72,67.48,69.12,69.38,74.87,69.62,0.5436,0.8917,1801,1801,0.5631,0.8895,1657,1946,0.6302,0.87,1079,2523
synth_auc0.75,0.7504,0.7,22,0.7,0.5141,0.6925,0.5677,373.4,False,68.57,68.88,65.63,68.61,71.87,66.51,66.35,68.79,71.78,66.77,68.57,68.88,74.2,68.95,0.5311,0.895,1800,1800,0.538,0.8909,1749,1851,0.607,0.8696,1107,2493
synth_auc0.75,0.759,0.7,23,0.7,0.5449,0.7172,0.577,535.01,False,69.27,69.27,65.77,68.77,73.0,67.86,68.15,69.47,73.4,67.51,69.27,69.27,74.92,69.82,0.55,0.8983,1800,1800,0.568,0.893,1639,1962,0.6297,0.8664,1018,2582
synth_auc0.75,0.7626,0.7,24,0.7,0.5341,0.7221,0.5788,452.31,False,69.28,69.2,65.68,68.66,72.83,67.66,67.42,69.09,73.43,67.33,69.28,69.2,75.05,69.34,0.5472,0.9023,1800,1802,0.5611,0.9007,1677,1923,0.6394,0.8738,1001,2600
synth_auc0.75,0.7446,0.7,25,0.7,0.5222,0.7225,0.579,422.15,False,68.2,67.9,64.28,67.0,72.1,66.79,65.87,67.83,73.0,66.78,68.2,67.9,74.17,68.1,0.535,0.885,1800,1800,0.5459,0.8819,1720,1880,0.622,0.8589,1000,2601
synth_auc0.75,0.7606,0.7,26,0.7,0.5153,0.7018,0.5712,446.82,False,69.32,69.61,65.67,68.65,73.07,67.94,66.65,69.08,73.13,67.92,69.32,69.61,74.72,69.56,0.5511,0.8983,1800,1800,0.5599,0.8992,1745,1856,0.6276,0.8721,1074,2526
synth_auc0.75,0.7648,0.7,27,0.7,0.5262,0.7075,0.5733,422.44,False,69.6,69.84,66.13,69.21,73.3,68.21,67.88,70.04,73.63,68.25,69.6,69.84,74.72,70.02,0.555,0.9017,1800,1800,0.5688,0.9008,1707,1895,0.6258,0.8803,1053,2547
synth_auc0.75,0.7637,0.7,28,0.7,0.5237,0.7058,0.5727,419.12,False,69.33,69.56,65.33,68.25,73.07,67.94,66.8,68.87,73.17,67.77,69.33,69.56,75.0,69.69,0.5511,0.9011,1800,1800,0.5618,0.9003,1716,1886,0.6287,0.8792,1061,2541
synth_auc0.75,0.7545,0.7,29,0.7,0.5398,0.7203,0.5782,512.96,False,68.98,68.88,65.15,68.03,72.72,67.51,67.28,68.68,73.07,66.97,68.98,68.88,74.65,68.87,0.5447,0.8961,1801,1800,0.5576,0.893,1657,1944,0.6197,0.8635,1007,2593
synth_auc0.75,0.75,0.7,30,0.7,0.5336,0.7053,0.5725,494.2,False,68.78,68.91,64.77,67.58,73.05,67.91,66.93,68.56,73.18,67.81,68.78,68.91,74.72,69.02,0.5502,0.8817,1801,1800,0.5625,0.8803,1680,1922,0.6265,0.8602,1063,2539
synth_auc0.75,0.7586,0.7,31,0.7,0.5174,0.7071,0.5732,466.32,False,69.52,69.75,65.35,68.27,73.23,68.13,66.52,68.83,73.5,68.12,69.52,69.75,75.07,69.81,0.5539,0.8912,1800,1802,0.5616,0.8916,1738,1863,0.6351,0.8708,1055,2546
synth_auc0.75,0.7447,0.7,32,0.7,0.519,0.7163,0.5767,492.57,False,68.23,68.06,64.57,67.34,71.57,66.15,65.57,67.63,72.13,66.05,68.23,68.06,73.7,68.04,0.5261,0.8994,1800,1800,0.5332,0.8957,1733,1869,0.5939,0.8658,1022,2579
synth_auc0.75,0.7592,0.7,33,0.7,0.54,0.7428,0.5867,489.21,False,69.57,69.17,65.62,68.57,73.0,67.84,67.85,69.34,74.25,67.31,69.57,69.17,74.82,69.42,0.5491,0.9028,1801,1800,0.5652,0.8951,1656,1944,0.6458,0.8672,926,2674
synth_auc0.75,0.754,0.7,34,0.7,0.5287,0.7,0.5705,417.89,False,68.82,69.04,65.67,68.65,72.95,67.79,67.3,69.23,72.95,67.79,68.82,69.04,74.5,69.32,0.5486,0.8906,1801,1800,0.5639,0.8871,1697,1904,0.6213,0.8703,1080,2521
synth_auc0.75,0.7481,0.7,35,0.7,0.5232,0.7013,0.571,532.61,False,68.37,68.48,64.97,67.82,71.73,66.35,66.35,68.36,71.8,66.37,68.37,68.48,74.48,68.51,0.5289,0.8911,1800,1800,0.5376,0.8907,1717,1884,0.613,0.8681,1075,2525
synth_auc0.75,0.7603,0.7,36,0.7,0.5202,0.7177,0.5772,399.54,False,69.85,69.96,65.67,68.65,72.87,67.7,67.05,69.34,73.27,67.33,69.85,69.96,74.88,69.98,0.5478,0.8994,1800,1800,0.5532,0.898,1728,1873,0.6326,0.8696,1018,2584
synth_auc0.75,0.7577,0.7,37,0.7,0.5266,0.7265,0.5805,460.34,False,69.28,69.12,65.6,68.57,72.25,66.96,66.7,68.61,73.08,66.69,69.28,69.12,74.3,69.2,0.538,0.9067,1801,1800,0.5475,0.9056,1704,1897,0.6193,0.8735,985,2616
synth_auc0.75,0.7523,0.7,38,0.7,0.5346,0.7216,0.5787,468.42,False,69.13,69.03,65.07,67.94,72.17,66.87,67.15,68.77,72.87,66.67,69.13,69.03,73.57,69.07,0.5361,0.8978,1800,1800,0.5519,0.8977,1676,1925,0.6038,0.8653,1002,2598
synth_auc0.75,0.7652,0.7,39,0.7,0.5298,0.7274,0.5808,394.61,False,70.15,70.14,65.67,68.65,73.03,67.9,67.52,69.43,74.07,67.83,70.15,70.14,75.6,70.17,0.5506,0.9051,1800,1801,0.5659,0.9041,1693,1908,0.6395,0.8675,982,2619
synth_auc0.75,0.7616,0.8,0,0.8,0.5317,0.8169,0.6147,527.26,False,69.87,70.29,62.02,68.76,77.93,65.52,64.03,68.96,78.68,65.11,69.87,70.29,81.77,70.29,0.3987,0.9472,1801,1800,0.4064,0.9446,1688,1914,0.5394,0.9215,660,2941
synth_auc0.75,0.7582,0.8,1,0.8,0.5377,0.7715,0.5975,488.38,False,68.22,69.32,61.47,67.92,78.32,66.1,64.42,68.98,77.13,66.96,68.22,69.32,81.12,69.51,0.3909,0.9472,1801,1800,0.4067,0.9427,1667,1936,0.5055,0.9194,823,2779
synth_auc0.75,0.7554,0.8,2,0.8,0.552,0.7944,0.6062,480.02,False,68.38,68.77,61.37,67.76,78.1,65.78,64.88,68.36,77.83,65.9,68.38,68.77,81.72,68.68,0.3931,0.9439,1801,1800,0.4117,0.9356,1613,1988,0.5101,0.9178,741,2860
synth_auc0.75,0.7538,0.8,3,0.8,0.5479,0.8103,0.6122,525.66,False,68.85,68.94,61.47,67.92,78.2,65.94,64.75,68.53,78.63,65.65,68.85,68.94,82.0,69.07,0.3839,0.9406,1800,1800,0.3986,0.9321,1628,1973,0.5461,0.9157,683,2918
synth_auc0.75,0.7529,0.8,4,0.8,0.5173,0.7715,0.5975,471.33,False,67.85,68.75,61.03,67.24,78.0,65.59,62.13,67.33,76.83,66.49,67.85,68.75,81.28,68.86,0.3876,0.9461,1801,1800,0.3941,0.9442,1738,1863,0.4964,0.9165,824,2777
synth_auc0.75,0.7439,0.8,5,0.8,0.5456,0.8191,0.6155,432.3,False,68.52,68.1,61.23,67.55,77.27,64.48,64.45,68.31,77.87,63.64,68.52,68.1,81.22,68.56,0.3829,0.9356,1802,1800,0.3949,0.9297,1636,1964,0.5046,0.9139,652,2949
synth_auc0.75,0.764,0.8,6,0.8,0.5389,0.8107,0.6123,381.42,False,69.6,70.09,61.8,68.44,78.42,66.26,64.45,68.91,79.07,66.29,69.6,70.09,81.83,70.19,0.4042,0.9461,1801,1800,0.4151,0.9412,1660,1940,0.5572,0.9198,682,2919
synth_auc0.75,0.7424,0.8,7,0.8,0.5345,0.8182,0.6152,438.06,False,68.62,68.29,60.73,66.77,77.5,64.84,62.92,66.95,78.27,64.29,68.62,68.29,81.62,68.31,0.3828,0.9372,1800,1800,0.3926,0.9293,1676,1924,0.5221,0.9084,655,2946
synth_auc0.75,0.7669,0.8,8,0.8,0.5597,0.8156,0.6142,504.22,False,69.55,69.84,61.67,68.23,79.2,67.5,65.95,69.31,79.68,66.8,69.55,69.84,81.92,70.09,0.4072,0.9456,1800,1800,0.43,0.938,1586,2016,0.5648,0.9159,664,2937
synth_auc0.75,0.7469,0.8,9,0.8,0.547,0.8182,0.6152,451.46,False,68.25,67.72,60.67,66.67,77.73,65.21,63.77,67.1,78.65,64.94,68.25,67.72,81.98,68.18,0.3776,0.9389,1801,1800,0.3942,0.933,1631,1969,0.542,0.9074,655,2947
synth_auc0.75,0.7599,0.8,10,0.8,0.532,0.7979,0.6075,428.04,False,69.22,69.95,62.1,68.88,78.08,65.74,64.53,69.71,77.98,65.77,69.22,69.95,81.02,70.58,0.3922,0.9467,1800,1800,0.4042,0.9421,1685,1918,0.4918,0.9235,728,2874
synth_auc0.75,0.7487,0.8,11,0.8,0.5432,0.7953,0.6065,406.28,False,68.18,68.43,61.3,67.66,77.47,64.79,64.02,67.85,77.23,64.86,68.18,68.43,81.83,68.47,0.3833,0.9389,1800,1800,0.4012,0.9361,1645,1957,0.5203,0.9124,738,2864
synth_auc0.75,0.7453,0.8,12,0.8,0.5473,0.8314,0.6202,440.18,False,69.05,68.5,60.57,66.48,78.0,65.62,64.07,67.54,78.77,63.89,69.05,68.5,81.55,68.52,0.3833,0.9383,1800,1800,0.3982,0.931,1630,1970,0.5502,0.9058,607,2993
synth_auc0.75,0.7674,0.8,13,0.8,0.5314,0.7962,0.6068,449.95,False,69.28,70.11,62.05,68.81,78.43,66.3,64.33,69.46,78.28,66.43,69.28,70.11,81.65,70.43,0.3994,0.9473,1800,1801,0.4094,0.943,1688,1913,0.5232,0.9257,734,2867
synth_auc0.75,0.7601,0.8,14,0.8,0.5514,0.8332,0.6208,466.76,False,69.88,69.74,61.5,67.97,78.53,66.46,64.87,68.42,79.78,65.3,69.88,69.74,81.83,70.11,0.4022,0.9444,1800,1800,0.4134,0.932,1616,1985,0.5724,0.915,601,3000
synth_auc0.75,0.756,0.8,15,0.8,0.5559,0.8235,0.6172,488.38,False,68.88,68.52,61.63,68.18,78.2,65.94,64.97,68.14,79.22,65.32,68.88,68.52,81.95,68.66,0.3878,0.9439,1800,1800,0.404,0.9396,1599,2002,0.5714,0.9177,637,2965
synth_auc0.75,0.7571,0.8,16,0.8,0.5469,0.8191,0.6155,445.84,False,69.05,68.94,61.38,67.77,77.97,65.54,64.38,68.08,78.7,64.94,69.05,68.94,81.63,69.45,0.3987,0.9444,1801,1800,0.4075,0.9356,1632,1971,0.5368,0.9146,652,2950
synth_auc0.75,0.7562,0.8,17,0.8,0.5571,0.8032,0.6095,503.45,False,68.42,68.51,61.53,68.02,78.37,66.2,65.35,68.62,78.45,66.03,68.42,68.51,81.62,68.71,0.3822,0.9467,1800,1800,0.4094,0.9432,1595,2007,0.5141,0.9194,710,2892
synth_auc0.75,0.759,0.8,18,0.8,0.5341,0.8341,0.6212,461.08,False,69.78,69.55,61.7,68.28,78.42,66.26,63.77,68.29,79.67,65.04,69.78,69.55,81.75,69.68,0.3989,0.9445,1800,1802,0.4037,0.9423,1677,1924,0.5743,0.9167,599,3003
synth_auc0.75,0.7385,0.8,19,0.8,0.518,0.8014,0.6088,443.26,False,67.62,67.32,60.87,66.98,76.87,63.85,61.97,67.01,76.97,63.89,67.62,67.32,81.18,67.73,0.3733,0.9378,1800,1800,0.3762,0.9346,1736,1865,0.4895,0.913,715,2886
synth_auc0.75,0.7622,0.8,20,0.8,0.5374,0.7913,0.605,441.71,False,69.07,69.95,61.67,68.23,78.13,65.83,64.15,68.59,77.78,66.05,69.07,69.95,81.8,70.08,0.397,0.9483,1801,1800,0.4125,0.9452,1668,1935,0.5272,0.9217,753,2849
synth_auc0.75,0.7695,0.8,21,0.8,0.5589,0.8195,0.6157,493.75,False,70.17,70.67,62.03,68.8,78.97,67.14,66.52,70.29,79.48,66.11,70.17,70.67,81.87,70.73,0.4026,0.9461,1801,1800,0.4232,0.9399,1588,2012,0.5646,0.9214,650,2950
synth_auc0.75,0.7444,0.8,22,0.8,0.5505,0.8134,0.6133,445.71,False,68.23,67.86,60.77,66.82,77.95,65.53,64.22,67.48,78.23,64.74,68.23,67.86,81.73,67.93,0.3872,0.9351,1800,1802,0.4009,0.9304,1619,1982,0.5208,0.9102,672,2928
synth_auc0.75,0.7626,0.8,23,0.8,0.5338,0.8204,0.616,428.67,False,69.57,69.7,61.5,67.97,78.47,66.35,63.83,68.43,79.57,66.17,69.57,69.7,82.03,69.68,0.397,0.9472,1801,1800,0.4098,0.9412,1679,1922,0.5725,0.9181,648,2955
synth_auc0.75,0.7525,0.8,24,0.8,0.5485,0.8239,0.6173,525.34,False,69.3,69.16,61.27,67.6,78.27,66.04,64.52,68.14,79.35,65.5,69.3,69.16,81.68,69.16,0.3933,0.9344,1800,1800,0.41,0.9291,1627,1975,0.5631,0.9127,634,2966
synth_auc0.75,0.7462,0.8,25,0.8,0.5364,0.8266,0.6183,448.27,False,68.57,67.92,60.8,66.88,77.72,65.17,62.97,66.85,78.65,64.16,68.57,67.92,81.35,68.05,0.3856,0.9483,1800,1800,0.393,0.9399,1669,1931,0.536,0.9083,625,2976
synth_auc0.75,0.7473,0.8,26,0.8,0.5257,0.8204,0.616,418.64,False,68.8,68.5,60.77,66.82,78.27,66.04,62.63,67.33,78.9,65.12,68.8,68.5,81.55,68.62,0.3909,0.9339,1801,1800,0.3958,0.9293,1708,1894,0.5564,0.9089,647,2953
synth_auc0.75,0.7638,0.8,27,0.8,0.5468,0.835,0.6215,451.72,False,69.92,69.73,61.85,68.5,78.97,67.14,65.2,69.34,79.98,65.46,69.92,69.73,82.12,69.84,0.3978,0.9406,1800,1802,0.4142,0.937,1632,1969,0.5815,0.9185,595,3006
synth_auc0.75,0.7542,0.8,28,0.8,0.528,0.7984,0.6077,398.42,False,68.53,68.86,61.23,67.55,78.22,65.95,63.13,67.9,78.07,65.85,68.53,68.86,81.47,68.89,0.3894,0.9395,1800,1801,0.4026,0.9363,1699,1901,0.5262,0.9148,726,2874
synth_auc0.75,0.7518,0.8,29,0.8,0.5419,0.8067,0.6108,460.46,False,69.05,69.38,61.2,67.47,77.75,65.22,64.18,68.24,77.83,64.74,69.05,69.38,81.78,69.42,0.3828,0.9411,1800,1800,0.4021,0.9364,1649,1951,0.5158,0.9126,696,2905
synth_auc0.75,0.7653,0.8,30,0.8,0.5411,0.7957,0.6067,441.79,False,69.0,69.69,61.97,68.7,78.63,66.61,64.75,69.19,78.37,66.6,69.0,69.69,82.27,69.78,0.3939,0.9411,1800,1800,0.4116,0.9395,1652,1949,0.5516,0.9246,736,2865
synth_auc0.75,0.7387,0.8,31,0.8,0.5531,0.8204,0.616,406.4,False,68.23,67.61,60.4,66.25,77.37,64.64,64.53,67.74,78.43,64.4,68.23,67.61,81.85,67.78,0.3822,0.9229,1800,1802,0.3971,0.9197,1609,1992,0.5456,0.9052,647,2953
synth_auc0.75,0.7492,0.8,32,0.8,0.5389,0.8089,0.6117,519.47,False,68.83,68.96,61.13,67.4,77.98,65.58,63.73,67.8,78.32,65.29,68.83,68.96,81.33,69.19,0.3892,0.9439,1801,1800,0.4,0.934,1660,1940,0.5203,0.9128,688,2912
synth_auc0.75,0.756,0.8,33,0.8,0.528,0.7957,0.6067,507.78,False,68.9,69.53,61.77,68.39,78.13,65.83,63.53,68.52,78.02,66.04,68.9,69.53,81.25,69.56,0.3968,0.9417,1802,1802,0.4091,0.939,1699,1903,0.5054,0.9184,736,2866
synth_auc0.75,0.7589,0.8,34,0.8,0.5461,0.8142,0.6137,489.1,False,69.1,69.19,61.3,67.66,78.47,66.35,64.65,68.56,79.08,65.99,69.1,69.19,81.25,69.36,0.3944,0.9467,1800,1800,0.4088,0.9415,1634,1966,0.5396,0.915,669,2931
synth_auc0.75,0.7556,0.8,35,0.8,0.5361,0.7935,0.6058,439.72,False,68.55,69.06,61.37,67.76,78.03,65.68,63.77,68.14,77.72,65.79,68.55,69.06,81.6,69.35,0.3883,0.9439,1800,1801,0.4042,0.9384,1670,1931,0.5221,0.9163,745,2857
synth_auc0.75,0.7473,0.8,36,0.8,0.5601,0.7917,0.6052,424.17,False,67.92,68.14,60.8,66.88,77.6,65.0,64.98,67.77,77.17,65.1,67.92,68.14,81.65,68.31,0.3933,0.9367,1800,1801,0.4116,0.9326,1584,2017,0.5053,0.9141,750,2851
synth_auc0.75,0.754,0.8,37,0.8,0.5535,0.8403,0.6235,493.27,False,69.52,68.92,61.4,67.81,78.17,65.89,64.8,68.09,79.28,63.86,69.52,68.92,81.53,69.23,0.3926,0.945,1801,1800,0.4137,0.9338,1610,1993,0.5443,0.914,575,3025
synth_auc0.75,0.7494,0.8,38,0.8,0.564,0.8314,0.6202,526.05,False,69.32,68.92,61.13,67.4,77.68,65.11,65.6,68.38,78.6,63.62,69.32,68.92,81.5,68.89,0.3917,0.9389,1800,1800,0.4109,0.9305,1572,2030,0.5189,0.9115,607,2994
synth_auc0.75,0.7579,0.8,39,0.8,0.5385,0.805,0.6102,478.01,False,68.82,69.07,61.7,68.28,78.17,65.89,64.12,68.42,78.37,65.73,68.82,69.07,81.53,69.19,0.3917,0.9467,1800,1800,0.4043,0.9438,1662,1939,0.5285,0.9196,702,2898
synth_auc0.75,0.7373,0.9,0,0.9,0.554,0.9183,0.653,423.84,False,68.23,66.65,56.12,66.95,86.33,62.04,60.3,66.61,87.27,60.56,68.23,66.65,90.1,67.04,0.1961,0.9744,1800,1800,0.2061,0.9709,1606,1995,0.3559,0.9546,295,3306
synth_auc0.75,0.7408,0.9,1,0.9,0.5656,0.9073,0.6488,429.22,False,68.08,67.16,55.8,66.11,86.2,61.67,61.15,66.34,86.55,61.05,68.08,67.16,90.33,67.61,0.1994,0.9789,1800,1801,0.211,0.9705,1564,2037,0.3593,0.9538,334,3266
synth_auc0.75,0.7548,0.9,2,0.9,0.5626,0.9311,0.6578,476.51,False,69.45,68.95,56.43,67.87,86.43,62.31,61.73,68.67,88.2,60.33,69.45,68.95,90.37,69.65,0.2089,0.9761,1800,1800,0.2159,0.9734,1575,2027,0.4498,0.9603,249,3353
synth_auc0.75,0.7533,0.9,3,0.9,0.5544,0.9055,0.6482,441.26,False,68.98,69.81,56.18,67.14,86.32,61.95,60.87,68.11,86.78,62.06,68.98,69.81,90.27,69.82,0.212,0.9767,1802,1800,0.2213,0.9739,1604,1996,0.3636,0.9592,341,3261
synth_auc0.75,0.7684,0.9,4,0.9,0.5421,0.8971,0.645,410.72,False,68.97,70.46,56.77,68.8,86.3,61.94,60.38,69.47,86.1,62.06,68.97,70.46,90.07,70.67,0.2189,0.9811,1800,1800,0.2291,0.9795,1650,1952,0.3908,0.965,371,3230
synth_auc0.75,0.7668,0.9,5,0.9,0.5654,0.9342,0.659,446.54,False,69.93,70.04,56.7,68.54,86.73,63.07,62.08,69.01,88.58,60.62,69.93,70.04,90.5,70.1,0.2183,0.9772,1800,1801,0.2313,0.9725,1565,2036,0.4599,0.9605,237,3363
synth_auc0.75,0.7469,0.9,6,0.9,0.5562,0.8936,0.6437,524.33,False,68.1,68.35,56.2,67.22,86.27,61.85,60.85,67.66,85.72,61.69,68.1,68.35,90.13,68.62,0.2061,0.9761,1800,1800,0.2121,0.971,1598,2002,0.3558,0.9587,385,3217
synth_auc0.75,0.7474,0.9,7,0.9,0.5465,0.9174,0.6527,477.0,False,68.6,67.74,56.07,66.85,86.45,62.32,59.95,67.31,87.77,62.17,68.6,67.74,90.47,68.06,0.2067,0.9717,1800,1800,0.2143,0.9721,1633,1970,0.4348,0.957,299,3303
synth_auc0.75,0.7551,0.9,8,0.9,0.5497,0.9227,0.6547,410.47,False,69.4,69.52,56.25,67.32,86.43,62.31,60.47,68.04,87.7,60.8,69.4,69.52,90.3,69.72,0.2131,0.9717,1802,1800,0.2233,0.9702,1621,1980,0.4306,0.9591,281,3323
synth_auc0.75,0.7666,0.9,9,0.9,0.5384,0.9157,0.652,487.49,False,69.3,69.83,56.57,68.17,86.4,62.22,59.93,69.0,87.6,62.07,69.3,69.83,90.4,70.15,0.2167,0.9822,1800,1801,0.224,0.9804,1665,1938,0.3849,0.9615,304,3297
synth_auc0.75,0.7891,0.9,10,0.9,0.5433,0.9104,0.65,393.94,False,69.7,71.39,56.87,69.07,87.33,64.81,60.77,70.28,88.1,64.65,69.7,71.39,90.3,71.68,0.2275,0.9839,1802,1801,0.2348,0.9847,1644,1956,0.4784,0.967,324,3277
synth_auc0.75,0.7534,0.9,11,0.9,0.5274,0.8694,0.6345,446.4,False,67.45,68.58,56.22,67.23,86.37,62.13,58.78,68.29,84.4,63.48,67.45,68.58,90.2,69.35,0.2128,0.9767,1800,1800,0.2193,0.9753,1701,1899,0.3588,0.9626,471,3130
synth_auc0.75,0.7572,0.9,12,0.9,0.5361,0.8989,0.6457,452.96,False,68.43,68.83,56.03,66.76,86.47,62.41,59.25,67.66,86.38,62.44,68.43,68.83,90.13,69.19,0.2144,0.9767,1800,1800,0.221,0.9767,1670,1930,0.3599,0.9592,364,3236
synth_auc0.75,0.762,0.9,13,0.9,0.5603,0.9214,0.6542,410.51,False,69.45,69.77,56.37,67.69,86.43,62.31,61.58,68.73,87.73,61.19,69.45,69.77,90.17,69.81,0.2117,0.9794,1800,1800,0.2224,0.9792,1583,2017,0.4276,0.9611,283,3317
synth_auc0.75,0.7529,0.9,14,0.9,0.556,0.932,0.6582,479.05,False,69.38,68.69,56.25,67.32,86.38,62.14,60.77,67.46,88.35,60.56,69.38,68.69,90.17,68.7,0.2072,0.9783,1800,1800,0.2189,0.975,1599,2002,0.4696,0.9565,247,3355
synth_auc0.75,0.7584,0.9,15,0.9,0.5588,0.9276,0.6565,508.9,False,69.45,69.25,56.27,67.41,86.53,62.59,61.22,68.08,88.08,60.79,69.45,69.25,90.3,69.3,0.2121,0.9761,1801,1800,0.2254,0.9732,1588,2012,0.4215,0.9587,261,3339
synth_auc0.75,0.7491,0.9,16,0.9,0.5665,0.954,0.6665,450.37,False,69.65,67.58,56.17,67.13,86.25,61.77,61.53,67.22,89.28,58.19,69.65,67.58,90.37,67.91,0.2044,0.9739,1800,1800,0.2177,0.973,1562,2040,0.512,0.9543,166,3434
synth_auc0.75,0.7517,0.9,17,0.9,0.572,0.9311,0.6578,475.83,False,69.42,68.86,56.47,67.96,85.93,60.93,62.5,68.72,88.03,59.87,69.42,68.86,90.17,69.03,0.2072,0.9739,1800,1800,0.2219,0.9684,1541,2060,0.3855,0.9597,249,3352
synth_auc0.75,0.7612,0.9,18,0.9,0.5623,0.9421,0.662,407.62,False,70.2,70.11,56.37,67.61,86.1,61.39,61.8,68.93,88.47,58.63,70.2,70.11,90.17,70.2,0.2133,0.9772,1800,1800,0.2259,0.9709,1576,2025,0.3971,0.9605,209,3392
synth_auc0.75,0.7459,0.9,19,0.9,0.5611,0.9271,0.6563,452.98,False,69.03,68.13,56.03,66.76,86.35,62.05,61.02,67.01,87.98,60.58,69.03,68.13,90.25,68.33,0.2078,0.9734,1800,1802,0.2163,0.9718,1581,2021,0.403,0.9554,263,3338
synth_auc0.75,0.7493,0.9,20,0.9,0.567,0.9135,0.6512,440.26,False,68.55,67.94,56.15,67.05,85.97,61.02,61.5,67.06,86.7,60.09,68.55,67.94,90.18,68.36,0.2039,0.9789,1800,1800,0.2162,0.977,1559,2041,0.3802,0.9556,313,3288
synth_auc0.75,0.7554,0.9,21,0.9,0.53,0.9033,0.6473,431.5,False,68.93,69.85,56.07,66.85,86.0,61.11,58.73,67.59,86.22,61.01,68.93,69.85,90.3,69.92,0.2172,0.9756,1800,1800,0.2228,0.9722,1692,1908,0.3725,0.9591,349,3252
synth_auc0.75,0.7637,0.9,22,0.9,0.564,0.9262,0.656,484.56,False,69.6,69.78,56.93,69.26,86.03,61.2,62.2,69.67,87.58,59.69,69.6,69.78,90.35,70.12,0.2122,0.9828,1800,1801,0.2274,0.9778,1570,2031,0.3985,0.964,266,3334
synth_auc0.75,0.7564,0.9,23,0.9,0.5428,0.9077,0.649,471.27,False,68.6,68.56,56.23,67.31,86.73,63.15,59.82,67.68,87.23,62.83,68.6,68.56,90.53,69.2,0.2104,0.9728,1801,1801,0.2204,0.9724,1647,1955,0.4204,0.9581,333,3269
synth_auc0.75,0.7651,0.9,24,0.9,0.5465,0.8874,0.6413,508.03,False,68.1,68.87,56.47,67.96,86.92,63.55,60.22,68.05,86.12,64.21,68.1,68.87,90.4,69.44,0.2144,0.9795,1800,1801,0.2266,0.9771,1633,1969,0.3916,0.9603,406,3195
synth_auc0.75,0.7574,0.9,25,0.9,0.5556,0.9029,0.6472,495.78,False,68.92,69.84,56.55,68.16,86.07,61.3,61.38,69.29,86.35,61.45,68.92,69.84,89.98,70.58,0.2115,0.9761,1801,1800,0.2206,0.9735,1600,2001,0.3419,0.9631,351,3250
synth_auc0.75,0.758,0.9,26,0.9,0.5613,0.9315,0.658,456.1,False,69.73,69.7,56.62,68.27,86.73,63.15,61.7,68.87,88.65,61.47,69.73,69.7,90.22,69.84,0.215,0.9717,1800,1800,0.2245,0.9698,1581,2021,0.4458,0.9609,249,3354
synth_auc0.75,0.7604,0.9,27,0.9,0.5474,0.8883,0.6417,475.06,False,68.4,69.63,56.43,67.87,86.4,62.22,60.6,68.85,85.6,62.59,68.4,69.63,90.23,69.85,0.2089,0.9811,1800,1800,0.2202,0.9792,1630,1971,0.3762,0.9615,404,3198
synth_auc0.75,0.762,0.9,28,0.9,0.5683,0.9258,0.6558,483.88,False,69.92,70.69,56.47,67.96,86.13,61.48,62.2,68.7,87.72,60.14,69.92,70.69,90.17,70.83,0.2194,0.975,1800,1800,0.2289,0.9741,1555,2046,0.4216,0.9598,268,3333
synth_auc0.75,0.7468,0.9,29,0.9,0.5458,0.917,0.6525,460.13,False,68.65,67.92,56.23,67.31,85.93,60.93,59.92,67.36,86.98,60.03,68.65,67.92,90.1,68.66,0.2022,0.9739,1800,1800,0.211,0.9731,1635,1967,0.3612,0.957,299,3301
synth_auc0.75,0.7355,0.9,30,0.9,0.5505,0.887,0.6412,451.86,False,67.92,68.4,55.75,65.86,85.93,60.93,60.15,66.97,85.02,61.23,67.92,68.4,90.17,68.54,0.2006,0.9689,1800,1802,0.207,0.9662,1618,1982,0.3514,0.9558,407,3193
synth_auc0.75,0.7385,0.9,31,0.9,0.5599,0.9236,0.655,449.98,False,69.07,68.52,55.73,65.93,86.03,61.2,61.18,67.77,87.48,60.01,69.07,68.52,90.43,68.74,0.2056,0.965,1800,1800,0.2144,0.9638,1586,2017,0.4203,0.9576,276,3325
synth_auc0.75,0.7551,0.9,32,0.9,0.5504,0.9174,0.6527,479.78,False,69.0,68.85,56.13,67.04,86.63,62.87,60.37,67.61,87.62,61.71,69.0,68.85,90.37,68.81,0.2111,0.9772,1800,1801,0.2224,0.9753,1619,1983,0.41,0.9576,300,3305
synth_auc0.75,0.7731,0.9,33,0.9,0.5568,0.9399,0.6612,465.6,False,70.32,70.62,56.57,68.24,86.47,62.41,61.33,68.81,88.78,59.99,70.32,70.62,90.65,70.82,0.2217,0.9778,1800,1801,0.235,0.9751,1596,2006,0.47,0.9607,217,3384
synth_auc0.75,0.7357,0.9,34,0.9,0.5476,0.9249,0.6555,418.53,False,68.92,67.99,55.9,66.39,85.87,60.74,59.75,66.53,87.57,59.91,68.92,67.99,90.03,68.06,0.2028,0.975,1800,1800,0.2087,0.9706,1629,1971,0.3787,0.9544,272,3330
synth_auc0.75,0.7601,0.9,35,0.9,0.5551,0.9483,0.6643,448.53,False,70.17,69.5,56.42,67.79,86.1,61.39,61.08,68.53,89.12,59.06,70.17,69.5,90.2,69.45,0.2122,0.98,1800,1800,0.2228,0.977,1602,1999,0.4759,0.9575,187,3414
synth_auc0.75,0.7497,0.9,36,0.9,0.5467,0.9196,0.6535,472.55,False,69.12,68.99,56.15,66.97,86.33,62.04,60.2,67.96,87.57,61.09,69.12,68.99,90.23,69.08,0.205,0.975,1800,1800,0.2168,0.9756,1633,1969,0.3828,0.9583,290,3313
synth_auc0.75,0.7394,0.9,37,0.9,0.5508,0.9143,0.6515,499.05,False,68.52,67.77,55.9,66.39,85.8,60.56,60.22,67.08,86.77,60.06,68.52,67.77,90.1,67.89,0.2006,0.975,1800,1800,0.209,0.9713,1617,1983,0.3581,0.9557,310,3292
synth_auc0.75,0.7425,0.9,38,0.9,0.558,0.9174,0.6527,453.54,False,68.67,67.93,55.88,66.31,86.38,62.14,60.73,66.93,87.58,61.62,68.67,67.93,90.43,68.17,0.2054,0.9678,1801,1800,0.2173,0.9667,1592,2009,0.4161,0.9546,298,3303
synth_auc0.75,0.7426,0.9,39,0.9,0.5622,0.9214,0.6542,427.48,False,68.62,67.45,56.07,66.85,86.57,62.69,61.1,66.98,87.9,61.65,68.62,67.45,90.33,67.41,0.2017,0.9728,1800,1800,0.215,0.9689,1577,2024,0.4205,0.9545,283,3317
synth_auc0.75,0.7465,0.95,0,0.95,0.5694,0.9783,0.6757,495.61,False,69.5,69.42,53.2,66.84,92.3,59.47,59.62,67.54,94.08,55.52,69.5,69.42,94.7,69.38,0.1094,0.9856,1800,1801,0.1161,0.9839,1550,2050,0.3291,0.9793,79,3522
synth_auc0.75,0.7572,0.95,1,0.95,0.5445,0.9496,0.6648,433.93,False,68.38,68.68,53.4,67.89,92.2,58.95,57.42,67.96,92.18,59.1,68.38,68.68,94.7,69.18,0.1105,0.9883,1801,1801,0.1157,0.9888,1642,1960,0.2473,0.9801,182,3420
synth_auc0.75,0.7265,0.95,2,0.95,0.5561,0.9703,0.6727,456.64,False,68.73,66.81,52.95,65.45,92.0,57.89,58.12,66.11,93.5,56.16,68.73,66.81,94.53,67.7,0.1038,0.9822,1801,1800,0.1095,0.9815,1598,2002,0.2243,0.9771,107,3493
synth_auc0.75,0.7562,0.95,3,0.95,0.5671,0.9853,0.6783,515.95,False,69.67,69.04,53.25,67.03,92.23,59.12,59.55,68.45,94.57,54.67,69.67,69.04,94.83,69.97,0.1127,0.9872,1801,1801,0.1199,0.9863,1559,2043,0.434,0.9789,53,3547
synth_auc0.75,0.7326,0.95,4,0.95,0.5569,0.9479,0.6642,474.76,False,68.12,67.59,52.9,65.26,91.93,57.54,57.97,64.93,91.78,57.78,68.12,67.59,94.8,68.07,0.1061,0.985,1800,1800,0.1115,0.984,1597,2005,0.2074,0.9757,188,3413
synth_auc0.75,0.7539,0.95,5,0.95,0.5576,0.9805,0.6765,466.71,False,69.35,68.24,53.27,67.19,92.07,58.09,58.75,68.66,94.07,54.4,69.35,68.24,94.78,69.35,0.1078,0.9906,1800,1800,0.1098,0.99,1594,2008,0.3333,0.9796,72,3531
synth_auc0.75,0.7643,0.95,6,0.95,0.5647,0.9809,0.6767,470.29,False,69.87,70.88,53.17,66.67,92.4,60.0,59.42,68.85,94.22,54.96,69.87,70.88,94.72,71.04,0.1161,0.9872,1800,1800,0.1219,0.9862,1567,2033,0.3333,0.9813,69,3532
synth_auc0.75,0.7309,0.95,7,0.95,0.5469,0.9646,0.6705,472.54,False,68.62,67.22,52.83,64.91,92.47,60.35,57.17,65.3,93.68,59.89,68.62,67.22,94.93,67.44,0.1028,0.9839,1800,1800,0.1066,0.9837,1633,1969,0.3906,0.9761,128,3473
synth_auc0.75,0.7245,0.95,8,0.95,0.5636,0.9553,0.667,360.16,False,68.27,67.04,52.73,64.39,92.47,60.35,58.6,65.11,92.9,60.11,68.27,67.04,94.8,67.19,0.1,0.9872,1800,1800,0.1063,0.9852,1571,2029,0.3148,0.9756,162,3441
synth_auc0.75,0.7637,0.95,9,0.95,0.5486,0.9492,0.6647,476.53,False,68.57,69.72,53.1,66.32,92.57,60.72,57.72,67.64,92.48,60.68,68.57,69.72,94.95,70.23,0.1127,0.9872,1801,1801,0.1194,0.9863,1625,1975,0.3005,0.9792,183,3419
synth_auc0.75,0.7528,0.95,10,0.95,0.5578,0.999,0.6882,417.24,False,70.48,68.68,53.27,67.04,92.17,58.61,58.75,68.5,94.65,52.82,70.48,68.68,94.65,70.04,0.1083,0.9895,1800,1801,0.1131,0.9861,1592,2008,0.2,0.9803,5,3599
synth_auc0.75,0.7514,0.95,11,0.95,0.5438,0.9889,0.6797,413.45,False,69.63,68.23,53.3,67.37,92.15,58.61,57.3,67.58,94.65,53.29,69.63,68.23,94.68,68.54,0.1067,0.99,1800,1800,0.1108,0.9903,1643,1961,0.3571,0.9784,42,3560
synth_auc0.75,0.735,0.95,12,0.95,0.5501,0.9792,0.676,410.63,False,69.23,67.86,53.1,66.32,92.03,58.07,57.65,66.5,93.97,54.51,69.23,67.86,94.62,68.42,0.1056,0.9861,1800,1800,0.1085,0.9869,1622,1980,0.25,0.9765,76,3525
synth_auc0.75,0.7709,0.95,13,0.95,0.5548,0.9448,0.663,428.67,False,68.47,69.98,53.43,68.07,92.53,60.7,58.6,69.37,92.1,60.95,68.47,69.98,94.8,70.37,0.1139,0.9889,1800,1800,0.1198,0.989,1603,1997,0.2786,0.9821,201,3402
synth_auc0.75,0.7583,0.95,14,0.95,0.5406,0.9479,0.6642,424.97,False,68.32,68.64,53.23,67.02,92.23,59.12,57.03,67.75,92.08,59.36,68.32,68.64,94.97,68.82,0.1078,0.9917,1800,1802,0.1106,0.9897,1654,1947,0.2804,0.9798,189,3412
synth_auc0.75,0.7601,0.95,15,0.95,0.5545,0.9509,0.6653,417.05,False,68.53,69.23,53.27,67.04,92.15,58.61,58.35,68.13,92.23,58.65,68.53,69.23,94.87,70.15,0.1122,0.9894,1800,1800,0.1185,0.9895,1604,1996,0.2429,0.9804,177,3423
synth_auc0.75,0.747,0.95,16,0.95,0.5432,0.9655,0.6708,476.4,False,68.92,68.64,53.13,66.49,92.32,59.32,57.12,67.01,93.37,57.82,68.92,68.64,95.07,68.79,0.1078,0.9856,1800,1800,0.113,0.9842,1646,1956,0.3413,0.979,126,3476
synth_auc0.75,0.7456,0.95,17,0.95,0.5458,0.9549,0.6668,483.59,False,68.55,68.61,53.17,66.67,92.05,58.08,57.25,66.45,92.28,57.1,68.55,68.61,94.87,69.01,0.1088,0.9872,1801,1800,0.1138,0.9863,1635,1966,0.2727,0.9793,165,3438
synth_auc0.75,0.752,0.95,18,0.95,0.5547,0.9853,0.6783,466.64,False,69.57,68.51,53.1,66.16,92.52,60.54,58.23,67.44,94.6,54.84,69.57,68.51,94.77,68.97,0.1072,0.9889,1801,1800,0.1122,0.988,1604,1999,0.4151,0.9786,53,3547
synth_auc0.75,0.7545,0.95,19,0.95,0.5534,0.9514,0.6655,476.3,False,68.72,70.11,53.33,67.54,92.13,58.6,58.38,68.78,92.23,58.49,68.72,70.11,94.6,70.0,0.1094,0.9878,1800,1800,0.1163,0.9875,1608,1993,0.2614,0.981,176,3426
synth_auc0.75,0.7536,0.95,20,0.95,0.5343,0.9536,0.6663,417.91,False,68.6,69.11,53.2,66.84,92.57,60.88,56.37,67.25,92.72,60.01,68.6,69.11,94.77,69.68,0.1072,0.9872,1801,1803,0.1114,0.987,1678,1924,0.2857,0.9796,168,3433
synth_auc0.75,0.7646,0.95,21,0.95,0.5565,0.9712,0.673,423.86,False,69.43,70.33,53.35,67.55,92.23,59.12,58.72,69.11,93.68,56.73,69.43,70.33,94.8,70.61,0.1149,0.9906,1801,1800,0.119,0.989,1597,2003,0.3462,0.9811,104,3496
synth_auc0.75,0.7741,0.95,22,0.95,0.5521,0.9875,0.6792,406.22,False,70.12,71.01,53.53,68.44,92.4,60.0,58.38,69.41,94.55,53.55,70.12,71.01,94.82,71.31,0.1156,0.9894,1800,1800,0.1221,0.9904,1613,1988,0.4444,0.9823,45,3555
synth_auc0.75,0.7547,0.95,23,0.95,0.5564,0.9412,0.6617,450.62,False,68.2,69.21,53.28,67.2,92.43,60.18,58.42,67.54,91.73,60.6,68.2,69.21,94.7,69.32,0.1094,0.9883,1800,1801,0.114,0.9895,1597,2003,0.2642,0.9799,212,3388
synth_auc0.75,0.7479,0.95,24,0.95,0.5625,0.9624,0.6697,506.75,False,68.77,68.4,53.27,67.19,92.13,58.6,59.08,68.2,93.0,57.32,68.77,68.4,94.82,69.06,0.1071,0.9894,1802,1800,0.1129,0.9867,1576,2025,0.2721,0.9804,136,3467
synth_auc0.75,0.7511,0.95,25,0.95,0.5422,0.9549,0.6668,453.99,False,68.68,69.31,53.17,66.67,92.3,59.47,57.27,68.19,92.55,58.5,68.68,69.31,94.8,69.42,0.1066,0.99,1801,1800,0.1098,0.9887,1648,1954,0.2638,0.9802,163,3440
synth_auc0.75,0.7465,0.95,26,0.95,0.5523,0.9942,0.6817,426.27,False,69.73,67.81,52.92,65.27,92.47,60.35,57.83,66.28,94.95,54.39,69.73,67.81,94.95,68.83,0.1083,0.99,1800,1802,0.1141,0.9889,1613,1989,0.5,0.9757,22,3582
synth_auc0.75,0.7392,0.95,27,0.95,0.5602,0.9673,0.6715,450.21,False,69.08,69.2,53.07,66.14,92.03,58.07,58.62,66.85,93.32,56.69,69.08,69.2,94.77,70.07,0.1099,0.9822,1801,1801,0.1131,0.9836,1583,2017,0.322,0.9779,118,3482
synth_auc0.75,0.7462,0.95,28,0.95,0.5596,0.9884,0.6795,449.29,False,69.72,68.75,53.12,66.32,92.2,58.95,58.72,67.54,94.63,53.6,69.72,68.75,94.7,68.95,0.1094,0.9856,1800,1802,0.114,0.9861,1588,2015,0.4651,0.9784,43,3558
synth_auc0.75,0.7652,0.95,29,0.95,0.5616,0.9814,0.6768,390.14,False,69.42,68.43,53.43,68.07,92.6,61.05,59.2,69.21,94.67,57.09,69.42,68.43,94.93,69.71,0.1078,0.9889,1800,1801,0.1172,0.9896,1578,2022,0.4706,0.9808,68,3534
synth_auc0.75,0.7713,0.95,30,0.95,0.5746,0.9664,0.6712,438.17,False,69.18,69.89,53.73,69.65,92.0,57.89,60.5,69.89,93.18,56.31,69.18,69.89,94.77,70.79,0.111,0.9917,1801,1801,0.1213,0.9918,1533,2069,0.304,0.983,125,3479
synth_auc0.75,0.7486,0.95,31,0.95,0.5612,0.9509,0.6653,433.36,False,68.47,68.88,53.22,66.85,92.17,58.77,58.98,68.31,92.27,58.82,68.47,68.88,94.85,69.95,0.1078,0.9894,1800,1800,0.112,0.9896,1580,2021,0.2599,0.9813,177,3423
synth_auc0.75,0.7566,0.95,32,0.95,0.5447,0.9761,0.6748,465.62,False,69.28,68.68,53.17,66.67,92.6,61.05,57.33,67.44,94.35,57.87,69.28,68.68,94.93,68.78,0.1078,0.9878,1800,1800,0.114,0.9888,1640,1961,0.4253,0.9789,87,3514
synth_auc0.75,0.7653,0.95,33,0.95,0.556,0.9633,0.67,433.95,False,68.9,68.95,53.47,68.25,92.3,59.47,58.68,69.1,93.4,58.95,68.9,68.95,94.93,69.85,0.1094,0.9894,1800,1800,0.1138,0.9895,1599,2002,0.3534,0.9818,133,3468
synth_auc0.75,0.7597,0.95,34,0.95,0.5685,0.992,0.6808,417.44,False,69.92,69.17,53.38,67.73,92.1,58.42,59.72,68.69,94.6,52.63,69.92,69.17,94.6,69.83,0.1116,0.9911,1801,1801,0.119,0.9888,1554,2049,0.3448,0.9793,29,3572
synth_auc0.75,0.721,0.95,35,0.95,0.5609,0.9712,0.673,462.77,False,68.43,65.07,52.87,65.09,92.0,57.89,58.3,64.63,93.32,54.8,68.43,65.07,94.58,66.59,0.0983,0.9872,1801,1801,0.1081,0.9837,1582,2021,0.2571,0.9731,105,3496
synth_auc0.75,0.7526,0.95,36,0.95,0.5576,0.9783,0.6757,452.09,False,69.33,68.54,53.18,66.68,92.1,58.42,58.42,66.9,94.08,55.52,69.33,68.54,94.72,69.02,0.1106,0.9906,1800,1800,0.1142,0.99,1593,2008,0.3375,0.9781,80,3524
synth_auc0.75,0.7625,0.95,37,0.95,0.5518,0.9576,0.6678,528.78,False,68.95,70.24,53.5,68.26,92.23,59.12,58.18,68.52,92.68,57.94,68.95,70.24,94.83,70.45,0.1133,0.9878,1801,1800,0.1196,0.9869,1614,1987,0.2745,0.9809,153,3447
synth_auc0.75,0.7611,0.95,38,0.95,0.5505,0.98,0.6763,340.9,False,69.57,69.46,53.27,67.19,92.43,60.18,57.85,67.39,94.33,55.96,69.57,69.46,94.83,69.89,0.1122,0.9883,1801,1800,0.1173,0.9869,1620,1982,0.3919,0.9788,74,3530
synth_auc0.75,0.7383,0.95,39,0.95,0.5574,0.9465,0.6637,418.18,False,68.13,67.91,53.2,66.68,91.97,57.72,58.45,67.24,91.85,58.76,68.13,67.91,94.67,68.43,0.1033,0.9883,1801,1800,0.1066,0.9865,1595,2007,0.2383,0.9789,193,3407
synth_auc0.85,0.8603,0.5,0,0.5,0.5075,0.5008,0.5073,642.54,False,77.43,77.43,77.4,77.4,77.4,77.4,77.45,77.45,77.42,77.42,77.43,77.43,77.52,77.52,0.8939,0.875,1801,1800,0.8985,0.8742,1773,1828,0.8943,0.8747,1797,1803
synth_auc0.85,0.8466,0.5,1,0.5,0.5219,0.5011,0.5075,710.06,False,75.92,75.92,75.8,75.8,75.8,75.8,75.6,75.6,75.88,75.88,75.92,75.92,76.08,76.08,0.8733,0.8606,1800,1800,0.8838,0.8531,1721,1879,0.8742,0.8609,1796,1804
synth_auc0.85,0.8554,0.5,2,0.5,0.5173,0.5032,0.5087,673.66,False,77.03,77.03,76.87,76.87,76.87,76.87,77.13,77.13,76.97,76.97,77.03,77.03,77.15,77.15,0.8912,0.8733,1801,1800,0.8937,0.87,1740,1862,0.8932,0.8714,1789,1812
synth_auc0.85,0.8493,0.5,3,0.5,0.5,0.4905,0.5017,639.9,False,76.57,76.57,76.5,76.5,76.5,76.5,76.5,76.5,76.55,76.55,76.57,76.57,76.62,76.62,0.8722,0.8706,1800,1801,0.8722,0.8706,1800,1801,0.8691,0.8721,1834,1767
synth_auc0.85,0.8513,0.5,4,0.5,0.5136,0.489,0.5008,634.4,False,77.08,77.08,77.07,77.07,77.07,77.07,77.08,77.08,77.13,77.13,77.08,77.08,77.17,77.17,0.8733,0.8689,1800,1800,0.8772,0.8637,1751,1849,0.8728,0.8717,1840,1761
synth_auc0.85,0.8433,0.5,5,0.5,0.4942,0.4832,0.4977,707.49,False,76.37,76.37,76.43,76.43,76.43,76.43,76.42,76.42,76.38,76.38,76.37,76.37,76.43,76.43,0.8711,0.8544,1800,1800,0.8704,0.8572,1821,1779,0.8641,0.8626,1862,1740
synth_auc0.85,0.8545,0.5,6,0.5,0.5163,0.5038,0.509,644.06,False,76.73,76.73,76.77,76.77,76.77,76.77,76.6,76.6,76.78,76.78,76.73,76.73,76.83,76.83,0.8817,0.8744,1801,1800,0.8851,0.8704,1741,1860,0.8819,0.8738,1786,1814
synth_auc0.85,0.8582,0.5,7,0.5,0.5107,0.4868,0.4997,754.19,False,77.33,77.33,77.37,77.37,77.37,77.37,77.5,77.5,77.55,77.55,77.33,77.33,77.7,77.7,0.8839,0.8689,1800,1800,0.8848,0.8668,1762,1839,0.8778,0.8763,1849,1754
synth_auc0.85,0.852,0.5,8,0.5,0.518,0.5038,0.509,691.58,False,76.57,76.57,76.3,76.3,76.3,76.3,76.6,76.6,76.4,76.4,76.57,76.57,76.65,76.65,0.8822,0.8634,1800,1801,0.8865,0.8574,1736,1866,0.8824,0.8616,1786,1814
synth_auc0.85,0.8541,0.5,9,0.5,0.5173,0.5035,0.5088,693.44,False,76.72,76.72,76.63,76.63,76.63,76.63,76.67,76.67,76.68,76.68,76.72,76.72,76.83,76.83,0.8844,0.8656,1800,1800,0.8913,0.8609,1738,1862,0.886,0.866,1789,1813
synth_auc0.85,0.859,0.5,10,0.5,0.5125,0.4905,0.5017,622.42,False,77.5,77.5,77.52,77.52,77.52,77.52,77.35,77.35,77.42,77.42,77.5,77.5,77.53,77.53,0.8906,0.8735,1801,1802,0.894,0.8715,1755,1845,0.8866,0.876,1834,1766
synth_auc0.85,0.8546,0.5,11,0.5,0.5256,0.5187,0.5172,663.97,False,77.22,77.22,77.03,77.03,77.03,77.03,77.12,77.12,77.17,77.17,77.22,77.22,77.28,77.28,0.8834,0.8645,1801,1801,0.8952,0.8578,1708,1892,0.8932,0.8576,1733,1868
synth_auc0.85,0.8503,0.5,12,0.5,0.5144,0.4953,0.5043,777.41,False,76.63,76.63,76.6,76.6,76.6,76.6,76.58,76.58,76.6,76.6,76.63,76.63,76.65,76.65,0.8744,0.875,1800,1800,0.8782,0.8699,1749,1852,0.874,0.8766,1818,1783
synth_auc0.85,0.8548,0.5,13,0.5,0.5075,0.4908,0.5018,674.52,False,76.98,76.98,77.03,77.03,77.03,77.03,76.75,76.75,76.98,76.98,76.98,76.98,77.03,77.03,0.8767,0.88,1800,1800,0.8782,0.879,1774,1827,0.8729,0.8795,1833,1767
synth_auc0.85,0.8544,0.5,14,0.5,0.5113,0.4862,0.4993,718.88,False,77.0,77.0,76.95,76.95,76.95,76.95,77.08,77.08,76.88,76.88,77.0,77.0,77.08,77.08,0.8917,0.8672,1800,1800,0.8948,0.8632,1759,1842,0.8876,0.8721,1850,1751
synth_auc0.85,0.8522,0.5,15,0.5,0.5182,0.4972,0.5053,627.06,False,76.8,76.8,76.62,76.62,76.62,76.62,76.77,76.77,76.48,76.48,76.8,76.8,76.9,76.9,0.8818,0.8689,1802,1800,0.8877,0.8633,1736,1866,0.8801,0.8682,1810,1790
synth_auc0.85,0.8545,0.5,16,0.5,0.5056,0.5078,0.5112,685.33,False,77.35,77.35,77.2,77.2,77.2,77.2,77.25,77.25,77.27,77.27,77.35,77.35,77.4,77.4,0.8889,0.8656,1800,1800,0.8904,0.8622,1780,1822,0.8911,0.8616,1773,1828
synth_auc0.85,0.8478,0.5,17,0.5,0.5266,0.4996,0.5067,689.26,False,76.67,76.67,76.57,76.57,76.57,76.57,76.27,76.27,76.58,76.58,76.67,76.67,76.8,76.8,0.8734,0.8728,1801,1800,0.8821,0.8613,1705,1896,0.8729,0.8727,1802,1799
synth_auc0.85,0.8503,0.5,18,0.5,0.513,0.4929,0.503,671.4,False,76.77,76.77,76.62,76.62,76.62,76.62,76.73,76.73,76.5,76.5,76.77,76.77,77.13,77.13,0.8744,0.8694,1800,1800,0.8768,0.8674,1753,1847,0.8724,0.8711,1826,1776
synth_auc0.85,0.8536,0.5,19,0.5,0.5095,0.4887,0.5007,677.58,False,77.17,77.17,77.18,77.18,77.18,77.18,77.13,77.13,77.27,77.27,77.17,77.17,77.3,77.3,0.8717,0.8717,1800,1800,0.876,0.8708,1766,1834,0.8696,0.8756,1841,1760
synth_auc0.85,0.8473,0.5,20,0.5,0.5145,0.4996,0.5067,685.8,False,76.2,76.2,76.07,76.07,76.07,76.07,76.18,76.18,76.03,76.03,76.2,76.2,76.35,76.35,0.8767,0.8633,1801,1800,0.881,0.8596,1748,1852,0.8768,0.8633,1802,1799
synth_auc0.85,0.8549,0.5,21,0.5,0.5053,0.4847,0.4985,684.42,False,77.55,77.55,77.63,77.63,77.63,77.63,77.43,77.43,77.8,77.8,77.55,77.55,77.75,77.75,0.8772,0.8694,1800,1800,0.8787,0.8675,1781,1819,0.8749,0.8739,1855,1745
synth_auc0.85,0.8579,0.5,22,0.5,0.5209,0.4914,0.5022,673.71,False,77.05,77.05,77.03,77.03,77.03,77.03,77.02,77.02,76.9,76.9,77.05,77.05,77.18,77.18,0.8878,0.8756,1800,1800,0.8922,0.8667,1725,1876,0.8864,0.879,1831,1769
synth_auc0.85,0.8505,0.5,23,0.5,0.5054,0.4914,0.5022,691.83,False,76.58,76.58,76.6,76.6,76.6,76.6,76.57,76.57,76.67,76.67,76.58,76.58,76.68,76.68,0.8767,0.8717,1800,1800,0.8804,0.8709,1781,1820,0.8739,0.8739,1832,1769
synth_auc0.85,0.854,0.5,24,0.5,0.5248,0.5136,0.5143,663.63,False,77.67,77.67,77.37,77.37,77.37,77.37,77.62,77.62,77.62,77.62,77.67,77.67,77.72,77.72,0.8817,0.8644,1801,1800,0.8884,0.8549,1711,1889,0.8875,0.8599,1751,1849
synth_auc0.85,0.8579,0.5,25,0.5,0.4986,0.4868,0.4997,736.57,False,77.33,77.33,77.33,77.33,77.33,77.33,77.32,77.32,77.55,77.55,77.33,77.33,77.62,77.62,0.8761,0.8757,1800,1802,0.8759,0.8758,1805,1795,0.8712,0.8853,1848,1753
synth_auc0.85,0.8539,0.5,26,0.5,0.5158,0.5087,0.5117,663.66,False,76.33,76.33,76.28,76.28,76.28,76.28,76.42,76.42,76.35,76.35,76.33,76.33,76.5,76.5,0.8872,0.8701,1800,1801,0.8939,0.8681,1743,1857,0.891,0.8674,1770,1832
synth_auc0.85,0.857,0.5,27,0.5,0.5192,0.4978,0.5057,723.02,False,77.67,77.67,77.35,77.35,77.35,77.35,77.48,77.48,77.32,77.32,77.67,77.67,77.65,77.65,0.8856,0.8628,1800,1800,0.892,0.861,1732,1870,0.8861,0.8644,1809,1792
synth_auc0.85,0.8504,0.5,28,0.5,0.5147,0.4908,0.5018,614.33,False,76.42,76.42,76.35,76.35,76.35,76.35,76.3,76.3,76.32,76.32,76.42,76.42,76.57,76.57,0.8833,0.8673,1800,1801,0.8855,0.8618,1747,1853,0.8805,0.8683,1833,1769
synth_auc0.85,0.8516,0.5,29,0.5,0.5145,0.5005,0.5072,695.06,False,76.28,76.28,76.1,76.1,76.1,76.1,76.07,76.07,76.08,76.08,76.28,76.28,76.32,76.32,0.8833,0.87,1800,1800,0.889,0.865,1748,1852,0.8843,0.8696,1798,1802
synth_auc0.85,0.8538,0.5,30,0.5,0.5372,0.5066,0.5105,636.06,False,76.92,76.92,76.9,76.9,76.9,76.9,76.87,76.87,76.85,76.85,76.92,76.92,77.05,77.05,0.8862,0.8772,1801,1800,0.898,0.8588,1666,1934,0.8858,0.874,1777,1826
synth_auc0.85,0.8508,0.5,31,0.5,0.5143,0.4978,0.5057,741.73,False,77.2,77.2,77.23,77.23,77.23,77.23,77.13,77.13,77.2,77.2,77.2,77.2,77.23,77.23,0.8744,0.8589,1800,1800,0.8782,0.8569,1749,1852,0.8733,0.8599,1808,1792
synth_auc0.85,0.8547,0.5,32,0.5,0.5165,0.4923,0.5027,672.99,False,76.93,76.93,76.97,76.97,76.97,76.97,77.02,77.02,76.92,76.92,76.93,76.93,77.15,77.15,0.8817,0.8744,1800,1800,0.8874,0.865,1741,1859,0.8807,0.8776,1828,1773
synth_auc0.85,0.8487,0.5,33,0.5,0.5167,0.4972,0.5053,690.3,False,76.83,76.83,76.63,76.63,76.63,76.63,77.13,77.13,76.48,76.48,76.83,76.83,77.12,77.12,0.8751,0.8633,1801,1800,0.8822,0.8597,1740,1860,0.8751,0.8643,1810,1791
synth_auc0.85,0.8544,0.5,34,0.5,0.4987,0.5017,0.5078,656.31,False,76.82,76.82,76.85,76.85,76.85,76.85,76.8,76.8,76.9,76.9,76.82,76.82,77.07,77.07,0.8839,0.8694,1800,1800,0.8843,0.8702,1806,1795,0.8846,0.8693,1794,1806
synth_auc0.85,0.8531,0.5,35,0.5,0.4848,0.4875,0.5,650.24,False,76.97,76.97,76.97,76.97,76.97,76.97,76.77,76.77,76.78,76.78,76.97,76.97,76.97,76.97,0.8806,0.8717,1801,1800,0.875,0.8774,1856,1746,0.877,0.8764,1845,1755
synth_auc0.85,0.8551,0.5,36,0.5,0.5056,0.4923,0.5027,718.98,False,77.47,77.47,77.5,77.5,77.5,77.5,77.57,77.57,77.42,77.42,77.47,77.47,77.55,77.55,0.8867,0.865,1800,1800,0.8899,0.8627,1780,1821,0.8813,0.868,1828,1773
synth_auc0.85,0.8539,0.5,37,0.5,0.5013,0.4899,0.5013,656.72,False,76.53,76.53,76.5,76.5,76.5,76.5,76.53,76.53,76.28,76.28,76.53,76.53,76.82,76.82,0.8841,0.8706,1803,1800,0.8842,0.8709,1796,1805,0.8819,0.873,1838,1764
synth_auc0.85,0.8436,0.5,38,0.5,0.4944,0.4847,0.4985,729.95,False,76.02,76.02,76.03,76.03,76.03,76.03,76.02,76.02,76.2,76.2,76.02,76.02,76.18,76.18,0.87,0.8572,1800,1800,0.8692,0.8579,1820,1780,0.8669,0.862,1856,1746
synth_auc0.85,0.8465,0.5,39,0.5,0.5164,0.5017,0.5078,670.28,False,75.58,75.58,75.37,75.37,75.37,75.37,75.72,75.72,75.4,75.4,75.58,75.58,75.83,75.83,0.8761,0.8656,1800,1800,0.8823,0.8624,1741,1860,0.8768,0.866,1794,1806
synth_auc0.85,0.854,0.6,0,0.6,0.5409,0.6004,0.562,754.16,False,77.4,77.25,75.58,76.65,78.22,77.31,76.97,77.24,78.2,77.28,77.4,77.25,78.23,77.41,0.7939,0.9256,1800,1800,0.8106,0.9132,1653,1947,0.836,0.9024,1439,2161
synth_auc0.85,0.857,0.6,1,0.6,0.5343,0.5855,0.5538,753.58,False,77.25,77.26,75.6,76.67,78.08,77.17,76.37,76.75,77.95,77.33,77.25,77.26,78.38,77.31,0.7978,0.9283,1800,1800,0.8116,0.9194,1677,1924,0.8338,0.9113,1492,2109
synth_auc0.85,0.8509,0.6,2,0.6,0.5363,0.5855,0.5538,724.35,False,77.12,77.12,75.47,76.53,77.97,77.05,76.53,76.88,77.85,77.23,77.12,77.12,78.13,77.35,0.794,0.9178,1801,1800,0.8078,0.9136,1670,1932,0.8204,0.9037,1492,2108
synth_auc0.85,0.8522,0.6,3,0.6,0.5352,0.5976,0.5605,618.47,False,76.72,76.57,75.12,76.16,77.3,76.35,76.23,76.59,77.4,76.51,76.72,76.57,77.92,76.86,0.7972,0.9228,1800,1800,0.8171,0.9144,1673,1927,0.8509,0.8992,1449,2152
synth_auc0.85,0.8559,0.6,4,0.6,0.5298,0.5803,0.551,658.34,False,77.2,77.27,75.53,76.6,77.47,76.53,76.38,76.86,77.8,77.28,77.2,77.27,78.2,77.41,0.7994,0.9272,1800,1800,0.8181,0.9208,1693,1907,0.8445,0.9081,1511,2089
synth_auc0.85,0.8532,0.6,5,0.6,0.5406,0.5961,0.5597,669.02,False,76.47,76.33,75.37,76.42,77.13,76.18,76.02,76.26,77.32,76.45,76.47,76.33,77.67,76.55,0.7922,0.9284,1800,1802,0.8138,0.9203,1654,1946,0.8426,0.9041,1455,2148
synth_auc0.85,0.8534,0.6,6,0.6,0.5485,0.6004,0.562,749.43,False,76.53,76.35,75.08,76.12,77.53,76.6,76.58,76.68,77.53,76.59,76.53,76.35,78.18,76.81,0.7978,0.9217,1800,1800,0.8224,0.918,1627,1976,0.8409,0.9075,1439,2161
synth_auc0.85,0.8473,0.6,7,0.6,0.5265,0.5858,0.554,660.81,False,76.17,76.13,74.6,75.62,76.58,75.6,75.3,75.8,76.72,76.04,76.17,76.13,77.48,76.19,0.7894,0.9289,1800,1800,0.8035,0.9219,1705,1896,0.8283,0.909,1491,2109
synth_auc0.85,0.8513,0.6,8,0.6,0.5457,0.5952,0.5592,703.23,False,77.12,77.01,75.52,76.58,77.65,76.72,76.6,76.76,77.8,76.97,77.12,77.01,78.15,77.1,0.7906,0.9184,1800,1801,0.8105,0.912,1636,1965,0.8333,0.902,1458,2143
synth_auc0.85,0.8525,0.6,9,0.6,0.5251,0.5731,0.547,661.12,False,76.7,76.83,75.4,76.46,77.43,76.49,76.03,76.59,77.37,76.99,76.7,76.83,78.12,77.04,0.7939,0.9289,1800,1800,0.8076,0.9238,1710,1891,0.8256,0.9069,1537,2063
synth_auc0.85,0.8631,0.6,10,0.6,0.5351,0.5864,0.5543,747.52,False,77.87,77.9,75.93,77.01,78.57,77.67,76.98,77.38,78.33,77.72,77.87,77.9,78.9,77.91,0.8112,0.935,1801,1800,0.8321,0.9252,1674,1926,0.857,0.9143,1489,2111
synth_auc0.85,0.8469,0.6,11,0.6,0.5345,0.6016,0.5627,697.75,False,76.07,75.85,74.83,75.87,76.68,75.71,75.5,75.84,76.62,75.61,76.07,75.85,76.98,75.95,0.7789,0.9233,1800,1800,0.7971,0.9184,1676,1924,0.8341,0.8998,1435,2166
synth_auc0.85,0.862,0.6,12,0.6,0.5293,0.5888,0.5557,754.73,False,77.7,77.69,75.5,76.56,78.13,77.22,77.02,77.53,78.58,77.92,77.7,77.69,78.62,77.95,0.8067,0.935,1800,1800,0.8219,0.9281,1696,1905,0.8507,0.9132,1480,2120
synth_auc0.85,0.8498,0.6,13,0.6,0.5449,0.6159,0.5705,730.34,False,77.08,76.74,74.4,75.42,77.57,76.63,76.13,76.28,77.42,76.15,77.08,76.74,77.78,76.9,0.7928,0.9156,1800,1802,0.8162,0.9093,1638,1963,0.8483,0.8963,1384,2217
synth_auc0.85,0.854,0.6,14,0.6,0.5203,0.5791,0.5503,697.08,False,76.53,76.59,75.27,76.32,77.0,76.04,76.07,76.73,77.12,76.6,76.53,76.59,78.2,76.78,0.8028,0.9228,1800,1801,0.8107,0.9205,1727,1874,0.8343,0.9084,1515,2086
synth_auc0.85,0.8443,0.6,15,0.6,0.5356,0.5943,0.5587,647.55,False,76.07,75.93,74.47,75.49,76.23,75.24,75.45,75.77,76.35,75.48,76.07,75.93,76.53,75.99,0.7735,0.9206,1801,1800,0.7927,0.9118,1674,1928,0.8268,0.8963,1461,2140
synth_auc0.85,0.8519,0.6,16,0.6,0.5636,0.6061,0.5652,700.57,False,77.38,77.17,75.0,76.04,77.73,76.81,77.33,77.15,77.48,76.42,77.38,77.17,77.82,77.18,0.7917,0.9256,1800,1800,0.8224,0.9113,1571,2029,0.84,0.901,1419,2182
synth_auc0.85,0.8488,0.6,17,0.6,0.5348,0.591,0.5568,698.75,False,76.62,76.54,75.07,76.1,77.05,76.09,75.98,76.34,77.13,76.37,76.62,76.54,77.13,76.66,0.7828,0.9267,1800,1801,0.797,0.9211,1675,1926,0.8235,0.9075,1473,2129
synth_auc0.85,0.8452,0.6,18,0.6,0.5409,0.6101,0.5673,646.11,False,76.47,76.17,74.53,75.55,77.35,76.4,75.68,75.9,77.23,76.08,76.47,76.17,77.37,76.44,0.7739,0.9161,1800,1800,0.7956,0.9097,1654,1948,0.834,0.8962,1404,2196
synth_auc0.85,0.8552,0.6,19,0.6,0.5297,0.5849,0.5535,680.57,False,77.25,77.27,75.52,76.58,77.4,76.46,76.5,76.99,77.58,76.97,77.25,77.27,77.87,77.26,0.7872,0.9311,1800,1800,0.8015,0.9261,1693,1907,0.8341,0.9179,1495,2106
synth_auc0.85,0.86,0.6,20,0.6,0.5318,0.5916,0.5572,684.03,False,77.52,77.47,75.43,76.49,78.53,77.64,76.52,76.96,78.82,78.11,77.52,77.47,78.9,78.02,0.8034,0.9328,1801,1800,0.818,0.9238,1687,1916,0.8423,0.9085,1471,2132
synth_auc0.85,0.8553,0.6,21,0.6,0.5533,0.6119,0.5683,732.33,False,77.17,76.88,75.28,76.33,77.8,76.88,76.77,76.77,77.52,76.33,77.17,76.88,77.93,77.06,0.7956,0.9278,1800,1801,0.831,0.9222,1609,1992,0.8518,0.9092,1397,2203
synth_auc0.85,0.8457,0.6,22,0.6,0.5334,0.5995,0.5615,693.91,False,75.82,75.61,74.97,76.01,76.63,75.66,75.37,75.73,76.63,75.67,75.82,75.61,77.23,76.15,0.7857,0.9217,1801,1801,0.8001,0.9104,1681,1920,0.8232,0.8971,1442,2158
synth_auc0.85,0.8548,0.6,23,0.6,0.5102,0.5712,0.546,651.05,False,76.87,77.03,75.37,76.42,77.07,76.11,75.55,76.4,77.08,76.73,76.87,77.03,77.62,76.99,0.7878,0.9306,1800,1801,0.7924,0.9287,1763,1837,0.8199,0.9174,1544,2057
synth_auc0.85,0.8573,0.6,24,0.6,0.5496,0.5976,0.5605,727.23,False,77.58,77.47,75.8,76.88,77.7,76.77,77.33,77.44,77.87,76.99,77.58,77.47,78.15,77.44,0.8001,0.9306,1801,1800,0.8292,0.9237,1622,1979,0.8475,0.9154,1449,2152
synth_auc0.85,0.8479,0.6,25,0.6,0.5585,0.6192,0.5723,746.21,False,76.73,76.34,74.77,75.8,77.15,76.19,76.55,76.44,77.27,75.92,76.73,76.34,77.63,76.45,0.7833,0.9178,1800,1800,0.8188,0.904,1589,2011,0.8476,0.896,1371,2230
synth_auc0.85,0.8529,0.6,26,0.6,0.543,0.5992,0.5613,671.53,False,77.07,76.92,75.17,76.22,77.27,76.32,76.25,76.44,77.22,76.28,77.07,76.92,77.58,76.82,0.7917,0.9267,1800,1800,0.8147,0.9208,1646,1956,0.8378,0.9091,1443,2157
synth_auc0.85,0.8531,0.6,27,0.6,0.5426,0.5949,0.559,688.85,False,76.9,76.79,75.03,76.08,77.33,76.39,76.38,76.6,77.45,76.62,76.9,76.79,77.77,76.91,0.795,0.9233,1800,1800,0.8172,0.9171,1647,1953,0.8458,0.8987,1459,2142
synth_auc0.85,0.85,0.6,28,0.6,0.5292,0.5916,0.5572,656.87,False,76.92,76.85,75.22,76.26,77.47,76.53,76.18,76.67,77.45,76.69,76.92,76.85,77.72,76.94,0.7839,0.9222,1800,1800,0.7976,0.9134,1695,1905,0.8253,0.901,1471,2131
synth_auc0.85,0.8588,0.6,29,0.6,0.5244,0.5673,0.5438,664.27,False,77.62,77.85,76.07,77.15,78.07,77.15,76.87,77.48,78.17,77.94,77.62,77.85,78.32,77.92,0.7978,0.93,1800,1801,0.8102,0.9258,1712,1888,0.8287,0.9172,1559,2042
synth_auc0.85,0.8542,0.6,30,0.6,0.5333,0.5919,0.5573,667.95,False,77.5,77.45,75.4,76.46,77.73,76.81,76.57,76.98,77.95,77.2,77.5,77.45,77.98,77.62,0.7911,0.9239,1800,1800,0.8095,0.9135,1680,1920,0.8306,0.9024,1470,2131
synth_auc0.85,0.8517,0.6,31,0.6,0.537,0.6007,0.5622,751.69,False,77.38,77.23,75.33,76.39,77.57,76.63,76.5,76.83,77.53,76.58,77.38,77.23,78.0,77.24,0.7928,0.92,1800,1801,0.8058,0.9121,1668,1933,0.8381,0.8969,1439,2163
synth_auc0.85,0.8475,0.6,32,0.6,0.5196,0.5746,0.5478,729.03,False,76.18,76.28,74.7,75.73,76.73,75.76,75.23,75.88,76.68,76.24,76.18,76.28,77.17,76.44,0.7828,0.9217,1800,1800,0.796,0.9161,1730,1871,0.8211,0.9038,1532,2069
synth_auc0.85,0.8616,0.6,33,0.6,0.5513,0.6061,0.5652,698.45,False,77.88,77.69,76.23,77.33,78.35,77.44,77.73,77.82,78.28,77.25,77.88,77.69,78.85,77.81,0.8106,0.9244,1800,1800,0.8373,0.9194,1616,1985,0.8568,0.9056,1418,2183
synth_auc0.85,0.8581,0.6,34,0.6,0.559,0.6064,0.5653,684.62,False,77.87,77.67,75.63,76.7,78.42,77.51,77.6,77.52,78.17,77.12,77.87,77.67,78.55,77.69,0.7978,0.9294,1800,1800,0.8257,0.9146,1589,2014,0.8469,0.9052,1417,2183
synth_auc0.85,0.8593,0.6,35,0.6,0.5437,0.5925,0.5577,687.73,False,77.8,77.76,75.83,76.91,77.95,77.03,77.27,77.49,78.25,77.5,77.8,77.76,78.43,77.79,0.8028,0.9244,1800,1800,0.8285,0.9167,1644,1957,0.8514,0.9095,1467,2133
synth_auc0.85,0.8557,0.6,36,0.6,0.5455,0.5894,0.556,774.89,False,77.9,77.9,75.87,76.94,78.43,77.53,77.58,77.78,78.42,77.74,77.9,77.9,78.63,78.0,0.8078,0.9194,1800,1800,0.8334,0.9155,1639,1965,0.8486,0.902,1480,2122
synth_auc0.85,0.8557,0.6,37,0.6,0.5325,0.5888,0.5557,702.34,False,76.87,76.83,75.17,76.22,77.37,76.42,76.05,76.46,77.58,76.88,76.87,76.83,78.33,77.08,0.8034,0.9244,1801,1800,0.8229,0.9176,1683,1917,0.8481,0.908,1481,2120
synth_auc0.85,0.8544,0.6,38,0.6,0.5301,0.5888,0.5557,742.28,False,77.27,77.24,75.67,76.74,77.62,76.68,76.45,76.92,77.77,77.07,77.27,77.24,78.13,77.27,0.7983,0.9173,1800,1802,0.8175,0.9162,1693,1909,0.8392,0.9067,1480,2122
synth_auc0.85,0.8473,0.6,39,0.6,0.562,0.6019,0.5628,681.32,False,76.72,76.52,75.0,76.04,77.03,76.08,76.7,76.52,76.95,75.95,76.72,76.52,77.38,76.65,0.7883,0.9133,1800,1800,0.8174,0.9001,1577,2023,0.8403,0.8948,1434,2167
synth_auc0.85,0.8545,0.7,0,0.7,0.5406,0.6808,0.6062,655.51,False,76.68,76.71,72.0,76.17,78.98,74.97,74.25,76.94,78.38,75.18,76.68,76.71,81.07,77.17,0.6491,0.9611,1801,1800,0.6765,0.9563,1654,1946,0.7789,0.9392,1149,2451
synth_auc0.85,0.8592,0.7,1,0.7,0.5644,0.6841,0.608,724.86,False,77.23,77.28,71.7,75.83,80.03,76.23,75.03,76.74,79.63,76.5,77.23,77.28,81.5,77.54,0.6672,0.9589,1800,1800,0.7081,0.9508,1569,2033,0.7986,0.9399,1137,2463
synth_auc0.85,0.8572,0.7,2,0.7,0.5435,0.6811,0.6063,731.23,False,76.8,76.84,71.27,75.32,79.73,75.87,73.73,76.17,79.27,76.22,76.8,76.84,81.53,76.97,0.6622,0.9628,1800,1802,0.6965,0.9581,1644,1957,0.7848,0.9409,1148,2453
synth_auc0.85,0.8597,0.7,3,0.7,0.5753,0.6984,0.6158,680.8,False,77.88,77.68,71.95,76.12,80.1,76.31,75.47,76.73,80.18,76.48,77.88,77.68,81.82,77.71,0.6683,0.9567,1800,1802,0.7207,0.9483,1529,2071,0.7971,0.9324,1089,2514
synth_auc0.85,0.8472,0.7,4,0.7,0.5407,0.6681,0.5992,680.75,False,76.12,76.37,70.87,74.84,79.1,75.12,73.47,76.0,78.2,75.57,76.12,76.37,80.32,76.65,0.6517,0.9572,1800,1800,0.6705,0.9492,1654,1947,0.7498,0.9331,1195,2405
synth_auc0.85,0.8597,0.7,5,0.7,0.5554,0.6802,0.6058,764.68,False,77.95,78.23,71.97,76.15,80.2,76.43,75.27,77.44,79.72,76.8,77.95,78.23,81.12,78.33,0.67,0.955,1800,1800,0.6958,0.9505,1601,2000,0.7804,0.9408,1152,2449
synth_auc0.85,0.8515,0.7,6,0.7,0.5533,0.6732,0.602,717.98,False,76.37,76.53,71.4,75.48,78.82,74.77,74.13,76.19,78.25,75.38,76.37,76.53,80.53,76.48,0.6463,0.9594,1801,1800,0.6835,0.9563,1608,1992,0.7655,0.9389,1177,2424
synth_auc0.85,0.856,0.7,7,0.7,0.5596,0.6826,0.6072,699.82,False,77.95,78.17,71.67,75.79,80.27,76.51,75.42,77.41,79.7,76.66,77.95,78.17,81.3,78.34,0.6711,0.9561,1800,1800,0.7045,0.9499,1587,2015,0.7935,0.9353,1143,2458
synth_auc0.85,0.8559,0.7,8,0.7,0.5473,0.6878,0.61,765.87,False,77.73,77.78,71.95,76.12,80.07,76.27,74.38,76.77,79.62,76.31,77.73,77.78,80.97,77.77,0.6678,0.9578,1800,1801,0.6945,0.9533,1630,1970,0.7891,0.9362,1124,2476
synth_auc0.85,0.8552,0.7,9,0.7,0.5491,0.6981,0.6157,687.61,False,76.97,76.6,71.6,75.7,79.8,75.95,74.45,76.77,79.67,75.89,76.97,76.6,80.67,77.1,0.6633,0.9656,1800,1800,0.6858,0.957,1623,1977,0.7737,0.9343,1087,2513
synth_auc0.85,0.8537,0.7,10,0.7,0.5591,0.686,0.609,652.83,False,77.4,77.43,71.38,75.45,80.07,76.27,74.83,76.74,79.77,76.58,77.4,77.43,81.37,77.5,0.6678,0.9522,1800,1801,0.7053,0.9483,1588,2013,0.7816,0.932,1131,2470
synth_auc0.85,0.8548,0.7,11,0.7,0.553,0.6747,0.6028,766.23,False,77.02,77.27,71.83,75.99,79.27,75.32,74.77,76.96,78.7,75.85,77.02,77.27,80.73,77.37,0.6544,0.9622,1800,1800,0.6843,0.9583,1609,1991,0.76,0.9428,1171,2429
synth_auc0.85,0.8511,0.7,12,0.7,0.5596,0.6878,0.61,639.46,False,77.03,76.94,71.38,75.45,78.83,74.8,74.77,76.64,78.78,75.32,77.03,76.94,80.55,77.15,0.6472,0.9628,1800,1800,0.6887,0.9529,1587,2015,0.7669,0.9294,1124,2477
synth_auc0.85,0.8602,0.7,13,0.7,0.5604,0.7033,0.6185,790.18,False,77.32,76.88,71.93,76.1,79.67,75.79,75.03,76.93,79.78,75.78,77.32,76.88,81.73,77.16,0.6611,0.9595,1800,1801,0.7069,0.955,1583,2020,0.8101,0.9388,1069,2532
synth_auc0.85,0.8548,0.7,14,0.7,0.5693,0.6978,0.6155,744.09,False,77.58,77.34,71.2,75.24,80.03,76.23,75.62,77.2,79.95,76.23,77.58,77.34,81.67,77.44,0.6672,0.9572,1800,1800,0.7189,0.9498,1551,2050,0.796,0.9327,1088,2513
synth_auc0.85,0.8537,0.7,15,0.7,0.5434,0.6632,0.5965,740.85,False,76.35,76.77,71.32,75.37,78.8,74.76,74.0,76.51,78.07,75.62,76.35,76.77,80.88,77.02,0.6467,0.9594,1800,1800,0.6782,0.9566,1644,1957,0.7634,0.941,1213,2389
synth_auc0.85,0.8519,0.7,16,0.7,0.5709,0.6942,0.6135,759.85,False,76.75,76.44,71.3,75.33,79.33,75.4,74.85,76.21,79.33,75.67,76.75,76.44,81.05,76.46,0.6556,0.9556,1800,1800,0.7057,0.9509,1546,2055,0.7904,0.9332,1102,2499
synth_auc0.85,0.8528,0.7,17,0.7,0.5466,0.6908,0.6117,677.01,False,77.03,76.87,71.53,75.63,79.53,75.62,73.87,76.19,79.5,76.02,77.03,76.87,80.82,76.91,0.6596,0.9611,1801,1800,0.685,0.9533,1632,1969,0.7745,0.9312,1113,2487
synth_auc0.85,0.8422,0.7,18,0.7,0.5583,0.7045,0.6192,668.81,False,76.68,76.09,70.22,74.06,78.83,74.8,73.73,75.46,78.88,74.65,76.68,76.09,80.32,76.29,0.6472,0.9522,1800,1800,0.6774,0.9433,1590,2010,0.7754,0.9207,1064,2536
synth_auc0.85,0.8509,0.7,19,0.7,0.5624,0.6863,0.6092,741.21,False,77.08,77.04,70.97,74.96,79.83,75.99,74.58,76.29,79.52,76.27,77.08,77.04,81.73,77.13,0.6639,0.9439,1800,1801,0.7069,0.9418,1576,2026,0.8053,0.9288,1130,2471
synth_auc0.85,0.8509,0.7,20,0.7,0.5555,0.6902,0.6113,717.96,False,76.7,76.48,71.33,75.4,79.5,75.6,74.08,76.03,79.38,75.92,76.7,76.48,80.95,76.57,0.6583,0.955,1800,1800,0.6933,0.9485,1601,2000,0.7789,0.9344,1117,2485
synth_auc0.85,0.8466,0.7,21,0.7,0.5704,0.6996,0.6165,732.21,False,76.42,75.9,71.0,75.0,79.17,75.2,74.83,76.21,79.15,75.19,76.42,75.9,80.8,76.36,0.6528,0.9489,1800,1800,0.7001,0.9411,1547,2054,0.7921,0.925,1082,2519
synth_auc0.85,0.8595,0.7,22,0.7,0.5435,0.6814,0.6065,745.42,False,76.65,76.65,71.72,75.85,79.97,76.15,74.22,76.76,79.43,76.4,76.65,76.65,81.2,77.13,0.6661,0.9583,1800,1800,0.6922,0.9535,1644,1958,0.7866,0.9384,1148,2453
synth_auc0.85,0.8563,0.7,23,0.7,0.5493,0.6857,0.6088,709.58,False,77.35,77.38,71.57,75.67,79.83,75.99,74.58,76.91,79.7,76.52,77.35,77.38,81.08,77.51,0.6639,0.9545,1800,1801,0.6919,0.951,1623,1979,0.7756,0.9364,1132,2468
synth_auc0.85,0.8433,0.7,24,0.7,0.5489,0.6984,0.6158,670.04,False,76.72,76.29,70.7,74.64,78.77,74.72,73.32,75.42,78.83,74.88,76.72,76.29,80.1,76.48,0.6461,0.9578,1800,1801,0.6718,0.9469,1624,1976,0.7684,0.9249,1088,2515
synth_auc0.85,0.8467,0.7,25,0.7,0.5644,0.7008,0.6172,705.49,False,76.98,76.54,70.77,74.72,79.0,75.0,74.33,75.9,78.98,74.94,76.98,76.54,80.18,76.58,0.65,0.955,1800,1800,0.6862,0.9532,1568,2032,0.7772,0.9314,1077,2523
synth_auc0.85,0.863,0.7,26,0.7,0.5453,0.6596,0.5945,645.51,False,77.32,78.02,72.13,76.35,79.97,76.15,74.57,77.09,79.2,77.16,77.32,78.02,81.57,78.24,0.6661,0.9617,1800,1802,0.699,0.9587,1638,1963,0.7716,0.9474,1226,2375
synth_auc0.85,0.8538,0.7,27,0.7,0.5768,0.7106,0.6225,744.97,False,77.82,77.28,71.42,75.47,79.6,75.71,75.42,76.6,79.85,75.51,77.82,77.28,80.65,77.59,0.66,0.9583,1800,1800,0.6964,0.9494,1525,2076,0.7908,0.9347,1042,2559
synth_auc0.85,0.8552,0.7,28,0.7,0.5688,0.6854,0.6087,733.87,False,76.67,76.57,71.53,75.63,79.17,75.2,75.13,76.63,78.95,75.63,76.67,76.57,80.83,76.79,0.6528,0.9672,1800,1800,0.6997,0.9575,1552,2048,0.7873,0.938,1133,2467
synth_auc0.85,0.8567,0.7,29,0.7,0.5452,0.6863,0.6092,735.01,False,77.82,77.92,71.83,75.99,80.07,76.27,74.52,77.04,80.12,76.99,77.82,77.92,81.02,78.01,0.6678,0.955,1800,1800,0.6921,0.946,1637,1963,0.785,0.9308,1130,2471
synth_auc0.85,0.8489,0.7,30,0.7,0.562,0.7027,0.6182,694.39,False,76.85,76.34,70.5,74.4,79.53,75.63,73.9,75.5,79.57,75.55,76.85,76.34,80.88,76.53,0.6589,0.9578,1800,1800,0.6982,0.9511,1577,2023,0.7974,0.9269,1071,2530
synth_auc0.85,0.8582,0.7,31,0.7,0.5574,0.692,0.6123,668.17,False,77.23,77.07,71.7,75.83,79.8,75.95,75.15,77.2,79.63,76.13,77.23,77.07,81.12,77.39,0.6633,0.9656,1800,1801,0.7039,0.9576,1594,2007,0.7917,0.9354,1109,2491
synth_auc0.85,0.8541,0.7,32,0.7,0.5699,0.6851,0.6085,716.3,False,77.08,77.08,70.93,74.92,79.67,75.79,74.95,76.38,79.27,76.03,77.08,77.08,81.3,77.16,0.6611,0.9628,1800,1800,0.7166,0.9503,1549,2052,0.7945,0.9303,1134,2467
synth_auc0.85,0.8452,0.7,33,0.7,0.5596,0.6945,0.6137,680.95,False,76.63,76.29,70.65,74.58,79.27,75.32,73.78,75.46,79.32,75.62,76.63,76.29,80.9,76.69,0.6544,0.9411,1800,1801,0.686,0.9375,1586,2015,0.7927,0.924,1100,2500
synth_auc0.85,0.8432,0.7,34,0.7,0.5696,0.7063,0.6202,707.11,False,76.62,75.96,70.47,74.37,78.33,74.21,73.82,75.04,78.33,73.9,76.62,75.96,79.83,76.1,0.6389,0.9595,1800,1802,0.6729,0.9503,1550,2051,0.7722,0.9257,1058,2545
synth_auc0.85,0.8558,0.7,35,0.7,0.5405,0.6726,0.6017,749.29,False,77.03,77.34,71.57,75.67,79.6,75.71,73.98,76.62,78.9,76.18,77.03,77.34,80.95,77.47,0.66,0.9661,1800,1800,0.6911,0.9584,1654,1946,0.7642,0.9397,1179,2422
synth_auc0.85,0.8526,0.7,36,0.7,0.5663,0.7133,0.624,712.33,False,77.8,77.19,71.13,75.16,79.47,75.56,74.93,76.52,79.57,75.04,77.8,77.19,81.38,77.3,0.6578,0.9578,1800,1800,0.6953,0.9465,1562,2039,0.814,0.926,1032,2569
synth_auc0.85,0.859,0.7,37,0.7,0.5702,0.6911,0.6118,743.41,False,77.78,77.75,71.9,76.07,79.8,75.95,75.48,77.0,79.77,76.33,77.78,77.75,81.4,77.88,0.6633,0.9606,1800,1800,0.7132,0.9523,1548,2056,0.7914,0.9385,1112,2489
synth_auc0.85,0.8485,0.7,38,0.7,0.5567,0.6951,0.614,719.71,False,76.57,76.2,70.93,74.92,79.53,75.63,73.98,75.85,79.5,75.83,76.57,76.2,81.6,76.38,0.6589,0.95,1800,1800,0.6942,0.9431,1596,2004,0.7971,0.9285,1099,2502
synth_auc0.85,0.8572,0.7,39,0.7,0.568,0.6969,0.615,700.76,False,77.33,77.06,72.08,76.28,79.62,75.73,75.38,76.97,79.75,76.04,77.33,77.06,80.63,77.23,0.6607,0.9678,1801,1800,0.6977,0.9579,1555,2045,0.7883,0.9386,1091,2509
synth_auc0.85,0.847,0.8,0,0.8,0.5712,0.7697,0.655,697.49,False,75.97,76.04,65.1,73.59,83.48,74.18,70.45,75.28,81.8,74.41,75.97,76.04,85.33,76.08,0.475,0.9756,1800,1800,0.511,0.9742,1544,2056,0.6876,0.9556,829,2771
synth_auc0.85,0.8471,0.8,1,0.8,0.5869,0.7946,0.6687,677.73,False,76.83,76.11,65.4,74.06,83.5,74.22,71.13,74.86,83.3,74.41,76.83,76.11,85.23,76.3,0.4797,0.9778,1801,1800,0.5266,0.9711,1487,2113,0.6977,0.9563,741,2861
synth_auc0.85,0.8571,0.8,2,0.8,0.5714,0.7846,0.6632,741.7,False,77.25,77.28,65.72,74.54,83.83,74.74,71.23,76.46,83.05,74.97,77.25,77.28,85.38,77.4,0.4825,0.9817,1801,1802,0.5237,0.9762,1543,2057,0.7049,0.9614,776,2825
synth_auc0.85,0.857,0.8,3,0.8,0.5883,0.7901,0.6662,751.35,False,77.92,78.04,65.8,74.69,84.37,75.57,72.2,76.41,83.83,75.68,77.92,78.04,85.67,78.18,0.4994,0.9756,1800,1800,0.5398,0.9745,1482,2119,0.7143,0.9613,756,2845
synth_auc0.85,0.8618,0.8,4,0.8,0.5849,0.8113,0.6778,656.18,False,78.28,77.52,65.8,74.69,84.13,75.21,72.07,76.48,84.53,74.77,78.28,77.52,85.63,77.68,0.4939,0.9806,1800,1801,0.5489,0.9748,1494,2106,0.7382,0.9596,680,2921
synth_auc0.85,0.8653,0.8,5,0.8,0.5719,0.7916,0.667,647.49,False,77.87,77.89,65.95,74.91,84.93,76.46,71.18,76.36,84.68,76.86,77.87,77.89,86.52,78.22,0.4981,0.9795,1801,1801,0.5389,0.9743,1542,2059,0.751,0.9632,751,2850
synth_auc0.85,0.8583,0.8,6,0.8,0.605,0.804,0.6738,847.39,False,77.92,77.32,65.77,74.64,84.52,75.79,73.47,76.82,84.58,75.52,77.92,77.32,86.07,77.44,0.4908,0.98,1801,1801,0.5549,0.9697,1422,2180,0.7493,0.9592,706,2895
synth_auc0.85,0.8586,0.8,7,0.8,0.5729,0.7807,0.661,752.64,False,77.67,78.14,65.73,74.58,84.3,75.47,71.2,76.28,83.38,75.83,77.67,78.14,85.57,78.28,0.4961,0.9761,1800,1800,0.5332,0.9743,1538,2063,0.7013,0.9602,790,2811
synth_auc0.85,0.855,0.8,8,0.8,0.5812,0.7713,0.6558,712.44,False,76.72,77.14,65.13,73.65,84.03,75.05,71.28,75.65,82.38,75.18,76.72,77.14,85.72,77.29,0.4839,0.9817,1800,1801,0.5265,0.9728,1508,2092,0.7027,0.9582,824,2777
synth_auc0.85,0.8576,0.8,9,0.8,0.5961,0.7943,0.6685,749.42,False,77.75,77.56,65.55,74.28,84.2,75.31,72.85,76.69,84.13,75.74,77.75,77.56,85.82,77.74,0.4942,0.9789,1801,1800,0.5495,0.9688,1454,2146,0.7274,0.9563,741,2860
synth_auc0.85,0.8559,0.8,10,0.8,0.6008,0.7919,0.6672,770.18,False,77.42,77.17,65.53,74.27,83.97,74.95,72.78,76.11,83.48,74.96,77.42,77.17,85.25,77.19,0.4878,0.9822,1800,1800,0.5445,0.9723,1438,2164,0.7053,0.9593,750,2851
synth_auc0.85,0.8522,0.8,11,0.8,0.5769,0.7874,0.6647,744.4,False,77.0,76.75,65.3,73.91,83.73,74.55,71.02,75.64,83.3,75.09,77.0,76.75,85.45,76.83,0.4839,0.9789,1800,1800,0.522,0.973,1523,2077,0.7037,0.9566,766,2834
synth_auc0.85,0.8545,0.8,12,0.8,0.6041,0.8062,0.675,688.94,False,77.87,77.14,65.53,74.27,83.97,74.95,73.37,76.76,84.25,74.81,77.87,77.14,85.73,77.48,0.4922,0.9756,1800,1800,0.5421,0.9715,1426,2176,0.7464,0.958,698,2902
synth_auc0.85,0.8617,0.8,13,0.8,0.5793,0.7813,0.6613,723.26,False,77.33,77.58,66.13,75.21,83.97,74.95,71.93,76.83,83.25,75.59,77.33,77.58,85.77,77.69,0.4892,0.9839,1801,1800,0.5327,0.9756,1515,2087,0.7157,0.9627,788,2813
synth_auc0.85,0.8556,0.8,14,0.8,0.5754,0.7789,0.66,658.8,False,76.8,76.88,65.45,74.12,83.93,74.9,71.07,75.85,82.82,75.14,76.8,76.88,85.75,77.22,0.4842,0.9783,1801,1801,0.5229,0.9739,1530,2072,0.7127,0.9593,797,2804
synth_auc0.85,0.852,0.8,15,0.8,0.5745,0.7816,0.6615,670.04,False,76.52,76.29,65.67,74.45,83.5,74.22,71.12,75.98,82.65,74.63,76.52,76.29,84.63,76.7,0.4822,0.9811,1800,1801,0.5183,0.9778,1532,2070,0.6798,0.9595,787,2814
synth_auc0.85,0.8625,0.8,16,0.8,0.5975,0.7955,0.6692,756.93,False,78.05,77.97,65.87,74.79,84.13,75.21,73.02,76.82,83.95,75.34,78.05,77.97,86.23,77.98,0.49,0.9845,1800,1801,0.5441,0.974,1450,2151,0.7486,0.9584,736,2864
synth_auc0.85,0.8416,0.8,17,0.8,0.5835,0.7907,0.6665,770.36,False,76.62,75.98,64.65,72.88,83.43,74.11,70.87,74.76,83.07,74.42,76.62,75.98,85.1,76.05,0.4736,0.9767,1801,1800,0.516,0.9657,1500,2101,0.6963,0.9491,754,2847
synth_auc0.85,0.8488,0.8,18,0.8,0.5844,0.7889,0.6655,630.2,False,77.18,76.96,64.93,73.33,83.8,74.69,71.55,75.75,83.45,75.19,77.18,76.96,85.43,77.11,0.4883,0.9722,1800,1801,0.5254,0.9677,1496,2104,0.7043,0.9521,761,2840
synth_auc0.85,0.8563,0.8,19,0.8,0.5919,0.794,0.6683,708.99,False,77.87,77.76,65.37,74.01,83.97,74.95,72.37,76.32,83.63,74.99,77.87,77.76,85.62,77.91,0.4933,0.9822,1800,1800,0.5408,0.9733,1470,2131,0.721,0.9563,742,2860
synth_auc0.85,0.8388,0.8,20,0.8,0.5774,0.804,0.6738,707.08,False,76.62,75.29,64.87,73.2,82.57,72.76,70.3,74.47,82.7,72.59,76.62,75.29,84.68,75.3,0.4689,0.9756,1800,1800,0.5102,0.9697,1523,2079,0.7011,0.9516,706,2895
synth_auc0.85,0.855,0.8,21,0.8,0.568,0.7883,0.6652,725.4,False,77.12,76.89,65.67,74.48,83.8,74.69,70.97,76.35,83.32,75.04,77.12,76.89,85.62,77.05,0.4817,0.9811,1800,1801,0.5158,0.9765,1555,2045,0.7081,0.9602,764,2838
synth_auc0.85,0.8557,0.8,22,0.8,0.5827,0.7892,0.6657,718.46,False,77.43,77.33,65.43,74.11,83.6,74.37,71.87,76.42,83.17,74.7,77.43,77.33,85.83,77.45,0.4883,0.9789,1800,1800,0.5256,0.9733,1503,2099,0.7194,0.9599,759,2842
synth_auc0.85,0.8557,0.8,23,0.8,0.5889,0.7925,0.6675,697.57,False,77.55,77.34,65.63,74.43,83.8,74.69,71.85,75.78,83.48,74.9,77.55,77.34,85.47,77.39,0.4917,0.9783,1800,1800,0.5358,0.9755,1480,2120,0.7055,0.9615,747,2854
synth_auc0.85,0.8564,0.8,24,0.8,0.5829,0.7946,0.6687,774.3,False,77.87,77.73,65.63,74.43,83.82,74.7,71.98,76.58,83.67,74.98,77.87,77.73,84.95,78.19,0.4897,0.9806,1801,1800,0.5353,0.9762,1502,2099,0.7014,0.9584,740,2861
synth_auc0.85,0.8451,0.8,25,0.8,0.5735,0.7919,0.6672,665.56,False,76.72,76.07,65.02,73.42,83.72,74.54,70.33,74.86,83.35,74.75,76.72,76.07,85.28,76.44,0.4806,0.9778,1800,1800,0.5198,0.9709,1537,2065,0.7027,0.9544,750,2851
synth_auc0.85,0.857,0.8,26,0.8,0.5749,0.7755,0.6582,714.81,False,77.05,77.44,65.83,74.74,83.87,74.79,71.23,76.15,82.53,74.96,77.05,77.44,85.38,77.46,0.4844,0.9811,1800,1800,0.514,0.9744,1531,2071,0.6926,0.962,810,2792
synth_auc0.85,0.8593,0.8,27,0.8,0.5905,0.7922,0.6673,755.54,False,77.9,77.91,65.9,74.84,83.55,74.28,72.48,76.65,83.25,74.56,77.9,77.91,85.65,77.96,0.4936,0.9828,1801,1800,0.5366,0.9765,1474,2128,0.7206,0.9635,748,2852
synth_auc0.85,0.8544,0.8,28,0.8,0.6051,0.7895,0.6658,769.3,False,77.38,77.24,65.43,74.08,84.07,75.1,73.32,76.57,83.57,75.29,77.38,77.24,85.6,77.49,0.4917,0.9789,1800,1800,0.5415,0.9693,1422,2179,0.7132,0.9578,760,2845
synth_auc0.85,0.8514,0.8,29,0.8,0.5887,0.7892,0.6657,768.95,False,77.1,76.81,65.37,73.98,83.33,73.96,72.07,76.17,82.88,74.27,77.1,76.81,85.35,76.99,0.4828,0.9783,1800,1800,0.528,0.9717,1481,2120,0.7049,0.9564,759,2841
synth_auc0.85,0.8419,0.8,30,0.8,0.5815,0.8025,0.673,679.19,False,76.67,75.45,64.65,72.88,83.08,73.55,71.02,75.2,83.18,73.49,76.67,75.45,84.92,75.75,0.47,0.9767,1800,1800,0.5136,0.9709,1507,2093,0.7004,0.9484,711,2889
synth_auc0.85,0.8642,0.8,31,0.8,0.5734,0.7782,0.6597,769.6,False,77.4,77.84,65.87,74.79,84.73,76.15,71.48,76.68,83.62,76.45,77.4,77.84,86.13,78.1,0.4981,0.9817,1801,1800,0.5436,0.9743,1536,2065,0.7297,0.9597,799,2802
synth_auc0.85,0.847,0.8,32,0.8,0.5646,0.7552,0.647,652.55,False,75.37,75.85,65.3,73.91,83.47,74.17,70.08,75.33,81.65,75.53,75.37,75.85,84.9,76.04,0.4761,0.9767,1800,1800,0.5115,0.971,1570,2033,0.6565,0.9603,882,2719
synth_auc0.85,0.859,0.8,33,0.8,0.5707,0.7697,0.655,746.61,False,76.93,77.55,65.97,74.95,83.93,74.9,70.97,76.14,82.77,75.92,76.93,77.55,85.38,77.82,0.4939,0.9822,1800,1800,0.5265,0.9766,1546,2055,0.6864,0.9657,829,2771
synth_auc0.85,0.8557,0.8,34,0.8,0.59,0.7883,0.6652,724.61,False,77.52,77.51,65.53,74.27,84.03,75.05,72.55,76.78,83.43,75.21,77.52,77.51,85.4,77.6,0.4922,0.9789,1800,1802,0.542,0.9675,1476,2124,0.7051,0.9563,763,2838
synth_auc0.85,0.8516,0.8,35,0.8,0.5803,0.7825,0.662,751.21,False,76.87,76.79,65.68,74.46,83.52,74.2,71.47,76.01,82.72,74.64,76.87,76.79,85.08,77.0,0.4786,0.9778,1801,1800,0.5185,0.9727,1512,2089,0.6909,0.9599,783,2817
synth_auc0.85,0.8495,0.8,36,0.8,0.5735,0.7785,0.6598,716.38,False,76.65,76.66,64.97,73.39,83.8,74.69,70.85,75.69,82.95,75.37,76.65,76.66,84.97,76.68,0.4811,0.9806,1800,1800,0.5156,0.9734,1536,2065,0.6754,0.9568,798,2804
synth_auc0.85,0.8585,0.8,37,0.8,0.5826,0.784,0.6628,742.12,False,77.42,77.57,65.75,74.59,84.13,75.21,71.83,76.36,83.57,75.82,77.42,77.57,85.67,77.73,0.4917,0.9806,1800,1800,0.5392,0.9695,1504,2098,0.7121,0.96,778,2822
synth_auc0.85,0.8606,0.8,38,0.8,0.5848,0.7958,0.6693,788.16,False,77.83,77.61,66.25,75.38,83.83,74.74,72.47,77.14,83.72,74.95,77.83,77.61,85.43,77.83,0.4944,0.9794,1800,1800,0.5304,0.9715,1495,2106,0.7156,0.9637,735,2865
synth_auc0.85,0.858,0.8,39,0.8,0.5797,0.7877,0.6648,704.03,False,77.42,77.39,65.63,74.43,84.23,75.36,71.53,76.18,83.67,75.64,77.42,77.39,86.12,77.34,0.4872,0.9817,1800,1800,0.5251,0.9741,1514,2087,0.7346,0.9605,765,2836
synth_auc0.85,0.8702,0.9,0,0.9,0.5827,0.8745,0.7125,725.71,False,77.62,79.49,58.5,73.61,90.2,72.78,66.1,76.35,89.33,76.07,77.62,79.49,91.65,79.52,0.2732,0.9933,1801,1801,0.3061,0.9924,1503,2098,0.5774,0.9841,452,3149
synth_auc0.85,0.8537,0.9,1,0.9,0.5844,0.8827,0.717,625.58,False,77.0,76.78,58.25,72.88,89.7,71.39,65.6,74.59,88.87,72.93,77.0,76.78,91.53,77.18,0.2604,0.9928,1801,1801,0.2968,0.99,1496,2105,0.5674,0.9808,423,3178
synth_auc0.85,0.8564,0.9,2,0.9,0.6047,0.8978,0.7253,650.05,False,77.87,77.33,58.4,73.33,89.98,72.14,67.65,75.73,89.98,72.66,77.87,77.33,91.35,77.38,0.2606,0.9911,1800,1800,0.3027,0.9885,1424,2177,0.5897,0.9824,368,3232
synth_auc0.85,0.8631,0.9,3,0.9,0.5888,0.8848,0.7182,715.9,False,77.48,77.86,58.55,73.71,90.33,73.15,66.32,75.58,89.53,74.33,77.48,77.86,91.6,78.03,0.2672,0.9933,1800,1800,0.3011,0.9896,1481,2120,0.5779,0.9827,417,3185
synth_auc0.85,0.8631,0.9,4,0.9,0.6054,0.8984,0.7257,684.51,False,77.9,77.35,58.33,73.15,89.8,71.67,67.93,76.41,89.8,72.04,77.9,77.35,91.35,77.81,0.2599,0.995,1801,1800,0.3094,0.9927,1422,2180,0.571,0.9808,366,3234
synth_auc0.85,0.8574,0.9,5,0.9,0.5663,0.8954,0.724,639.37,False,77.63,76.98,58.35,73.16,90.0,72.22,64.18,74.62,89.77,72.61,77.63,76.98,91.6,77.19,0.2593,0.9911,1801,1803,0.2875,0.9907,1562,2039,0.5995,0.9814,377,3223
synth_auc0.85,0.8596,0.9,6,0.9,0.5851,0.896,0.7243,746.52,False,78.17,78.39,58.17,72.69,90.27,72.96,65.72,74.73,90.12,73.4,78.17,78.39,91.67,78.57,0.2656,0.9894,1800,1800,0.3032,0.9886,1494,2107,0.6037,0.9799,376,3226
synth_auc0.85,0.8505,0.9,7,0.9,0.585,0.8836,0.7175,706.37,False,76.98,76.62,58.03,72.24,89.65,71.21,65.63,74.54,88.57,71.87,76.98,76.62,91.47,76.91,0.2606,0.9944,1800,1800,0.2918,0.9919,1494,2108,0.5738,0.9777,420,3182
synth_auc0.85,0.8582,0.9,8,0.9,0.6122,0.8969,0.7248,787.75,False,77.72,77.03,58.43,73.43,89.73,71.48,68.15,75.49,89.5,71.5,77.72,77.03,91.7,77.36,0.2606,0.9933,1800,1801,0.3049,0.9909,1397,2204,0.6011,0.9827,371,3229
synth_auc0.85,0.8583,0.9,9,0.9,0.599,0.8906,0.7213,682.06,False,77.53,77.3,58.55,73.71,89.83,71.76,66.97,75.13,89.42,72.71,77.53,77.3,91.08,77.4,0.2643,0.9956,1801,1801,0.2985,0.9921,1444,2156,0.5609,0.9816,394,3206
synth_auc0.85,0.8436,0.9,10,0.9,0.5691,0.8778,0.7143,644.2,False,76.4,75.7,58.45,73.44,89.47,70.74,64.28,74.31,88.0,71.63,76.4,75.7,91.3,75.81,0.255,0.9911,1800,1800,0.2773,0.9898,1554,2050,0.5397,0.9807,441,3160
synth_auc0.85,0.8676,0.9,11,0.9,0.5897,0.9091,0.7315,732.05,False,78.88,78.79,58.48,73.53,90.6,73.74,66.53,76.0,90.78,72.36,78.88,78.79,92.02,78.94,0.2683,0.9933,1800,1800,0.3099,0.9911,1478,2124,0.6677,0.9817,328,3273
synth_auc0.85,0.8495,0.9,12,0.9,0.5923,0.8745,0.7125,614.54,False,76.42,76.16,57.9,71.94,89.93,72.04,66.33,74.85,88.5,73.76,76.42,76.16,91.6,76.97,0.2583,0.9917,1800,1800,0.295,0.9864,1468,2132,0.5575,0.9774,452,3148
synth_auc0.85,0.8464,0.9,13,0.9,0.5811,0.8884,0.7202,702.57,False,77.25,76.77,58.2,72.78,89.8,71.67,65.38,74.69,89.0,72.04,77.25,76.77,91.17,76.73,0.2594,0.9878,1800,1800,0.2871,0.988,1508,2092,0.5622,0.9803,402,3198
synth_auc0.85,0.85,0.9,14,0.9,0.6019,0.8927,0.7225,714.58,False,77.18,76.06,58.22,72.79,89.47,70.74,67.22,75.19,89.1,71.35,77.18,76.06,91.35,76.09,0.255,0.995,1800,1800,0.2908,0.9922,1434,2169,0.5556,0.9801,387,3215
synth_auc0.85,0.86,0.9,15,0.9,0.6016,0.8857,0.7187,722.04,False,77.4,77.52,58.2,72.7,90.38,73.25,67.4,75.74,89.47,73.93,77.4,77.52,91.52,77.93,0.2628,0.9917,1800,1800,0.305,0.9889,1436,2166,0.5922,0.9796,412,3188
synth_auc0.85,0.8536,0.9,16,0.9,0.5936,0.8778,0.7143,782.72,False,77.07,77.56,58.37,73.24,89.45,70.66,66.63,75.39,88.5,72.94,77.07,77.56,91.22,77.74,0.2637,0.9928,1801,1800,0.296,0.9883,1463,2138,0.5364,0.9817,440,3162
synth_auc0.85,0.8595,0.9,17,0.9,0.5886,0.9009,0.727,746.93,False,78.13,77.7,58.37,73.24,89.8,71.67,66.3,75.57,89.82,71.53,78.13,77.7,91.32,78.03,0.2664,0.9922,1802,1801,0.2998,0.9915,1481,2119,0.577,0.9824,357,3243
synth_auc0.85,0.8474,0.9,18,0.9,0.6009,0.8827,0.717,667.84,False,76.57,75.57,58.23,72.87,89.35,70.38,67.18,75.32,88.33,71.44,76.57,75.57,91.55,76.49,0.255,0.9928,1800,1800,0.286,0.9894,1437,2163,0.5437,0.9795,423,3178
synth_auc0.85,0.8528,0.9,19,0.9,0.5732,0.8818,0.7165,671.98,False,76.88,76.56,58.47,73.44,89.73,71.48,64.82,74.9,88.88,73.16,76.88,76.56,91.68,76.91,0.2576,0.9922,1801,1801,0.2876,0.9908,1537,2064,0.561,0.9836,426,3175
synth_auc0.85,0.8446,0.9,20,0.9,0.6028,0.8608,0.705,672.22,False,75.97,76.57,57.8,71.67,89.53,70.93,67.05,74.51,87.17,73.09,75.97,76.57,91.42,77.01,0.2593,0.9883,1801,1802,0.2998,0.9871,1431,2172,0.5159,0.9774,502,3099
synth_auc0.85,0.8561,0.9,21,0.9,0.5972,0.8839,0.7177,751.58,False,77.13,77.0,58.47,73.52,89.5,70.83,67.17,76.06,88.68,72.16,77.13,77.0,91.1,77.21,0.2622,0.9917,1800,1800,0.3007,0.9902,1450,2151,0.5383,0.9833,418,3182
synth_auc0.85,0.8483,0.9,22,0.9,0.5839,0.8802,0.7157,726.37,False,76.93,76.89,58.23,72.87,89.4,70.56,65.68,74.94,88.42,72.23,76.93,76.89,91.23,77.19,0.26,0.9917,1800,1800,0.2931,0.991,1498,2103,0.5347,0.9801,432,3172
synth_auc0.85,0.8535,0.9,23,0.9,0.5862,0.8827,0.717,675.6,False,77.27,77.52,58.15,72.6,89.77,71.57,65.9,74.98,88.8,72.74,77.27,77.52,91.42,78.19,0.2622,0.9906,1800,1800,0.304,0.9877,1490,2110,0.539,0.9802,423,3180
synth_auc0.85,0.8586,0.9,24,0.9,0.6016,0.886,0.7188,712.63,False,77.55,77.9,58.13,72.59,89.97,72.06,67.4,75.74,89.28,73.31,77.55,77.9,91.6,78.19,0.2661,0.9911,1800,1802,0.3033,0.9889,1434,2167,0.5815,0.9809,411,3190
synth_auc0.85,0.8482,0.9,25,0.9,0.5939,0.8921,0.7222,696.1,False,76.82,75.12,58.32,73.06,89.7,71.39,66.48,74.86,89.28,71.97,76.82,75.12,91.13,75.96,0.2483,0.9928,1800,1800,0.2907,0.992,1462,2138,0.5424,0.9791,389,3212
synth_auc0.85,0.8538,0.9,26,0.9,0.5884,0.8808,0.716,698.54,False,76.73,76.26,58.33,73.15,89.67,71.3,66.27,75.56,88.68,72.82,76.73,76.26,91.17,76.91,0.2565,0.9922,1801,1800,0.292,0.9901,1483,2118,0.5361,0.9817,429,3171
synth_auc0.85,0.8536,0.9,27,0.9,0.5955,0.9051,0.7293,757.96,False,78.2,77.37,58.2,72.78,89.57,71.02,66.95,75.79,89.9,70.83,78.2,77.37,91.4,77.47,0.2622,0.99,1800,1800,0.2981,0.9897,1456,2144,0.5906,0.9813,342,3260
synth_auc0.85,0.8593,0.9,28,0.9,0.5914,0.8787,0.7148,705.16,False,76.82,76.75,58.43,73.43,89.93,72.04,66.47,75.44,88.8,73.63,76.82,76.75,91.8,77.28,0.2617,0.9956,1800,1800,0.2984,0.9934,1471,2129,0.5767,0.982,437,3163
synth_auc0.85,0.8631,0.9,29,0.9,0.5912,0.8927,0.7225,731.84,False,77.95,78.19,58.3,73.06,89.93,72.04,66.73,76.19,89.63,72.83,77.95,78.19,91.72,78.38,0.2656,0.9922,1800,1800,0.3043,0.9915,1472,2128,0.6067,0.9826,389,3214
synth_auc0.85,0.8594,0.9,30,0.9,0.6099,0.8887,0.7203,768.45,False,77.5,77.43,58.35,73.16,90.1,72.5,68.32,76.47,89.47,73.26,77.5,77.43,91.43,77.47,0.2628,0.9889,1800,1800,0.3001,0.99,1406,2196,0.5935,0.9831,401,3199
synth_auc0.85,0.8533,0.9,31,0.9,0.6045,0.8912,0.7217,645.59,False,77.03,75.83,58.33,73.15,89.37,70.46,67.15,74.42,88.85,70.99,77.03,75.83,91.47,76.42,0.255,0.9961,1800,1800,0.2999,0.9936,1424,2177,0.5842,0.9816,392,3210
synth_auc0.85,0.8577,0.9,32,0.9,0.5863,0.8787,0.7148,644.84,False,77.05,77.4,58.27,72.96,89.73,71.48,66.07,75.44,88.37,72.43,77.05,77.4,91.37,77.56,0.2639,0.9939,1800,1801,0.2978,0.9905,1491,2111,0.5584,0.9813,437,3163
synth_auc0.85,0.8531,0.9,33,0.9,0.589,0.8827,0.717,690.43,False,77.27,77.52,58.32,73.06,89.53,70.93,66.28,75.42,88.97,73.2,77.27,77.52,91.1,77.56,0.2625,0.9911,1802,1800,0.2986,0.9887,1480,2122,0.5343,0.9814,423,3178
synth_auc0.85,0.8414,0.9,34,0.9,0.5793,0.9006,0.7268,683.06,False,77.45,75.84,58.08,72.42,89.57,71.02,65.03,74.13,89.58,70.95,77.45,75.84,91.07,75.99,0.2544,0.9883,1800,1801,0.2845,0.9866,1515,2086,0.5726,0.9784,358,3242
synth_auc0.85,0.849,0.9,35,0.9,0.5871,0.8802,0.7157,590.54,False,77.1,77.35,57.57,71.02,89.98,72.14,65.43,73.54,89.03,73.91,77.1,77.35,91.58,77.83,0.2611,0.9878,1800,1800,0.302,0.9853,1487,2114,0.5718,0.9741,432,3169
synth_auc0.85,0.8489,0.9,36,0.9,0.578,0.8821,0.7167,677.34,False,76.83,76.39,57.95,72.05,89.82,71.68,64.9,74.06,89.1,73.72,76.83,76.39,91.47,76.63,0.2564,0.9894,1802,1800,0.2895,0.9904,1520,2083,0.56,0.9783,425,3175
synth_auc0.85,0.8692,0.9,37,0.9,0.6136,0.8954,0.724,731.51,False,78.63,79.76,58.52,73.62,90.1,72.5,69.0,77.52,89.93,73.07,78.63,79.76,91.2,79.96,0.2771,0.9906,1801,1800,0.3233,0.9896,1392,2209,0.5729,0.9839,377,3223
synth_auc0.85,0.8619,0.9,38,0.9,0.5922,0.8769,0.7138,652.16,False,76.82,76.97,58.63,73.98,90.17,72.69,66.68,75.79,88.85,74.18,76.82,76.97,91.53,77.55,0.2611,0.9933,1800,1800,0.297,0.9902,1468,2133,0.5653,0.9848,444,3159
synth_auc0.85,0.8514,0.9,39,0.9,0.5915,0.886,0.7188,698.38,False,77.12,76.69,58.2,72.78,89.7,71.39,66.18,74.62,88.83,72.09,77.12,76.69,91.17,76.81,0.2572,0.9922,1800,1800,0.2928,0.9915,1472,2130,0.5377,0.9796,411,3191
synth_auc0.85,0.8596,0.95,0,0.95,0.5876,0.9482,0.753,713.82,False,78.07,77.88,54.2,72.11,93.87,67.72,62.53,74.44,93.85,68.5,78.07,77.88,95.3,77.84,0.1353,0.9983,1803,1801,0.1568,0.9976,1486,2115,0.492,0.9903,187,3417
synth_auc0.85,0.8391,0.95,1,0.95,0.6079,0.9409,0.749,687.27,False,77.2,75.21,54.0,71.05,93.73,67.02,64.12,73.22,92.98,67.41,77.2,75.21,95.27,76.11,0.1322,0.9939,1800,1800,0.1508,0.9931,1412,2189,0.4131,0.9888,213,3388
synth_auc0.85,0.8616,0.95,2,0.95,0.5875,0.9431,0.7502,719.05,False,77.82,77.9,54.4,73.0,94.05,68.61,62.57,74.61,93.43,68.75,77.82,77.9,95.37,77.78,0.1361,0.9956,1800,1800,0.1562,0.9957,1485,2115,0.4634,0.9906,205,3395
synth_auc0.85,0.8231,0.95,3,0.95,0.6038,0.9443,0.7508,676.89,False,77.22,74.43,53.82,70.01,93.83,67.54,63.75,73.18,93.32,67.59,77.22,74.43,95.33,75.03,0.1261,0.9906,1800,1800,0.1479,0.9903,1427,2175,0.4554,0.9873,202,3399
synth_auc0.85,0.8602,0.95,4,0.95,0.5977,0.9361,0.7463,694.49,False,77.33,77.18,54.38,72.99,94.03,68.6,63.65,75.5,93.15,70.5,77.33,77.18,95.57,77.24,0.1339,0.9967,1800,1800,0.1559,0.9968,1450,2155,0.4589,0.992,231,3370
synth_auc0.85,0.8464,0.95,5,0.95,0.5775,0.9434,0.7503,689.24,False,77.43,75.81,54.32,72.64,93.53,65.96,61.58,74.25,93.13,67.02,77.43,75.81,95.23,76.52,0.1289,0.9961,1800,1800,0.1459,0.9966,1522,2079,0.4049,0.9912,205,3397
synth_auc0.85,0.8583,0.95,6,0.95,0.5952,0.927,0.7413,693.51,False,76.87,77.09,54.33,72.81,93.73,67.02,63.38,75.36,92.42,71.06,76.87,77.09,95.4,77.39,0.1328,0.9983,1800,1800,0.1564,0.9967,1458,2143,0.4068,0.9916,263,3337
synth_auc0.85,0.8554,0.95,7,0.95,0.5923,0.9543,0.7563,659.9,False,78.43,78.23,54.13,71.75,93.92,67.9,63.0,74.68,94.15,67.24,78.43,78.23,95.33,78.55,0.1361,0.9967,1800,1801,0.1594,0.9958,1468,2134,0.4424,0.9898,165,3435
synth_auc0.85,0.8525,0.95,8,0.95,0.6009,0.9467,0.7522,711.38,False,77.78,76.78,54.07,71.4,93.67,66.67,63.8,74.79,93.75,68.61,77.78,76.78,95.33,77.05,0.1333,0.9978,1800,1800,0.1552,0.9977,1437,2163,0.4508,0.9891,193,3408
synth_auc0.85,0.8523,0.95,9,0.95,0.6027,0.927,0.7413,743.48,False,76.87,77.09,54.07,71.4,93.72,66.85,63.83,74.18,92.35,70.71,76.87,77.09,95.33,77.62,0.1367,0.9956,1800,1801,0.1586,0.9954,1431,2171,0.3992,0.9898,263,3337
synth_auc0.85,0.8689,0.95,10,0.95,0.5817,0.9324,0.7443,651.55,False,77.07,76.72,54.3,72.63,94.15,69.13,62.2,75.53,93.3,73.11,77.07,76.72,95.6,77.47,0.135,0.9983,1800,1800,0.152,0.9986,1507,2095,0.459,0.9923,244,3357
synth_auc0.85,0.8487,0.95,11,0.95,0.6034,0.9528,0.7555,716.05,False,77.82,75.38,54.25,72.13,93.78,67.2,64.08,75.1,93.87,66.46,77.82,75.38,95.4,76.03,0.1311,0.9967,1800,1800,0.152,0.9959,1428,2172,0.4471,0.9904,170,3432
synth_auc0.85,0.8519,0.95,12,0.95,0.6017,0.9267,0.7412,680.63,False,76.68,76.2,54.2,71.95,93.7,66.84,63.63,73.6,92.27,70.35,76.68,76.2,95.33,77.59,0.1321,0.9967,1801,1800,0.1569,0.9954,1434,2166,0.3902,0.9904,264,3336
synth_auc0.85,0.8799,0.95,13,0.95,0.5811,0.9136,0.734,742.53,False,76.67,79.51,54.55,73.87,93.93,68.07,62.47,77.09,91.9,74.58,76.67,79.51,95.37,79.96,0.1421,0.9961,1801,1800,0.1625,0.9967,1508,2093,0.3891,0.9951,311,3290
synth_auc0.85,0.8398,0.95,14,0.95,0.5989,0.9403,0.7487,694.02,False,77.13,75.02,54.03,71.23,93.72,66.85,63.38,73.62,93.03,67.91,77.13,75.02,95.47,75.44,0.1304,0.9944,1802,1800,0.1482,0.994,1444,2156,0.4512,0.9894,215,3385
synth_auc0.85,0.8428,0.95,15,0.95,0.586,0.944,0.7507,653.88,False,77.5,76.0,54.12,71.59,93.87,67.72,62.27,73.82,93.5,68.47,77.5,76.0,95.53,76.02,0.131,0.9972,1802,1800,0.1494,0.9953,1493,2110,0.4505,0.9888,202,3398
synth_auc0.85,0.8412,0.95,16,0.95,0.6119,0.9367,0.7467,665.27,False,77.1,75.79,53.97,70.88,93.6,66.32,64.62,73.96,92.85,68.61,77.1,75.79,95.4,76.69,0.1311,0.9933,1800,1800,0.1574,0.9927,1398,2206,0.4148,0.9893,229,3372
synth_auc0.85,0.8665,0.95,17,0.95,0.5898,0.9318,0.744,651.05,False,77.37,78.46,54.5,73.53,93.83,67.54,62.97,75.61,92.83,70.81,77.37,78.46,95.4,78.57,0.1398,0.9978,1803,1800,0.1597,0.9972,1478,2124,0.4106,0.9917,246,3355
synth_auc0.85,0.8538,0.95,18,0.95,0.5869,0.9443,0.7508,603.03,False,77.75,77.24,54.3,72.63,93.8,67.37,62.6,75.11,93.48,68.46,77.75,77.24,95.28,77.31,0.1327,0.9961,1801,1800,0.1539,0.9962,1488,2114,0.396,0.9906,202,3399
synth_auc0.85,0.8558,0.95,19,0.95,0.5844,0.9403,0.7487,670.58,False,77.43,76.6,54.33,72.81,93.9,67.89,62.37,75.14,93.38,69.68,77.43,76.6,95.57,76.92,0.1333,0.9956,1801,1800,0.1517,0.9948,1496,2106,0.4815,0.9911,216,3386
synth_auc0.85,0.8466,0.95,20,0.95,0.6152,0.9327,0.7445,654.24,False,76.85,75.5,54.07,71.4,93.77,67.19,64.82,73.43,92.73,69.96,76.85,75.5,95.47,76.03,0.1293,0.9972,1802,1801,0.1531,0.9946,1385,2215,0.418,0.9887,244,3361
synth_auc0.85,0.8465,0.95,21,0.95,0.578,0.9406,0.7488,649.09,False,77.58,77.31,54.05,71.24,94.13,68.96,61.52,73.59,93.57,70.56,77.58,77.31,95.2,77.24,0.1333,0.9933,1800,1800,0.1521,0.9942,1519,2082,0.4486,0.9897,214,3386
synth_auc0.85,0.8601,0.95,22,0.95,0.6217,0.9537,0.756,781.3,False,78.23,77.33,54.23,72.28,93.92,67.9,66.02,76.59,94.17,67.56,78.23,77.33,95.2,77.77,0.1328,0.9956,1800,1800,0.1652,0.9964,1362,2238,0.4491,0.9918,167,3433
synth_auc0.85,0.8554,0.95,23,0.95,0.5977,0.9367,0.7467,645.9,False,77.23,76.49,54.4,73.16,93.77,67.19,63.53,74.96,92.95,69.13,77.23,76.49,95.33,77.04,0.1317,0.9967,1800,1802,0.1532,0.9963,1449,2152,0.4079,0.9917,228,3373
synth_auc0.85,0.8449,0.95,24,0.95,0.6097,0.9361,0.7463,687.8,False,77.1,75.95,54.03,71.23,93.9,67.89,64.4,73.84,93.17,70.67,77.1,75.95,95.07,76.54,0.1316,0.9956,1801,1801,0.1566,0.995,1405,2196,0.3932,0.9875,234,3370
synth_auc0.85,0.8565,0.95,25,0.95,0.6022,0.9239,0.7397,737.24,False,76.53,76.12,54.3,72.63,93.9,67.89,63.83,74.33,92.25,71.61,76.53,76.12,95.33,76.65,0.1333,0.9972,1800,1801,0.155,0.9968,1432,2168,0.4161,0.991,274,3326
synth_auc0.85,0.8508,0.95,26,0.95,0.602,0.9391,0.748,702.76,False,77.3,76.21,54.3,72.63,94.0,68.42,63.87,74.67,93.23,69.6,77.3,76.21,95.5,76.44,0.1306,0.9972,1800,1800,0.1535,0.9972,1433,2167,0.4484,0.9911,223,3381
synth_auc0.85,0.8542,0.95,27,0.95,0.5818,0.94,0.7485,630.87,False,77.45,76.76,54.4,73.16,93.62,66.32,62.18,75.36,92.97,67.72,77.45,76.76,95.13,76.96,0.1344,0.9967,1800,1801,0.1514,0.9967,1506,2097,0.4398,0.9929,216,3384
synth_auc0.85,0.8447,0.95,28,0.95,0.5851,0.917,0.7358,665.26,False,76.48,77.68,54.07,71.4,93.4,65.26,62.17,73.77,91.48,70.73,76.48,77.68,95.27,78.37,0.1361,0.9944,1800,1800,0.1573,0.9929,1494,2106,0.34,0.99,300,3301
synth_auc0.85,0.8436,0.95,29,0.95,0.5829,0.9337,0.745,719.39,False,76.83,75.18,54.28,72.46,93.58,66.15,62.07,74.19,92.57,68.61,76.83,75.18,95.32,75.84,0.13,0.9972,1800,1800,0.1451,0.9967,1502,2100,0.3808,0.9905,239,3361
synth_auc0.85,0.8477,0.95,30,0.95,0.5984,0.9425,0.7498,652.69,False,77.55,76.66,54.2,72.11,93.95,68.08,63.42,73.96,93.37,68.4,77.55,76.66,95.3,76.72,0.1328,0.9967,1800,1800,0.1542,0.9949,1446,2156,0.4279,0.9897,208,3394
synth_auc0.85,0.8535,0.95,31,0.95,0.5955,0.9446,0.751,623.54,False,77.8,77.42,54.25,72.29,94.02,68.43,63.42,75.22,93.75,69.71,77.8,77.42,95.43,77.51,0.1349,0.9956,1801,1800,0.1573,0.9958,1456,2145,0.47,0.9909,200,3400
synth_auc0.85,0.8581,0.95,32,0.95,0.5874,0.9406,0.7488,732.12,False,77.35,76.08,54.27,72.46,93.93,68.07,62.68,75.31,93.35,69.5,77.35,76.08,95.32,77.68,0.1367,0.9978,1800,1800,0.1508,0.9972,1485,2115,0.4583,0.9911,216,3386
synth_auc0.85,0.8523,0.95,33,0.95,0.5789,0.9431,0.7502,722.93,False,77.55,76.5,54.27,72.46,93.8,67.37,61.78,74.68,93.4,68.58,77.55,76.5,95.6,76.46,0.1328,0.9961,1800,1800,0.1489,0.9957,1518,2084,0.4634,0.9906,205,3396
synth_auc0.85,0.8455,0.95,34,0.95,0.5971,0.9282,0.742,620.33,False,76.9,76.95,54.08,71.41,93.68,66.68,63.27,73.72,92.38,70.25,76.9,76.95,95.27,77.57,0.1311,0.9961,1800,1800,0.1563,0.9963,1452,2150,0.3855,0.9892,262,3342
synth_auc0.85,0.8732,0.95,35,0.95,0.5872,0.9242,0.7398,677.22,False,77.12,79.11,54.33,72.81,94.18,69.31,62.72,75.64,92.75,74.08,77.12,79.11,95.33,79.6,0.14,0.9972,1800,1803,0.1614,0.9967,1487,2116,0.4103,0.9919,273,3327
synth_auc0.85,0.8693,0.95,36,0.95,0.6078,0.9321,0.7442,688.59,False,77.28,77.94,54.37,72.98,94.07,68.77,64.78,76.73,93.1,72.21,77.28,77.94,95.4,78.54,0.1378,0.995,1800,1802,0.1656,0.995,1413,2189,0.4612,0.9937,245,3356
synth_auc0.85,0.8432,0.95,37,0.95,0.5957,0.9179,0.7363,675.13,False,76.2,75.95,53.93,70.7,93.9,67.89,63.25,74.34,91.48,70.41,76.2,75.95,95.35,76.48,0.1339,0.9972,1800,1801,0.1504,0.9949,1456,2145,0.3939,0.9894,297,3304
synth_auc0.85,0.8628,0.95,38,0.95,0.5916,0.9309,0.7435,678.85,False,77.05,77.03,54.23,72.12,94.15,69.13,62.98,74.99,92.9,71.63,77.05,77.03,95.33,78.57,0.1389,0.9961,1800,1800,0.1557,0.9953,1471,2133,0.424,0.9916,250,3351
synth_auc0.85,0.8641,0.95,39,0.95,0.6141,0.9403,0.7487,691.35,False,77.67,77.82,54.4,73.16,94.07,68.77,65.47,77.4,93.57,70.72,77.67,77.82,95.37,78.71,0.1367,0.9978,1800,1801,0.1625,0.9955,1391,2213,0.507,0.9926,215,3385
synth_auc0.95,0.9511,0.5,0,0.5,0.4959,0.4887,0.4937,1589.18,False,87.47,87.47,87.58,87.58,87.58,87.58,87.53,87.53,87.45,87.45,87.47,87.47,87.82,87.82,0.9728,0.9783,1801,1800,0.9713,0.9798,1815,1785,0.9712,0.9801,1841,1760
synth_auc0.95,0.9521,0.5,1,0.5,0.5053,0.4972,0.5002,1737.39,False,88.45,88.45,88.47,88.47,88.47,88.47,88.33,88.33,88.55,88.55,88.45,88.45,88.55,88.55,0.9722,0.9722,1800,1800,0.9742,0.9725,1781,1819,0.9724,0.9721,1810,1791
synth_auc0.95,0.9501,0.5,2,0.5,0.5075,0.4987,0.5013,1556.2,False,87.8,87.8,87.8,87.8,87.8,87.8,87.75,87.75,87.83,87.83,87.8,87.8,87.85,87.85,0.9767,0.9694,1800,1800,0.9791,0.9693,1773,1827,0.9767,0.9699,1805,1795
synth_auc0.95,0.9585,0.5,3,0.5,0.5035,0.4961,0.4993,1779.12,False,89.87,89.87,89.83,89.83,89.83,89.83,89.67,89.67,89.83,89.83,89.87,89.87,89.83,89.83,0.9761,0.9794,1800,1800,0.976,0.979,1788,1813,0.9752,0.9804,1814,1786
synth_auc0.95,0.9477,0.5,4,0.5,0.4974,0.4935,0.4973,1573.41,False,87.47,87.47,87.47,87.47,87.47,87.47,87.45,87.45,87.48,87.48,87.47,87.47,87.5,87.5,0.9744,0.9694,1800,1800,0.974,0.9698,1809,1791,0.9742,0.9713,1824,1778
synth_auc0.95,0.9507,0.5,5,0.5,0.4921,0.4921,0.4963,1560.47,False,87.9,87.9,87.8,87.8,87.8,87.8,88.03,88.03,88.0,88.0,87.9,87.9,88.05,88.05,0.9756,0.9706,1800,1802,0.9721,0.9718,1830,1774,0.9721,0.9718,1828,1774
synth_auc0.95,0.9505,0.5,6,0.5,0.4984,0.4959,0.4992,1695.65,False,88.48,88.48,88.5,88.5,88.5,88.5,88.45,88.45,88.52,88.52,88.48,88.48,88.52,88.52,0.9689,0.9761,1800,1800,0.9679,0.9771,1807,1794,0.968,0.9782,1815,1785
synth_auc0.95,0.9517,0.5,7,0.5,0.5044,0.4974,0.5003,1555.0,False,88.23,88.23,88.27,88.27,88.27,88.27,88.17,88.17,88.37,88.37,88.23,88.23,88.38,88.38,0.9761,0.9706,1801,1800,0.9765,0.9708,1784,1816,0.9763,0.9715,1811,1791
synth_auc0.95,0.9479,0.5,8,0.5,0.504,0.4978,0.5007,1682.32,False,87.6,87.6,87.63,87.63,87.63,87.63,87.57,87.57,87.62,87.62,87.6,87.6,87.72,87.72,0.9717,0.965,1801,1800,0.9726,0.9642,1786,1818,0.9712,0.9654,1808,1792
synth_auc0.95,0.952,0.5,9,0.5,0.495,0.4945,0.4982,1595.83,False,88.35,88.35,88.27,88.27,88.27,88.27,88.47,88.47,88.48,88.48,88.35,88.35,88.47,88.47,0.9695,0.9783,1801,1800,0.9692,0.9781,1818,1782,0.9692,0.9781,1820,1781
synth_auc0.95,0.9498,0.5,10,0.5,0.4981,0.4945,0.4982,1590.84,False,87.92,87.92,87.93,87.93,87.93,87.93,87.92,87.92,87.93,87.93,87.92,87.92,87.97,87.97,0.9728,0.9739,1800,1800,0.9723,0.9738,1807,1793,0.9725,0.9742,1820,1781
synth_auc0.95,0.9486,0.5,11,0.5,0.5073,0.4961,0.4993,1591.94,False,87.93,87.93,87.93,87.93,87.93,87.93,87.83,87.83,88.1,88.1,87.93,87.93,88.27,88.27,0.9739,0.9661,1800,1800,0.9746,0.9666,1774,1826,0.973,0.9664,1814,1787
synth_auc0.95,0.9518,0.5,12,0.5,0.5082,0.4974,0.5003,1681.91,False,88.47,88.47,88.48,88.48,88.48,88.48,88.42,88.42,88.47,88.47,88.47,88.47,88.52,88.52,0.9722,0.9722,1800,1801,0.9729,0.9721,1771,1831,0.9707,0.9721,1811,1791
synth_auc0.95,0.9462,0.5,13,0.5,0.509,0.4921,0.4963,1496.42,False,87.4,87.4,87.33,87.33,87.33,87.33,87.35,87.35,87.6,87.6,87.4,87.4,87.62,87.62,0.9661,0.9644,1800,1800,0.9683,0.964,1768,1833,0.9666,0.965,1829,1772
synth_auc0.95,0.9523,0.5,14,0.5,0.4915,0.4897,0.4945,1540.76,False,88.75,88.75,88.7,88.7,88.7,88.7,88.72,88.72,88.65,88.65,88.75,88.75,88.77,88.77,0.9694,0.9767,1800,1800,0.9694,0.978,1832,1770,0.9695,0.9779,1837,1763
synth_auc0.95,0.9506,0.5,15,0.5,0.509,0.4991,0.5017,1646.18,False,88.33,88.33,88.47,88.47,88.47,88.47,88.1,88.1,88.5,88.5,88.33,88.33,88.47,88.47,0.9744,0.9694,1800,1800,0.9768,0.9689,1768,1833,0.9745,0.9694,1803,1797
synth_auc0.95,0.9507,0.5,16,0.5,0.4984,0.4887,0.4937,1544.8,False,88.0,88.0,88.0,88.0,88.0,88.0,88.02,88.02,88.03,88.03,88.0,88.0,88.08,88.08,0.9717,0.9733,1800,1800,0.9712,0.9738,1807,1795,0.9712,0.9761,1841,1760
synth_auc0.95,0.9494,0.5,17,0.5,0.4958,0.4954,0.4988,1738.87,False,88.18,88.18,88.17,88.17,88.17,88.17,88.35,88.35,88.32,88.32,88.18,88.18,88.3,88.3,0.9744,0.9728,1800,1800,0.9719,0.9737,1816,1785,0.9719,0.9737,1817,1785
synth_auc0.95,0.954,0.5,18,0.5,0.5042,0.4969,0.5,1683.24,False,88.37,88.37,88.37,88.37,88.37,88.37,88.32,88.32,88.5,88.5,88.37,88.37,88.42,88.42,0.9745,0.9795,1802,1801,0.9742,0.9791,1785,1815,0.9741,0.9793,1812,1790
synth_auc0.95,0.9555,0.5,19,0.5,0.4843,0.485,0.4908,1631.21,False,88.78,88.78,88.9,88.9,88.9,88.9,88.8,88.8,88.8,88.8,88.78,88.78,88.92,88.92,0.98,0.9739,1800,1800,0.9779,0.9753,1857,1744,0.9779,0.9754,1854,1746
synth_auc0.95,0.9561,0.5,20,0.5,0.5068,0.4998,0.5022,1636.25,False,88.88,88.88,88.93,88.93,88.93,88.93,88.72,88.72,88.93,88.93,88.88,88.88,88.93,88.93,0.9795,0.9772,1802,1801,0.9809,0.9748,1776,1825,0.9795,0.9772,1802,1799
synth_auc0.95,0.9504,0.5,21,0.5,0.4902,0.4921,0.4963,1568.07,False,88.1,88.1,88.03,88.03,88.03,88.03,88.45,88.45,88.28,88.28,88.1,88.1,88.45,88.45,0.9689,0.975,1800,1801,0.9673,0.9745,1836,1765,0.9688,0.9746,1828,1773
synth_auc0.95,0.9496,0.5,22,0.5,0.5052,0.4989,0.5015,1561.63,False,88.08,88.08,88.13,88.13,88.13,88.13,88.18,88.18,88.15,88.15,88.08,88.08,88.17,88.17,0.9706,0.9739,1800,1800,0.9714,0.9725,1781,1819,0.9706,0.9738,1804,1797
synth_auc0.95,0.9511,0.5,23,0.5,0.5055,0.4972,0.5002,1554.66,False,88.12,88.12,88.12,88.12,88.12,88.12,88.02,88.02,88.22,88.22,88.12,88.12,88.12,88.12,0.9733,0.9711,1800,1800,0.973,0.9687,1780,1820,0.9735,0.9726,1810,1790
synth_auc0.95,0.9502,0.5,24,0.5,0.501,0.4893,0.4942,1493.4,False,87.95,87.95,88.05,88.05,88.05,88.05,87.97,87.97,87.85,87.85,87.95,87.95,88.05,88.05,0.9778,0.9678,1800,1800,0.9777,0.9678,1797,1804,0.975,0.9716,1839,1762
synth_auc0.95,0.9537,0.5,25,0.5,0.5017,0.4959,0.4992,1646.44,False,88.62,88.62,88.6,88.6,88.6,88.6,88.57,88.57,88.68,88.68,88.62,88.62,88.7,88.7,0.9778,0.975,1802,1800,0.9777,0.9751,1794,1806,0.9769,0.9748,1816,1785
synth_auc0.95,0.9454,0.5,26,0.5,0.5049,0.4935,0.4973,1496.15,False,87.0,87.0,87.02,87.02,87.02,87.02,87.25,87.25,87.12,87.12,87.0,87.0,87.28,87.28,0.9667,0.9711,1800,1800,0.9669,0.9709,1783,1819,0.965,0.9724,1826,1777
synth_auc0.95,0.9487,0.5,27,0.5,0.4882,0.4895,0.4943,1622.65,False,87.6,87.6,87.7,87.7,87.7,87.7,87.68,87.68,87.65,87.65,87.6,87.6,87.75,87.75,0.9678,0.975,1800,1801,0.9647,0.9772,1843,1758,0.9646,0.9767,1838,1763
synth_auc0.95,0.9531,0.5,28,0.5,0.4852,0.4856,0.4913,1500.47,False,88.4,88.4,88.57,88.57,88.57,88.57,88.35,88.35,88.4,88.4,88.4,88.4,88.58,88.58,0.9756,0.9744,1800,1800,0.9736,0.9765,1853,1747,0.9735,0.9765,1852,1748
synth_auc0.95,0.9499,0.5,29,0.5,0.4969,0.4926,0.4967,1677.49,False,88.23,88.23,88.07,88.07,88.07,88.07,88.2,88.2,88.47,88.47,88.23,88.23,88.38,88.38,0.9661,0.9745,1800,1801,0.9663,0.976,1812,1789,0.9661,0.9769,1827,1774
synth_auc0.95,0.9489,0.5,30,0.5,0.4994,0.4935,0.4973,1555.99,False,87.7,87.7,87.7,87.7,87.7,87.7,87.68,87.68,87.62,87.62,87.7,87.7,87.77,87.77,0.9711,0.9706,1800,1801,0.9706,0.9722,1802,1798,0.9704,0.9736,1824,1779
synth_auc0.95,0.9514,0.5,31,0.5,0.5032,0.4952,0.4987,1516.7,False,88.17,88.17,88.1,88.1,88.1,88.1,88.1,88.1,88.15,88.15,88.17,88.17,88.13,88.13,0.9739,0.9711,1801,1800,0.9743,0.9713,1791,1812,0.9736,0.972,1817,1783
synth_auc0.95,0.9535,0.5,32,0.5,0.4963,0.4913,0.4957,1608.63,False,88.53,88.53,88.63,88.63,88.63,88.63,88.53,88.53,88.48,88.48,88.53,88.53,88.68,88.68,0.9733,0.975,1801,1800,0.9735,0.9748,1814,1787,0.9738,0.9746,1833,1769
synth_auc0.95,0.9541,0.5,33,0.5,0.4919,0.493,0.497,1635.19,False,88.2,88.2,88.05,88.05,88.05,88.05,88.13,88.13,88.2,88.2,88.2,88.2,88.27,88.27,0.9761,0.9817,1800,1800,0.9748,0.9819,1829,1771,0.9748,0.982,1825,1776
synth_auc0.95,0.9512,0.5,34,0.5,0.4986,0.498,0.5008,1605.18,False,88.28,88.28,88.27,88.27,88.27,88.27,88.28,88.28,88.23,88.23,88.28,88.28,88.27,88.27,0.9756,0.9694,1800,1800,0.9756,0.9694,1806,1797,0.9757,0.9693,1807,1793
synth_auc0.95,0.9498,0.5,35,0.5,0.4988,0.4991,0.5017,1521.19,False,88.27,88.27,88.38,88.38,88.38,88.38,88.38,88.38,88.45,88.45,88.27,88.27,88.38,88.38,0.9678,0.9767,1801,1800,0.9667,0.9772,1804,1796,0.9667,0.9772,1804,1797
synth_auc0.95,0.9524,0.5,36,0.5,0.5059,0.4976,0.5005,1631.97,False,88.48,88.48,88.52,88.52,88.52,88.52,88.55,88.55,88.63,88.63,88.48,88.48,88.58,88.58,0.9722,0.9761,1800,1800,0.9725,0.9731,1779,1822,0.9724,0.976,1809,1793
synth_auc0.95,0.9525,0.5,37,0.5,0.4905,0.4891,0.494,1545.62,False,88.8,88.8,88.6,88.6,88.6,88.6,88.75,88.75,88.75,88.75,88.8,88.8,88.83,88.83,0.9722,0.9756,1801,1800,0.9728,0.9757,1835,1766,0.9728,0.9756,1839,1762
synth_auc0.95,0.9531,0.5,38,0.5,0.4979,0.4998,0.5022,1574.09,False,88.18,88.18,88.3,88.3,88.3,88.3,88.28,88.28,88.32,88.32,88.18,88.18,88.42,88.42,0.9778,0.975,1802,1800,0.9779,0.9749,1808,1793,0.9778,0.975,1802,1799
synth_auc0.95,0.9536,0.5,39,0.5,0.4914,0.4924,0.4965,1568.68,False,88.05,88.05,88.03,88.03,88.03,88.03,87.97,87.97,87.97,87.97,88.05,88.05,88.33,88.33,0.975,0.9756,1800,1800,0.9738,0.9774,1831,1769,0.9737,0.9769,1828,1773
synth_auc0.95,0.9491,0.6,0,0.6,0.5678,0.5969,0.5763,1638.17,False,87.63,87.61,84.37,85.8,88.48,87.99,87.35,87.49,88.28,87.86,87.63,87.61,88.62,87.94,0.9311,0.9883,1801,1800,0.9569,0.9843,1556,2044,0.9594,0.9795,1452,2149
synth_auc0.95,0.953,0.6,1,0.6,0.5627,0.5901,0.5712,1672.26,False,88.12,88.22,84.97,86.42,88.83,88.37,88.0,88.28,88.5,88.23,88.12,88.22,89.0,88.46,0.9373,0.9883,1801,1801,0.9575,0.9852,1575,2026,0.9675,0.9835,1476,2125
synth_auc0.95,0.95,0.6,2,0.6,0.5644,0.5927,0.5732,1622.01,False,88.12,88.18,84.6,86.04,88.32,87.83,87.77,88.0,88.25,87.91,88.12,88.18,88.33,88.16,0.93,0.9867,1800,1801,0.9509,0.9833,1568,2033,0.9584,0.9808,1467,2135
synth_auc0.95,0.9515,0.6,3,0.6,0.5598,0.5925,0.573,1579.08,False,88.1,88.17,84.9,86.35,88.33,87.84,87.58,87.9,88.32,87.99,88.1,88.17,88.48,88.23,0.9361,0.9867,1800,1800,0.9521,0.9856,1585,2016,0.9625,0.9822,1467,2133
synth_auc0.95,0.9493,0.6,4,0.6,0.5613,0.594,0.5742,1629.26,False,87.58,87.6,84.57,86.01,87.93,87.43,87.38,87.66,87.8,87.41,87.58,87.6,88.05,87.62,0.9328,0.9883,1800,1800,0.9493,0.9857,1579,2021,0.9603,0.9822,1462,2139
synth_auc0.95,0.9522,0.6,5,0.6,0.5699,0.5979,0.5772,1616.62,False,88.28,88.27,84.95,86.4,88.58,88.1,88.32,88.46,88.52,88.08,88.28,88.27,88.72,88.47,0.9317,0.9878,1800,1800,0.9496,0.9859,1549,2054,0.9565,0.9819,1449,2153
synth_auc0.95,0.9533,0.6,6,0.6,0.5624,0.594,0.5742,1735.01,False,88.65,88.72,84.83,86.28,89.17,88.72,87.97,88.25,88.97,88.63,88.65,88.72,89.28,88.72,0.935,0.9872,1801,1800,0.9531,0.9847,1577,2026,0.961,0.9841,1462,2139
synth_auc0.95,0.9513,0.6,7,0.6,0.5666,0.5973,0.5767,1639.36,False,88.43,88.44,85.32,86.78,88.53,88.06,88.12,88.31,88.5,88.08,88.43,88.44,88.82,88.52,0.9306,0.9856,1800,1800,0.9462,0.9833,1560,2040,0.9545,0.9795,1450,2150
synth_auc0.95,0.9551,0.6,8,0.6,0.5646,0.5916,0.5723,1653.75,False,88.97,89.08,85.37,86.84,89.33,88.89,88.82,89.08,89.42,89.15,88.97,89.08,89.45,89.25,0.9339,0.9878,1800,1801,0.9617,0.9843,1568,2033,0.968,0.9822,1470,2130
synth_auc0.95,0.951,0.6,9,0.6,0.5634,0.5907,0.5717,1501.73,False,88.13,88.23,84.47,85.9,88.8,88.33,88.03,88.3,88.6,88.31,88.13,88.23,88.9,88.46,0.9395,0.985,1801,1800,0.958,0.9803,1572,2028,0.9695,0.9765,1474,2127
synth_auc0.95,0.9533,0.6,10,0.6,0.569,0.5999,0.5787,1607.83,False,88.4,88.36,85.3,86.76,88.55,88.07,88.33,88.49,88.58,88.11,88.4,88.36,88.65,88.56,0.9328,0.9911,1801,1800,0.9543,0.9878,1553,2049,0.9632,0.9852,1441,2160
synth_auc0.95,0.9507,0.6,11,0.6,0.5853,0.6047,0.5823,1678.83,False,88.17,88.04,84.77,86.22,88.35,87.86,88.17,87.98,88.37,87.78,88.17,88.04,88.4,88.03,0.9417,0.9867,1800,1801,0.9612,0.9839,1493,2107,0.9635,0.9798,1423,2177
synth_auc0.95,0.9482,0.6,12,0.6,0.5601,0.5884,0.5698,1554.25,False,87.72,87.83,84.57,86.0,88.13,87.64,87.57,87.87,87.77,87.5,87.72,87.83,88.27,88.0,0.9267,0.9878,1801,1800,0.9489,0.9856,1584,2017,0.9595,0.9821,1482,2118
synth_auc0.95,0.9509,0.6,13,0.6,0.5584,0.5916,0.5723,1696.77,False,87.87,87.94,84.57,86.01,88.68,88.21,87.72,88.07,88.4,88.09,87.87,87.94,88.67,88.22,0.9361,0.9867,1800,1800,0.9503,0.9841,1590,2011,0.9619,0.9812,1470,2131
synth_auc0.95,0.9516,0.6,14,0.6,0.5606,0.5962,0.5758,1690.27,False,88.25,88.26,84.97,86.42,88.4,87.92,88.12,88.44,88.45,88.05,88.25,88.26,88.43,88.5,0.9311,0.9872,1800,1800,0.9564,0.9846,1582,2019,0.9663,0.9809,1454,2146
synth_auc0.95,0.9504,0.6,15,0.6,0.5577,0.5875,0.5692,1532.64,False,87.75,87.88,84.83,86.28,88.22,87.72,87.57,87.93,87.8,87.55,87.75,87.88,88.28,88.01,0.9322,0.9867,1800,1801,0.9523,0.9836,1593,2008,0.9562,0.982,1485,2115
synth_auc0.95,0.9513,0.6,16,0.6,0.5772,0.6041,0.5818,1673.47,False,88.32,88.21,84.93,86.39,88.5,88.02,88.32,88.31,88.68,88.13,88.32,88.21,88.68,88.3,0.9295,0.9883,1801,1801,0.9573,0.9856,1523,2079,0.9593,0.9825,1426,2175
synth_auc0.95,0.9501,0.6,17,0.6,0.5588,0.5897,0.5708,1537.97,False,87.58,87.67,84.6,86.04,87.9,87.4,87.0,87.31,87.67,87.37,87.58,87.67,88.23,87.76,0.9367,0.9894,1800,1800,0.956,0.9821,1590,2013,0.9628,0.9816,1478,2124
synth_auc0.95,0.9535,0.6,18,0.6,0.5729,0.5997,0.5785,1522.15,False,88.35,88.31,85.12,86.58,88.73,88.26,88.35,88.43,88.75,88.28,88.35,88.31,88.88,88.37,0.9333,0.9883,1800,1800,0.9564,0.9879,1538,2063,0.9598,0.9861,1441,2159
synth_auc0.95,0.9484,0.6,19,0.6,0.5517,0.5873,0.569,1578.05,False,87.77,87.9,84.93,86.39,88.23,87.74,87.33,87.81,87.9,87.66,87.77,87.9,88.32,87.98,0.9272,0.9889,1800,1801,0.9405,0.9864,1614,1986,0.9536,0.9839,1486,2114
synth_auc0.95,0.9493,0.6,20,0.6,0.5463,0.5894,0.5707,1508.22,False,87.5,87.59,84.73,86.18,88.05,87.55,86.75,87.31,87.82,87.53,87.5,87.59,88.05,87.72,0.9294,0.9878,1800,1800,0.9455,0.9827,1634,1967,0.9608,0.9812,1478,2123
synth_auc0.95,0.9541,0.6,21,0.6,0.5754,0.6075,0.5845,1676.69,False,88.35,88.19,84.8,86.25,88.35,87.86,88.03,88.05,88.62,87.98,88.35,88.19,88.65,88.22,0.9411,0.9906,1801,1800,0.9647,0.9884,1529,2072,0.9731,0.9858,1413,2187
synth_auc0.95,0.9514,0.6,22,0.6,0.572,0.5969,0.5763,1575.8,False,88.6,88.62,84.63,86.08,89.07,88.61,88.43,88.53,88.95,88.56,88.6,88.62,89.07,88.63,0.94,0.9833,1800,1800,0.9617,0.9811,1541,2059,0.9642,0.9805,1453,2149
synth_auc0.95,0.9532,0.6,23,0.6,0.5601,0.5997,0.5785,1732.24,False,88.25,88.21,85.13,86.6,88.6,88.13,87.8,88.12,88.58,88.11,88.25,88.21,88.68,88.23,0.9344,0.9917,1800,1801,0.9514,0.9881,1584,2016,0.9639,0.9852,1441,2159
synth_auc0.95,0.9478,0.6,24,0.6,0.5624,0.5953,0.5752,1610.21,False,87.78,87.79,84.33,85.76,88.03,87.53,87.5,87.76,87.93,87.53,87.78,87.79,88.15,87.81,0.9267,0.9856,1800,1800,0.9524,0.9822,1576,2025,0.9602,0.9781,1457,2144
synth_auc0.95,0.951,0.6,25,0.6,0.5741,0.6003,0.579,1601.77,False,88.1,88.04,84.73,86.18,88.3,87.81,88.1,88.14,88.35,87.85,88.1,88.04,88.47,88.14,0.9367,0.985,1800,1801,0.9609,0.9826,1534,2068,0.9666,0.981,1439,2162
synth_auc0.95,0.9538,0.6,26,0.6,0.5756,0.5999,0.5787,1677.99,False,88.83,88.81,85.23,86.7,89.2,88.75,88.85,88.9,89.18,88.74,88.83,88.81,89.2,88.96,0.9372,0.9889,1800,1801,0.9555,0.9865,1528,2073,0.9598,0.9843,1441,2160
synth_auc0.95,0.9519,0.6,27,0.6,0.5661,0.5999,0.5787,1662.72,False,88.53,88.5,85.1,86.56,88.83,88.37,88.35,88.57,88.83,88.37,88.53,88.5,88.87,88.62,0.93,0.9856,1800,1802,0.9507,0.9838,1563,2038,0.9598,0.9824,1441,2160
synth_auc0.95,0.955,0.6,28,0.6,0.55,0.5897,0.5708,1645.79,False,88.82,88.96,85.4,86.88,89.2,88.75,88.1,88.65,89.0,88.76,88.82,88.96,89.23,89.02,0.9395,0.9867,1802,1800,0.9537,0.9818,1621,1981,0.9641,0.9816,1477,2124
synth_auc0.95,0.9535,0.6,29,0.6,0.5656,0.594,0.5742,1537.45,False,88.15,88.19,85.12,86.58,88.43,87.95,88.05,88.27,88.43,88.07,88.15,88.19,88.65,88.28,0.935,0.9872,1800,1800,0.9553,0.9862,1565,2036,0.9603,0.9836,1462,2140
synth_auc0.95,0.9557,0.6,30,0.6,0.5574,0.5894,0.5707,1636.1,False,88.87,89.01,85.32,86.78,89.4,88.96,88.43,88.84,89.48,89.26,88.87,89.01,89.52,89.27,0.9367,0.9883,1800,1800,0.9549,0.9856,1595,2007,0.9662,0.984,1478,2122
synth_auc0.95,0.9565,0.6,31,0.6,0.5622,0.5884,0.5698,1714.98,False,88.65,88.81,85.7,87.19,88.98,88.52,88.6,88.91,88.97,88.75,88.65,88.81,89.07,88.94,0.9311,0.9922,1800,1800,0.9581,0.9896,1576,2024,0.9629,0.9863,1482,2118
synth_auc0.95,0.9507,0.6,32,0.6,0.563,0.5934,0.5737,1537.19,False,87.43,87.46,84.53,85.97,88.17,87.67,87.37,87.61,87.88,87.51,87.43,87.46,88.23,87.69,0.93,0.9928,1800,1800,0.9517,0.9896,1574,2027,0.959,0.9869,1464,2136
synth_auc0.95,0.9549,0.6,33,0.6,0.5744,0.5988,0.5778,1607.6,False,88.52,88.5,84.9,86.35,89.15,88.69,88.45,88.5,89.02,88.58,88.52,88.5,89.13,88.6,0.9411,0.9894,1801,1800,0.9654,0.985,1532,2068,0.9696,0.9842,1446,2158
synth_auc0.95,0.953,0.6,34,0.6,0.5605,0.5916,0.5723,1536.37,False,88.03,88.11,84.97,86.42,88.67,88.19,87.65,87.96,88.4,88.09,88.03,88.11,88.67,88.24,0.9367,0.9883,1800,1800,0.9558,0.9856,1582,2018,0.9599,0.9859,1470,2132
synth_auc0.95,0.9529,0.6,35,0.6,0.5674,0.5986,0.5777,1645.53,False,88.4,88.38,84.57,86.01,88.67,88.19,88.08,88.26,88.67,88.22,88.4,88.38,88.85,88.45,0.9389,0.9889,1800,1801,0.9596,0.9858,1558,2044,0.9661,0.9819,1446,2155
synth_auc0.95,0.9511,0.6,36,0.6,0.5654,0.6051,0.5827,1560.28,False,88.0,87.86,84.57,86.01,88.27,87.77,87.7,87.91,88.35,87.76,88.0,87.86,88.37,88.12,0.9317,0.9883,1800,1801,0.9585,0.9843,1565,2035,0.9684,0.9807,1422,2179
synth_auc0.95,0.9579,0.6,37,0.6,0.5625,0.5853,0.5675,1722.75,False,89.02,89.24,85.58,87.06,89.47,89.03,88.98,89.31,89.27,89.12,89.02,89.24,89.58,89.28,0.9389,0.9911,1800,1800,0.9581,0.9891,1575,2025,0.9645,0.9867,1493,2107
synth_auc0.95,0.9521,0.6,38,0.6,0.5593,0.5864,0.5683,1600.96,False,87.97,88.12,84.88,86.33,88.62,88.14,87.57,87.9,88.33,88.13,87.97,88.12,88.63,88.25,0.9411,0.9856,1800,1800,0.9616,0.9806,1587,2014,0.9678,0.9777,1490,2112
synth_auc0.95,0.9489,0.6,39,0.6,0.5535,0.5879,0.5695,1537.87,False,87.68,87.81,84.37,85.8,87.9,87.4,87.08,87.51,87.78,87.53,87.68,87.81,88.28,87.79,0.9317,0.9883,1800,1800,0.9534,0.9855,1608,1994,0.9629,0.9816,1484,2117
synth_auc0.95,0.9541,0.7,0,0.7,0.6339,0.7,0.6552,1762.0,False,88.55,88.5,77.87,83.17,89.97,88.06,87.52,88.29,89.97,88.06,88.55,88.5,90.03,88.88,0.8328,0.9956,1800,1800,0.9165,0.9917,1318,2283,0.9528,0.9881,1080,2520
synth_auc0.95,0.9481,0.7,1,0.7,0.623,0.6928,0.6497,1621.16,False,87.5,87.52,78.03,83.37,88.6,86.43,86.03,87.04,88.55,86.71,87.5,87.52,88.95,87.67,0.81,0.9972,1800,1801,0.8924,0.9938,1357,2243,0.9222,0.9908,1106,2495
synth_auc0.95,0.9541,0.7,2,0.7,0.6213,0.6913,0.6485,1685.74,False,88.45,88.7,77.87,83.17,89.9,87.98,86.9,88.15,89.9,88.39,88.45,88.7,89.98,88.85,0.8317,0.9939,1800,1800,0.9114,0.9924,1365,2237,0.9415,0.9892,1112,2489
synth_auc0.95,0.9504,0.7,3,0.7,0.6276,0.6985,0.654,1646.73,False,88.37,88.34,77.73,83.02,89.33,87.3,87.23,88.25,89.35,87.39,88.37,88.34,89.4,88.42,0.8222,0.9895,1800,1801,0.9031,0.9863,1341,2259,0.9402,0.9849,1087,2515
synth_auc0.95,0.9545,0.7,4,0.7,0.6324,0.7003,0.6553,1660.0,False,88.5,88.44,78.03,83.37,89.3,87.26,87.58,88.43,89.28,87.23,88.5,88.44,89.47,88.57,0.8217,0.9961,1800,1802,0.9094,0.9921,1324,2277,0.95,0.9901,1079,2521
synth_auc0.95,0.9451,0.7,5,0.7,0.6079,0.683,0.6422,1564.02,False,87.28,87.62,77.38,82.59,88.27,86.03,85.48,87.11,88.08,86.62,87.28,87.62,88.82,87.63,0.8044,0.99,1800,1802,0.8909,0.989,1412,2188,0.9299,0.9837,1141,2459
synth_auc0.95,0.9498,0.7,6,0.7,0.6215,0.6926,0.6495,1565.47,False,87.88,87.98,77.5,82.74,89.27,87.22,86.52,87.69,89.17,87.45,87.88,87.98,89.45,88.1,0.8211,0.9956,1800,1800,0.9017,0.9924,1363,2239,0.9377,0.9884,1108,2494
synth_auc0.95,0.9535,0.7,7,0.7,0.6254,0.6924,0.6493,1659.61,False,88.07,88.21,77.87,83.17,89.67,87.7,87.13,88.24,89.55,87.92,88.07,88.21,89.9,88.36,0.8278,0.9939,1800,1800,0.9177,0.9907,1349,2255,0.9395,0.9892,1108,2494
synth_auc0.95,0.9522,0.7,8,0.7,0.6332,0.7055,0.6593,1747.34,False,88.73,88.52,77.77,83.06,89.6,87.62,87.58,88.4,89.48,87.22,88.73,88.52,89.82,88.65,0.8267,0.9939,1800,1801,0.9123,0.9912,1323,2280,0.9426,0.987,1062,2540
synth_auc0.95,0.9557,0.7,9,0.7,0.6247,0.6935,0.6502,1680.72,False,88.35,88.5,78.08,83.42,89.63,87.66,87.1,88.23,89.72,88.07,88.35,88.5,90.1,88.62,0.8272,0.9944,1800,1800,0.9141,0.9929,1351,2249,0.952,0.9904,1104,2497
synth_auc0.95,0.9498,0.7,10,0.7,0.6209,0.6944,0.6508,1591.75,False,88.22,88.31,77.93,83.25,89.07,86.98,86.72,87.96,89.07,87.24,88.22,88.31,89.27,88.38,0.8178,0.9922,1800,1800,0.8894,0.9911,1365,2235,0.9355,0.9892,1101,2500
synth_auc0.95,0.9534,0.7,11,0.7,0.6422,0.7048,0.6588,1650.47,False,88.78,88.61,77.97,83.29,89.45,87.42,88.12,88.61,89.48,87.25,88.78,88.61,89.77,88.78,0.8251,0.9933,1801,1802,0.9231,0.9905,1288,2312,0.953,0.987,1064,2538
synth_auc0.95,0.951,0.7,12,0.7,0.6321,0.6972,0.653,1724.02,False,88.33,88.35,77.7,82.98,89.83,87.9,87.28,88.09,89.72,87.89,88.33,88.35,90.1,88.5,0.8306,0.9928,1800,1800,0.9162,0.989,1325,2277,0.9404,0.9861,1090,2511
synth_auc0.95,0.9473,0.7,13,0.7,0.6132,0.6917,0.6488,1742.43,False,87.75,87.85,77.8,83.1,88.83,86.71,85.72,87.13,88.9,87.18,87.75,87.85,89.02,87.87,0.8139,0.9906,1800,1801,0.883,0.9882,1393,2210,0.936,0.9859,1110,2490
synth_auc0.95,0.9523,0.7,14,0.7,0.6276,0.6946,0.651,1748.23,False,88.03,88.09,77.9,83.21,89.17,87.1,86.9,87.85,89.27,87.48,88.03,88.09,89.3,88.27,0.8194,0.995,1800,1800,0.9016,0.9929,1341,2260,0.9473,0.9892,1100,2502
synth_auc0.95,0.9474,0.7,15,0.7,0.6146,0.6909,0.6482,1612.3,False,87.62,87.73,77.27,82.46,89.4,87.38,85.9,87.26,89.32,87.72,87.62,87.73,89.55,87.92,0.8233,0.9928,1800,1800,0.9006,0.9901,1388,2213,0.9425,0.9859,1113,2488
synth_auc0.95,0.9474,0.7,16,0.7,0.6218,0.6983,0.6538,1568.42,False,87.45,87.26,77.53,82.76,88.73,86.59,85.92,86.96,88.67,86.59,87.45,87.26,89.05,87.3,0.8122,0.995,1800,1800,0.8987,0.9915,1362,2239,0.9429,0.9885,1086,2514
synth_auc0.95,0.9514,0.7,17,0.7,0.6203,0.695,0.6513,1664.81,False,88.2,88.27,77.67,82.94,89.57,87.58,86.47,87.68,89.6,87.86,88.2,88.27,89.88,88.31,0.8261,0.9922,1800,1800,0.9027,0.9906,1367,2235,0.9362,0.9896,1098,2502
synth_auc0.95,0.952,0.7,18,0.7,0.6346,0.6968,0.6527,1651.76,False,88.57,88.64,77.9,83.21,89.63,87.66,87.33,88.03,89.6,87.78,88.57,88.64,89.98,88.84,0.8272,0.9939,1800,1801,0.9172,0.9912,1316,2285,0.9414,0.9892,1092,2508
synth_auc0.95,0.9518,0.7,19,0.7,0.6182,0.6894,0.647,1729.14,False,87.8,88.0,77.83,83.13,89.13,87.06,86.32,87.61,89.03,87.45,87.8,88.0,89.5,88.12,0.8189,0.995,1800,1800,0.9048,0.9919,1376,2226,0.941,0.9907,1119,2482
synth_auc0.95,0.9528,0.7,20,0.7,0.6208,0.6898,0.6473,1671.0,False,88.4,88.7,77.75,83.03,89.6,87.62,86.77,88.02,89.58,88.08,88.4,88.7,89.65,88.7,0.8267,0.9944,1800,1800,0.9107,0.9919,1366,2235,0.9419,0.9899,1118,2484
synth_auc0.95,0.9525,0.7,21,0.7,0.6243,0.6948,0.6512,1700.14,False,88.32,88.42,77.7,82.98,89.6,87.62,86.93,88.05,89.68,87.96,88.32,88.42,89.93,88.82,0.8267,0.9917,1800,1800,0.9143,0.9893,1353,2248,0.9445,0.9884,1100,2502
synth_auc0.95,0.9542,0.7,22,0.7,0.6108,0.69,0.6475,1758.81,False,88.48,88.79,77.7,82.98,89.45,87.43,86.55,88.23,89.5,87.98,88.48,88.79,89.63,88.89,0.8245,0.9956,1801,1801,0.8994,0.9941,1401,2199,0.9444,0.9887,1116,2484
synth_auc0.95,0.9516,0.7,23,0.7,0.6111,0.6885,0.6463,1730.2,False,88.07,88.35,77.97,83.29,89.23,87.18,86.1,87.69,89.18,87.67,88.07,88.35,89.53,88.37,0.8206,0.9944,1800,1800,0.8964,0.9909,1400,2200,0.9358,0.9903,1122,2479
synth_auc0.95,0.9525,0.7,24,0.7,0.6274,0.6915,0.6487,1636.2,False,88.13,88.32,77.87,83.17,89.52,87.51,86.9,87.87,89.55,87.96,88.13,88.32,89.6,88.44,0.8245,0.9939,1801,1800,0.9091,0.9907,1342,2259,0.9434,0.9888,1114,2490
synth_auc0.95,0.9525,0.7,25,0.7,0.6342,0.6931,0.6498,1620.32,False,88.25,88.4,77.7,82.98,89.57,87.58,87.38,88.12,89.43,87.75,88.25,88.4,89.78,88.54,0.8261,0.9939,1800,1800,0.9165,0.9921,1317,2283,0.9439,0.988,1105,2497
synth_auc0.95,0.9494,0.7,26,0.7,0.6124,0.6889,0.6467,1657.82,False,87.7,87.9,77.58,82.83,89.27,87.22,85.93,87.43,89.1,87.55,87.7,87.9,89.55,88.05,0.8211,0.9922,1800,1800,0.8968,0.9887,1396,2206,0.9367,0.9859,1121,2480
synth_auc0.95,0.9528,0.7,27,0.7,0.6193,0.6917,0.6488,1612.58,False,88.42,88.65,77.63,82.9,89.77,87.82,86.67,87.97,89.67,88.1,88.42,88.65,90.27,88.75,0.8294,0.9928,1800,1801,0.9155,0.9906,1373,2229,0.9559,0.9884,1110,2490
synth_auc0.95,0.946,0.7,28,0.7,0.612,0.6867,0.645,1589.46,False,87.33,87.54,77.37,82.58,88.9,86.79,85.73,87.21,88.73,87.22,87.33,87.54,89.18,87.74,0.815,0.9939,1800,1801,0.8869,0.9918,1397,2204,0.9193,0.9899,1128,2474
synth_auc0.95,0.9522,0.7,29,0.7,0.6233,0.6952,0.6515,1685.0,False,88.08,88.12,78.33,83.73,89.03,86.94,86.7,87.82,89.1,87.25,88.08,88.12,89.12,88.15,0.8172,0.995,1800,1800,0.9057,0.9915,1358,2244,0.9407,0.9896,1097,2503
synth_auc0.95,0.9534,0.7,30,0.7,0.6216,0.6983,0.6538,1630.71,False,88.78,88.85,77.97,83.29,89.47,87.46,86.95,88.2,89.5,87.58,88.78,88.85,89.78,89.01,0.8244,0.995,1800,1801,0.9039,0.992,1363,2238,0.9438,0.9885,1086,2514
synth_auc0.95,0.9516,0.7,31,0.7,0.6261,0.6915,0.6487,1652.62,False,87.93,88.08,77.97,83.29,89.43,87.42,86.9,87.93,89.68,88.12,87.93,88.08,89.68,88.33,0.8239,0.9939,1800,1800,0.9042,0.992,1346,2255,0.9299,0.9896,1112,2490
synth_auc0.95,0.954,0.7,32,0.7,0.6312,0.6917,0.6488,1550.66,False,88.48,88.73,77.7,82.98,89.67,87.7,87.52,88.42,89.63,88.06,88.48,88.73,90.2,88.74,0.8278,0.9956,1800,1800,0.9233,0.9886,1329,2273,0.9486,0.9851,1110,2490
synth_auc0.95,0.9525,0.7,33,0.7,0.6165,0.6874,0.6455,1642.07,False,88.18,88.53,78.22,83.58,89.27,87.22,86.58,88.0,89.47,88.06,88.18,88.53,89.53,88.62,0.8211,0.9961,1800,1800,0.9001,0.9937,1381,2219,0.9298,0.9919,1126,2475
synth_auc0.95,0.9491,0.7,34,0.7,0.6156,0.6898,0.6473,1681.06,False,87.9,88.1,77.37,82.58,89.27,87.22,85.88,87.2,89.22,87.65,87.9,88.1,89.4,88.03,0.8211,0.9956,1800,1800,0.901,0.9919,1384,2217,0.9382,0.9879,1117,2485
synth_auc0.95,0.9519,0.7,35,0.7,0.621,0.6944,0.6508,1650.63,False,88.25,88.35,77.97,83.29,89.6,87.62,86.53,87.73,89.53,87.81,88.25,88.35,89.57,88.46,0.8267,0.9939,1800,1800,0.9033,0.9893,1365,2236,0.9491,0.9876,1101,2500
synth_auc0.95,0.9491,0.7,36,0.7,0.6197,0.6941,0.6507,1632.67,False,87.87,87.9,77.77,83.06,88.8,86.67,86.5,87.75,88.78,86.92,87.87,87.9,88.98,88.11,0.8133,0.995,1800,1800,0.889,0.9946,1369,2232,0.9282,0.9912,1101,2499
synth_auc0.95,0.9546,0.7,37,0.7,0.6293,0.7035,0.6578,1690.7,False,88.55,88.38,77.95,83.27,89.8,87.86,86.93,87.81,89.85,87.75,88.55,88.38,90.23,88.33,0.83,0.9961,1800,1801,0.9154,0.9921,1335,2266,0.9467,0.9889,1069,2533
synth_auc0.95,0.9525,0.7,38,0.7,0.6206,0.6955,0.6517,1594.17,False,88.2,88.25,77.97,83.29,89.02,86.92,86.75,88.01,89.15,87.3,88.2,88.25,89.25,88.32,0.8162,0.9967,1801,1800,0.899,0.9946,1366,2235,0.9408,0.9912,1098,2504
synth_auc0.95,0.9535,0.7,39,0.7,0.6401,0.6989,0.6543,1714.66,False,88.4,88.37,77.97,83.29,89.43,87.42,87.82,88.35,89.35,87.38,88.4,88.37,89.68,88.38,0.8239,0.9939,1800,1800,0.9182,0.9935,1296,2306,0.9456,0.9932,1085,2516
synth_auc0.95,0.9524,0.8,0,0.8,0.6467,0.7932,0.7263,1572.6,False,88.23,88.52,69.22,80.01,91.13,86.15,82.15,86.47,90.98,86.55,88.23,88.52,91.48,88.6,0.6063,0.9972,1801,1801,0.7573,0.9966,1273,2332,0.9114,0.994,745,2855
synth_auc0.95,0.9505,0.8,1,0.8,0.6728,0.7971,0.7293,1644.54,False,88.53,88.71,68.8,79.38,91.77,87.14,84.23,87.3,91.67,87.26,88.53,88.71,91.88,88.85,0.6083,0.9928,1800,1801,0.8024,0.9917,1179,2423,0.9139,0.9892,732,2870
synth_auc0.95,0.9531,0.8,2,0.8,0.6619,0.7888,0.723,1456.96,False,88.0,88.47,69.25,80.06,91.32,86.42,83.33,86.9,91.18,87.24,88.0,88.47,91.32,88.58,0.6039,0.9967,1800,1800,0.7781,0.9954,1217,2383,0.912,0.994,761,2841
synth_auc0.95,0.9478,0.8,3,0.8,0.6768,0.7975,0.7297,1617.8,False,88.17,88.1,69.08,79.8,90.73,85.52,84.52,87.35,90.72,85.73,88.17,88.1,91.18,88.21,0.6058,0.9961,1801,1803,0.7741,0.9947,1164,2437,0.8861,0.9927,729,2872
synth_auc0.95,0.9491,0.8,4,0.8,0.6807,0.7982,0.7302,1664.12,False,88.35,88.34,68.85,79.44,91.47,86.67,84.8,87.44,91.45,86.81,88.35,88.34,91.55,88.4,0.6011,0.995,1800,1802,0.7957,0.9927,1150,2451,0.9065,0.9896,727,2874
synth_auc0.95,0.9559,0.8,5,0.8,0.6641,0.7951,0.7278,1668.56,False,88.22,88.35,69.53,80.52,91.5,86.72,83.72,87.29,91.35,86.94,88.22,88.35,91.68,88.55,0.6078,0.9989,1800,1800,0.7841,0.9971,1209,2391,0.9147,0.9958,739,2863
synth_auc0.95,0.9542,0.8,6,0.8,0.6677,0.7927,0.726,1567.92,False,88.07,88.29,69.4,80.31,91.07,86.04,83.83,87.15,91.17,86.89,88.07,88.29,91.62,88.53,0.5999,0.9989,1802,1801,0.7771,0.9971,1198,2405,0.909,0.9954,747,2854
synth_auc0.95,0.9488,0.8,7,0.8,0.6609,0.7877,0.7222,1564.51,False,87.62,87.95,69.0,79.69,90.53,85.21,83.53,87.3,90.4,86.16,87.62,87.95,90.87,88.0,0.605,0.9956,1800,1800,0.7568,0.995,1221,2379,0.8928,0.9915,765,2839
synth_auc0.95,0.9507,0.8,8,0.8,0.6675,0.7849,0.72,1572.14,False,87.73,88.33,69.0,79.69,90.93,85.83,83.93,87.3,90.88,87.18,87.73,88.33,91.47,88.5,0.6083,0.9967,1800,1800,0.7736,0.9938,1197,2403,0.9071,0.9919,775,2827
synth_auc0.95,0.954,0.8,9,0.8,0.6695,0.7927,0.726,1666.75,False,88.33,88.71,69.15,79.91,91.33,86.46,84.38,87.83,91.33,87.15,88.33,88.71,91.68,88.86,0.6093,0.9956,1802,1802,0.7849,0.995,1190,2412,0.9076,0.993,747,2854
synth_auc0.95,0.9512,0.8,10,0.8,0.6523,0.7873,0.7218,1683.99,False,87.82,88.29,69.1,79.84,91.5,86.72,82.78,86.93,91.08,87.27,87.82,88.29,91.52,88.39,0.6061,0.9945,1800,1802,0.7668,0.9932,1252,2349,0.9034,0.9919,766,2834
synth_auc0.95,0.951,0.8,11,0.8,0.6683,0.7906,0.7243,1691.4,False,87.97,88.29,69.1,79.84,91.07,86.04,83.63,86.77,90.92,86.7,87.97,88.29,91.55,88.3,0.6022,0.9961,1800,1800,0.7772,0.995,1194,2406,0.9178,0.9923,754,2847
synth_auc0.95,0.9505,0.8,12,0.8,0.6859,0.7949,0.7277,1623.0,False,87.93,87.93,69.17,79.95,91.07,86.04,85.05,87.34,91.25,86.81,87.93,87.93,91.35,88.18,0.6011,0.9983,1800,1801,0.7905,0.9968,1131,2471,0.908,0.9941,739,2862
synth_auc0.95,0.9541,0.8,13,0.8,0.6633,0.7914,0.725,1683.14,False,88.23,88.65,69.32,80.17,90.97,85.89,83.57,87.14,90.73,86.33,88.23,88.65,91.63,88.71,0.605,0.9983,1800,1801,0.7715,0.9967,1212,2389,0.9134,0.9947,751,2850
synth_auc0.95,0.9467,0.8,14,0.8,0.6557,0.789,0.7232,1574.91,False,87.05,86.97,69.22,80.01,90.8,85.62,82.17,85.67,90.4,86.03,87.05,86.97,90.8,86.99,0.5906,0.9967,1800,1800,0.7565,0.9958,1240,2362,0.9026,0.994,760,2841
synth_auc0.95,0.9484,0.8,15,0.8,0.6708,0.8041,0.7347,1583.07,False,88.2,87.69,69.1,79.81,90.93,85.83,83.82,86.82,90.93,85.46,88.2,87.69,91.2,87.75,0.5978,0.9956,1800,1802,0.7774,0.9938,1186,2417,0.9138,0.9921,708,2896
synth_auc0.95,0.9548,0.8,16,0.8,0.6829,0.7958,0.7283,1628.2,False,88.7,89.06,69.1,79.84,91.43,86.61,85.45,88.25,91.35,86.88,88.7,89.06,91.98,89.18,0.6117,0.9967,1800,1800,0.8012,0.9955,1142,2458,0.9211,0.9909,735,2866
synth_auc0.95,0.9502,0.8,17,0.8,0.6779,0.7969,0.7292,1712.58,False,88.38,88.49,69.02,79.7,91.13,86.15,84.43,87.11,91.08,86.36,88.38,88.49,91.58,88.54,0.6006,0.9961,1800,1802,0.7888,0.9926,1160,2441,0.9168,0.9906,733,2869
synth_auc0.95,0.9514,0.8,18,0.8,0.6744,0.7991,0.7308,1700.02,False,88.32,88.23,69.17,79.95,91.23,86.3,84.1,86.94,91.17,86.29,88.32,88.23,91.42,88.4,0.6022,0.9978,1800,1800,0.7913,0.9955,1174,2428,0.9075,0.9917,724,2877
synth_auc0.95,0.9518,0.8,19,0.8,0.6625,0.7884,0.7227,1645.84,False,88.07,88.6,69.17,79.95,91.0,85.94,83.78,87.55,91.07,87.14,88.07,88.6,91.3,88.67,0.6128,0.9956,1800,1800,0.7716,0.995,1217,2385,0.8937,0.9926,762,2838
synth_auc0.95,0.9497,0.8,20,0.8,0.6615,0.7888,0.723,1553.26,False,87.77,88.1,69.1,79.84,90.87,85.73,82.98,86.4,90.82,86.7,87.77,88.1,91.18,88.24,0.5983,0.9972,1800,1801,0.7678,0.9945,1219,2383,0.9067,0.9919,761,2840
synth_auc0.95,0.9488,0.8,21,0.8,0.6663,0.7997,0.7313,1506.67,False,88.13,87.9,69.08,79.8,90.57,85.26,83.7,87.06,90.53,85.24,88.13,87.9,90.83,88.08,0.5989,0.9961,1800,1800,0.7629,0.9967,1202,2399,0.9182,0.9931,721,2879
synth_auc0.95,0.9507,0.8,22,0.8,0.6641,0.791,0.7247,1650.0,False,87.9,88.16,69.1,79.84,91.0,85.94,83.45,86.87,90.93,86.68,87.9,88.16,91.42,88.55,0.605,0.9967,1800,1800,0.7719,0.995,1210,2392,0.911,0.993,753,2849
synth_auc0.95,0.9546,0.8,23,0.8,0.6784,0.7906,0.7243,1633.72,False,88.2,88.66,69.33,80.21,91.13,86.15,85.17,88.23,91.07,86.92,88.2,88.66,91.2,88.72,0.6097,0.9983,1801,1801,0.7815,0.998,1158,2442,0.9098,0.9937,754,2846
synth_auc0.95,0.9518,0.8,24,0.8,0.674,0.798,0.73,1719.85,False,88.43,88.49,69.13,79.9,91.27,86.35,84.32,87.29,91.37,86.7,88.43,88.49,91.45,88.45,0.6022,0.9967,1800,1800,0.7853,0.9963,1174,2427,0.9121,0.9937,728,2873
synth_auc0.95,0.9485,0.8,25,0.8,0.6671,0.7899,0.7238,1576.95,False,87.68,87.9,68.8,79.38,91.2,86.25,83.57,86.76,90.95,86.81,87.68,87.9,91.15,87.98,0.6044,0.9961,1800,1800,0.78,0.9942,1200,2402,0.9062,0.9898,757,2845
synth_auc0.95,0.9554,0.8,26,0.8,0.6764,0.798,0.73,1807.7,False,88.23,88.18,69.48,80.43,91.43,86.61,84.7,87.69,91.35,86.66,88.23,88.18,91.67,88.46,0.605,0.9983,1800,1800,0.7991,0.9975,1165,2435,0.9176,0.9962,728,2873
synth_auc0.95,0.954,0.8,27,0.8,0.6605,0.7965,0.7288,1631.51,False,88.42,88.57,69.27,80.1,91.67,86.98,83.25,86.91,91.62,87.23,88.42,88.57,91.62,88.71,0.606,0.9978,1802,1803,0.7858,0.9979,1223,2378,0.91,0.9941,733,2868
synth_auc0.95,0.9496,0.8,28,0.8,0.6591,0.7877,0.7222,1636.31,False,87.58,87.9,69.47,80.42,91.02,85.95,82.9,86.5,90.77,86.73,87.58,87.9,91.32,87.94,0.6011,0.9961,1800,1800,0.7655,0.9954,1228,2373,0.8915,0.9947,765,2836
synth_auc0.95,0.948,0.8,29,0.8,0.6557,0.7888,0.723,1642.44,False,87.93,88.36,69.1,79.84,90.88,85.74,82.83,86.71,90.55,86.28,87.93,88.36,90.92,88.4,0.6013,0.9944,1801,1800,0.7605,0.9936,1240,2362,0.8909,0.9916,761,2842
synth_auc0.95,0.9524,0.8,30,0.8,0.6627,0.7975,0.7297,1629.32,False,88.57,88.73,69.2,80.0,91.32,86.42,83.48,87.05,91.42,86.82,88.57,88.73,91.67,88.81,0.605,0.9961,1800,1800,0.7819,0.9929,1215,2388,0.9247,0.992,730,2871
synth_auc0.95,0.9536,0.8,31,0.8,0.6657,0.798,0.73,1642.17,False,88.07,87.92,69.37,80.26,90.93,85.83,83.87,87.39,90.77,85.76,88.07,87.92,91.4,88.25,0.605,0.9983,1800,1800,0.7708,0.9962,1204,2397,0.9177,0.9951,729,2873
synth_auc0.95,0.9525,0.8,32,0.8,0.6653,0.7869,0.7215,1641.27,False,87.88,88.43,69.1,79.84,91.13,86.15,83.78,87.3,91.08,87.3,87.88,88.43,91.43,88.54,0.6054,0.9967,1802,1800,0.7776,0.995,1205,2395,0.8945,0.9936,768,2833
synth_auc0.95,0.9517,0.8,33,0.8,0.6453,0.7814,0.7173,1659.71,False,87.77,88.64,69.1,79.84,91.0,85.94,81.93,86.27,90.5,86.91,87.77,88.64,91.38,88.67,0.6061,0.9961,1800,1800,0.7527,0.9948,1278,2323,0.9111,0.9915,787,2814
synth_auc0.95,0.9509,0.8,34,0.8,0.6816,0.8026,0.7335,1688.53,False,88.48,88.24,68.93,79.58,91.57,86.82,84.7,87.19,91.62,86.67,88.48,88.24,91.8,88.46,0.5994,0.995,1800,1801,0.8019,0.9935,1146,2454,0.9241,0.9903,711,2889
synth_auc0.95,0.9531,0.8,35,0.8,0.6761,0.8026,0.7335,1804.81,False,88.88,88.86,69.3,80.16,91.58,86.83,84.48,87.36,91.58,86.61,88.88,88.86,91.85,88.81,0.6056,0.9944,1800,1800,0.7943,0.9942,1167,2434,0.9142,0.9934,711,2889
synth_auc0.95,0.9553,0.8,36,0.8,0.686,0.7984,0.7303,1692.73,False,88.67,88.82,69.43,80.36,91.23,86.3,85.7,88.34,91.23,86.46,88.67,88.82,91.6,88.98,0.6099,0.9972,1802,1800,0.7984,0.9968,1131,2471,0.9187,0.9951,726,2874
synth_auc0.95,0.9556,0.8,37,0.8,0.6789,0.8087,0.7382,1783.72,False,88.75,88.22,69.43,80.36,91.63,86.93,84.82,87.64,91.77,86.32,88.75,88.22,91.95,88.4,0.6047,0.9983,1801,1800,0.804,0.9975,1158,2444,0.9289,0.9948,689,2912
synth_auc0.95,0.954,0.8,38,0.8,0.6661,0.7897,0.7237,1621.12,False,88.1,88.56,69.47,80.42,90.97,85.89,83.83,87.3,91.07,87.01,88.1,88.56,91.4,88.71,0.61,0.9972,1800,1801,0.7747,0.9971,1203,2398,0.9049,0.9951,757,2843
synth_auc0.95,0.9501,0.8,39,0.8,0.6641,0.7921,0.7255,1666.53,False,88.32,88.73,69.03,79.71,90.97,85.89,83.65,87.19,90.77,86.32,88.32,88.73,91.3,88.88,0.61,0.9944,1800,1800,0.7709,0.9925,1209,2391,0.8972,0.9909,749,2852
synth_auc0.95,0.9565,0.9,0,0.9,0.6707,0.8826,0.7947,1586.56,False,87.43,88.5,59.93,77.52,94.03,83.43,76.42,85.42,93.37,85.43,87.43,88.5,94.68,88.71,0.3189,0.9989,1800,1801,0.4519,0.9988,1186,2417,0.8274,0.9987,423,3177
synth_auc0.95,0.9503,0.9,1,0.9,0.6945,0.902,0.8095,1594.68,False,88.78,88.95,59.6,76.67,94.13,83.63,78.25,85.25,94.17,83.35,88.78,88.95,94.52,89.08,0.3132,0.9983,1801,1800,0.4809,0.998,1100,2500,0.847,0.9954,353,3247
synth_auc0.95,0.959,0.9,2,0.9,0.7156,0.8953,0.8043,1610.12,False,88.6,89.59,59.8,77.22,94.63,85.09,80.47,86.7,94.52,85.84,88.6,89.59,94.87,90.09,0.3156,0.9994,1800,1801,0.5205,0.9984,1024,2576,0.8492,0.9975,378,3224
synth_auc0.95,0.9504,0.9,3,0.9,0.6925,0.8931,0.8027,1643.87,False,87.73,87.56,59.82,77.23,93.8,82.78,78.18,85.51,93.72,84.06,87.73,87.56,94.47,87.69,0.315,0.9994,1800,1801,0.4634,0.9988,1107,2493,0.839,0.9975,385,3217
synth_auc0.95,0.9492,0.9,4,0.9,0.6889,0.8951,0.8042,1527.45,False,88.15,88.38,59.67,76.85,93.67,82.41,77.75,85.12,93.53,83.15,88.15,88.38,94.23,88.47,0.312,0.9994,1801,1800,0.4652,0.998,1120,2480,0.8074,0.996,379,3222
synth_auc0.95,0.9488,0.9,5,0.9,0.6786,0.9038,0.8108,1586.42,False,88.42,87.64,59.63,76.76,93.63,82.31,76.82,84.82,93.87,82.15,88.42,87.64,94.18,87.96,0.3143,0.9994,1801,1800,0.4494,0.9984,1157,2443,0.8276,0.9966,348,3255
synth_auc0.95,0.9488,0.9,6,0.9,0.6717,0.8866,0.7977,1589.9,False,87.47,87.93,59.67,76.85,93.93,83.15,76.25,84.73,93.18,84.06,87.47,87.93,94.22,88.43,0.3154,0.9989,1801,1800,0.4467,0.9975,1182,2418,0.8093,0.9959,409,3192
synth_auc0.95,0.9423,0.9,7,0.9,0.6657,0.9001,0.808,1573.0,False,87.9,86.83,59.7,76.94,93.57,82.13,75.43,83.83,93.57,82.13,87.9,86.83,94.12,87.05,0.31,0.9994,1800,1800,0.4274,0.9971,1205,2397,0.8199,0.9966,361,3242
synth_auc0.95,0.9504,0.9,8,0.9,0.6697,0.9029,0.8102,1514.99,False,88.38,87.69,59.63,76.76,94.27,84.07,76.0,84.52,94.45,83.95,88.38,87.69,94.67,87.88,0.3124,0.9989,1802,1801,0.4432,0.9988,1189,2411,0.8543,0.9963,350,3250
synth_auc0.95,0.9525,0.9,9,0.9,0.6543,0.8972,0.8058,1502.97,False,88.25,88.29,59.87,77.41,93.93,83.15,74.67,84.22,93.82,83.45,88.25,88.29,94.35,88.34,0.3132,1.0,1801,1800,0.4289,0.9992,1245,2356,0.8297,0.9981,370,3230
synth_auc0.95,0.9564,0.9,10,0.9,0.656,0.8918,0.8017,1602.85,False,88.13,88.89,59.87,77.41,93.9,83.06,75.07,84.96,93.68,84.27,88.13,88.89,94.58,89.0,0.3189,0.9989,1800,1800,0.4399,0.9987,1239,2362,0.8487,0.9975,390,3210
synth_auc0.95,0.9529,0.9,11,0.9,0.6366,0.8887,0.7993,1577.52,False,87.8,88.48,59.9,77.5,93.73,82.59,73.0,83.52,93.27,83.81,87.8,88.48,94.2,88.63,0.3176,0.9989,1801,1800,0.4171,0.9991,1309,2292,0.8155,0.9987,401,3199
synth_auc0.95,0.9519,0.9,12,0.9,0.6801,0.8931,0.8027,1616.48,False,88.03,88.39,59.73,77.04,94.23,83.98,76.83,84.46,94.1,85.17,88.03,88.39,94.5,88.81,0.3128,0.9994,1800,1801,0.4614,0.9996,1153,2448,0.826,0.9972,385,3215
synth_auc0.95,0.9488,0.9,13,0.9,0.6574,0.8975,0.806,1527.71,False,88.17,88.02,59.75,77.05,93.93,83.07,74.73,83.74,93.8,83.37,88.17,88.02,94.27,88.06,0.3111,0.9994,1800,1800,0.43,0.9983,1235,2367,0.8243,0.9966,370,3231
synth_auc0.95,0.9493,0.9,14,0.9,0.684,0.9009,0.8087,1474.56,False,88.17,87.43,59.8,77.22,93.57,82.13,77.3,84.94,93.65,82.18,88.17,87.43,94.32,88.0,0.3126,0.9989,1801,1800,0.4534,0.9988,1138,2462,0.8459,0.9972,357,3243
synth_auc0.95,0.9508,0.9,15,0.9,0.6701,0.8885,0.7992,1554.31,False,87.75,88.38,59.7,76.94,93.77,82.69,76.07,84.63,93.33,84.0,87.75,88.38,94.22,88.72,0.3156,1.0,1800,1800,0.4495,0.9983,1188,2413,0.8159,0.9966,402,3200
synth_auc0.95,0.9524,0.9,16,0.9,0.6841,0.8911,0.8012,1581.64,False,87.88,88.31,59.77,77.13,94.33,84.26,77.15,84.49,93.8,84.78,87.88,88.31,94.7,88.52,0.31,0.9994,1800,1801,0.4653,0.998,1137,2465,0.8367,0.9972,392,3208
synth_auc0.95,0.9494,0.9,17,0.9,0.6694,0.8955,0.8045,1595.21,False,88.02,87.94,59.73,77.04,93.85,82.88,75.92,84.32,93.62,83.27,88.02,87.94,94.27,87.91,0.3117,0.9989,1800,1800,0.4433,0.9983,1191,2410,0.8382,0.9969,377,3225
synth_auc0.95,0.955,0.9,18,0.9,0.6905,0.9014,0.809,1648.65,False,88.87,89.3,59.77,77.13,93.83,82.87,78.17,85.87,93.9,82.76,88.87,89.3,94.4,89.57,0.3167,0.9983,1800,1801,0.4803,0.998,1114,2486,0.8315,0.9972,356,3245
synth_auc0.95,0.9562,0.9,19,0.9,0.6589,0.8907,0.8008,1624.47,False,88.02,88.75,59.77,77.13,94.12,83.62,75.2,84.67,94.05,85.51,88.02,88.75,94.72,88.91,0.3167,0.9989,1800,1802,0.4414,0.9992,1228,2372,0.8528,0.9969,394,3207
synth_auc0.95,0.9529,0.9,20,0.9,0.6788,0.8887,0.7993,1591.04,False,87.93,88.85,59.77,77.13,93.77,82.69,76.95,85.12,93.43,84.28,87.93,88.85,94.35,89.17,0.3148,0.9994,1801,1800,0.4641,0.9988,1157,2444,0.8254,0.9966,401,3202
synth_auc0.95,0.9462,0.9,21,0.9,0.6829,0.9051,0.8118,1573.49,False,88.52,87.69,59.7,76.94,93.53,82.04,76.98,84.32,93.53,80.93,88.52,87.69,94.07,87.88,0.3104,0.9994,1801,1800,0.4584,0.9984,1143,2459,0.8309,0.996,343,3258
synth_auc0.95,0.9531,0.9,22,0.9,0.6932,0.8964,0.8052,1685.78,False,88.05,87.88,59.67,76.85,94.23,83.98,78.28,85.64,94.15,84.53,88.05,87.88,94.7,88.15,0.3144,1.0,1800,1800,0.4688,0.9976,1105,2496,0.8636,0.9966,374,3229
synth_auc0.95,0.9481,0.9,23,0.9,0.6637,0.9014,0.809,1530.68,False,88.33,87.81,59.83,77.31,93.45,81.77,75.42,84.19,93.5,81.65,88.33,87.81,94.35,87.98,0.31,0.9994,1800,1801,0.4356,0.9996,1212,2389,0.8399,0.9975,356,3245
synth_auc0.95,0.9586,0.9,24,0.9,0.6723,0.8937,0.8032,1584.81,False,88.15,88.6,59.93,77.59,94.2,83.89,76.6,85.59,93.83,84.28,88.15,88.6,94.57,89.07,0.3198,1.0,1801,1801,0.453,0.9992,1181,2420,0.8486,0.9984,383,3217
synth_auc0.95,0.959,0.9,25,0.9,0.6826,0.9132,0.818,1535.01,False,89.67,89.52,59.83,77.31,94.6,85.0,77.4,85.44,94.75,82.49,89.67,89.52,94.9,89.56,0.3172,0.9994,1800,1802,0.4733,0.9988,1143,2457,0.8914,0.9982,313,3287
synth_auc0.95,0.9524,0.9,26,0.9,0.6564,0.8885,0.7992,1588.37,False,87.75,88.38,59.77,76.98,94.0,83.33,74.85,84.25,93.52,84.55,87.75,88.38,94.5,88.44,0.3158,0.9989,1802,1800,0.4341,0.9987,1237,2363,0.8383,0.9966,402,3202
synth_auc0.95,0.9561,0.9,27,0.9,0.67,0.8931,0.8027,1572.3,False,88.07,88.48,59.83,77.31,94.37,84.35,76.1,84.72,93.93,84.7,88.07,88.48,94.67,88.81,0.3167,1.0,1800,1800,0.452,0.9992,1188,2413,0.8494,0.9975,385,3215
synth_auc0.95,0.9558,0.9,28,0.9,0.6455,0.8907,0.8008,1703.65,False,87.95,88.56,59.73,77.04,94.13,83.7,74.02,84.38,93.8,84.85,87.95,88.56,94.77,88.8,0.3167,0.9994,1800,1800,0.4252,0.9987,1277,2324,0.8604,0.9972,394,3206
synth_auc0.95,0.9511,0.9,29,0.9,0.6725,0.8994,0.8075,1482.5,False,88.38,88.29,59.7,76.94,93.67,82.41,76.32,84.69,93.67,82.56,88.38,88.29,94.62,88.34,0.315,1.0,1800,1801,0.4504,0.9975,1179,2421,0.8705,0.9963,363,3238
synth_auc0.95,0.9507,0.9,30,0.9,0.6818,0.8868,0.7978,1480.08,False,87.48,87.94,59.7,76.94,93.67,82.41,77.27,85.3,93.02,83.53,87.48,87.94,94.33,88.27,0.3172,0.9994,1800,1801,0.4581,0.9988,1146,2455,0.8191,0.9969,409,3192
synth_auc0.95,0.9517,0.9,31,0.9,0.6603,0.9003,0.8082,1571.06,False,88.45,88.32,59.73,76.96,94.15,83.71,75.1,84.09,94.15,83.71,88.45,88.32,94.72,88.62,0.3133,0.9989,1800,1801,0.435,0.9987,1223,2377,0.8747,0.9951,359,3241
synth_auc0.95,0.9478,0.9,32,0.9,0.6713,0.8918,0.8017,1533.05,False,87.8,87.96,59.7,76.94,93.82,82.79,76.1,84.43,93.47,83.7,87.8,87.96,94.33,87.97,0.3117,0.9989,1800,1801,0.4459,0.9967,1184,2417,0.8077,0.9969,390,3210
synth_auc0.95,0.9458,0.9,33,0.9,0.6809,0.8931,0.8027,1595.04,False,87.67,87.37,59.73,77.04,93.45,81.77,77.02,84.79,93.13,82.48,87.67,87.37,93.88,87.42,0.3106,0.9994,1800,1800,0.4513,0.9988,1150,2452,0.7922,0.9966,385,3216
synth_auc0.95,0.9434,0.9,34,0.9,0.639,0.8953,0.8043,1626.51,False,87.63,86.91,59.53,76.48,93.8,82.78,72.93,82.81,93.67,83.44,87.63,86.91,94.45,87.22,0.3091,0.9983,1802,1800,0.4062,0.9974,1300,2301,0.8435,0.9957,377,3223
synth_auc0.95,0.9576,0.9,35,0.9,0.6621,0.8861,0.7973,1492.72,False,87.8,88.93,59.87,77.41,94.43,84.54,75.35,84.38,93.78,85.81,87.8,88.93,94.82,89.26,0.3158,0.9994,1802,1802,0.4454,0.9996,1217,2384,0.8512,0.9978,410,3192
synth_auc0.95,0.9554,0.9,36,0.9,0.6907,0.8979,0.8063,1610.71,False,88.3,88.31,59.87,77.41,93.87,82.96,78.12,85.69,93.85,83.4,88.3,88.31,94.32,88.79,0.3158,1.0,1802,1802,0.4726,0.9988,1115,2487,0.8405,0.9978,370,3232
synth_auc0.95,0.9481,0.9,37,0.9,0.6683,0.8964,0.8052,1447.16,False,88.12,88.06,59.52,76.4,94.32,84.18,75.77,84.17,94.12,84.44,88.12,88.06,94.95,88.25,0.3106,0.9983,1800,1800,0.4439,0.9967,1194,2406,0.8797,0.9947,374,3227
synth_auc0.95,0.9479,0.9,38,0.9,0.6495,0.8885,0.7992,1517.1,False,87.62,88.01,59.67,76.85,93.52,81.95,74.13,83.78,92.98,83.06,87.62,88.01,94.4,88.18,0.3148,0.9983,1801,1800,0.4255,0.9979,1262,2340,0.8134,0.9956,402,3199
synth_auc0.95,0.951,0.9,39,0.9,0.6713,0.9018,0.8093,1476.16,False,88.57,88.39,59.62,76.68,94.27,84.07,76.22,84.71,94.35,83.9,88.57,88.39,94.53,88.44,0.3133,0.9983,1800,1801,0.4494,0.9975,1186,2417,0.8507,0.996,355,3247
synth_auc0.95,0.9489,0.95,0,0.95,0.6507,0.9448,0.8422,1362.43,False,88.02,88.01,54.92,75.8,95.8,77.89,69.77,82.67,95.5,78.84,88.02,88.01,96.25,88.68,0.16,1.0,1800,1802,0.2202,0.9991,1258,2343,0.6935,0.9976,199,3401
synth_auc0.95,0.9494,0.95,1,0.95,0.6313,0.9478,0.8445,1471.05,False,88.22,87.96,54.9,75.79,96.3,80.53,67.73,81.12,96.15,80.76,88.22,87.96,96.52,88.65,0.1583,0.9994,1800,1801,0.2071,0.9991,1328,2274,0.734,0.9977,188,3412
synth_auc0.95,0.9395,0.95,2,0.95,0.6287,0.9452,0.8425,1305.3,False,87.88,87.15,54.7,74.74,96.23,80.18,67.43,80.81,96.12,81.85,87.88,87.15,96.82,87.54,0.1566,0.9978,1801,1800,0.2025,0.9973,1338,2264,0.7525,0.9962,198,3403
synth_auc0.95,0.9526,0.95,3,0.95,0.6507,0.9498,0.846,1392.24,False,88.3,87.68,54.92,75.8,96.32,80.54,69.7,82.32,96.3,80.68,88.3,87.68,96.78,88.32,0.1594,1.0,1800,1800,0.2178,0.9996,1258,2343,0.7735,0.9982,181,3419
synth_auc0.95,0.9477,0.95,4,0.95,0.657,0.9505,0.8465,1407.66,False,88.28,87.36,54.9,75.79,95.93,78.6,70.37,82.82,95.93,78.44,88.28,87.36,96.4,87.82,0.1578,1.0,1800,1800,0.2209,0.9996,1236,2365,0.7318,0.9988,179,3422
synth_auc0.95,0.962,0.95,5,0.95,0.6318,0.9485,0.845,1328.27,False,88.57,89.56,55.0,76.32,96.27,80.35,68.02,82.38,96.22,80.8,88.57,89.56,96.68,89.98,0.1611,1.0,1800,1800,0.2127,1.0,1326,2275,0.7606,1.0,188,3415
synth_auc0.95,0.9531,0.95,6,0.95,0.6427,0.9472,0.844,1260.11,False,88.27,88.46,54.95,75.97,96.27,80.35,69.0,82.42,96.08,80.73,88.27,88.46,96.73,88.68,0.1588,1.0,1801,1801,0.2133,1.0,1289,2314,0.7592,0.9991,191,3410
synth_auc0.95,0.9589,0.95,7,0.95,0.6517,0.9533,0.8487,1358.9,False,88.77,88.88,54.98,76.15,96.38,80.89,69.88,82.73,96.55,80.34,88.77,88.88,96.78,89.65,0.1611,0.9994,1800,1800,0.2247,0.9996,1255,2346,0.8166,0.9994,169,3432
synth_auc0.95,0.9474,0.95,8,0.95,0.6143,0.9435,0.8412,1408.8,False,87.78,87.25,54.83,75.44,96.13,79.65,66.08,80.41,95.8,81.05,87.78,87.25,96.62,87.39,0.1578,0.9994,1800,1801,0.1986,0.9995,1390,2212,0.7184,0.9979,206,3396
synth_auc0.95,0.9549,0.95,9,0.95,0.6573,0.938,0.837,1512.02,False,87.73,88.96,55.0,76.16,96.23,80.18,70.43,83.02,95.52,82.01,87.73,88.96,96.67,89.2,0.1589,0.9994,1800,1800,0.2245,0.9996,1234,2366,0.6964,0.9985,224,3377
synth_auc0.95,0.9489,0.95,10,0.95,0.6458,0.9341,0.834,1351.69,False,87.3,88.11,54.93,75.96,95.73,77.54,69.35,82.76,94.78,80.04,87.3,88.11,96.42,88.16,0.1606,1.0,1800,1801,0.2165,0.9996,1275,2325,0.6527,0.9991,239,3364
synth_auc0.95,0.9404,0.95,11,0.95,0.6682,0.9483,0.8448,1390.99,False,87.85,85.87,54.83,75.44,96.05,79.13,71.32,82.54,95.92,79.38,87.85,85.87,96.67,86.49,0.1556,1.0,1800,1801,0.2199,0.9988,1196,2406,0.7273,0.9979,187,3414
synth_auc0.95,0.9527,0.95,12,0.95,0.6532,0.9474,0.8442,1383.28,False,88.15,87.76,54.87,75.61,96.3,80.53,70.05,82.97,96.15,80.92,88.15,87.76,96.6,87.92,0.161,1.0,1801,1800,0.2218,1.0,1249,2352,0.7474,0.9982,190,3412
synth_auc0.95,0.9522,0.95,13,0.95,0.6636,0.9478,0.8445,1374.47,False,88.32,88.48,54.87,75.61,96.23,80.18,70.93,82.49,96.28,81.46,88.32,88.48,96.82,88.66,0.1572,0.9994,1800,1802,0.2271,0.9996,1211,2391,0.7819,0.9979,188,3413
synth_auc0.95,0.9519,0.95,14,0.95,0.6359,0.9413,0.8395,1301.56,False,87.95,88.92,54.9,75.79,95.82,77.75,68.35,82.24,95.52,80.59,87.95,88.92,96.32,89.13,0.1622,0.9983,1800,1802,0.2166,0.9987,1311,2289,0.6792,0.9982,212,3389
synth_auc0.95,0.9532,0.95,15,0.95,0.6404,0.9413,0.8395,1428.02,False,87.98,89.1,54.9,75.79,95.9,78.42,68.8,82.47,95.55,80.76,87.98,89.1,96.38,89.2,0.1617,1.0,1800,1800,0.217,0.9996,1295,2306,0.6667,0.9982,213,3389
synth_auc0.95,0.954,0.95,16,0.95,0.633,0.9476,0.8443,1404.45,False,88.2,87.95,54.95,75.97,96.3,80.53,68.03,81.91,96.15,80.92,88.2,87.95,96.9,88.25,0.16,1.0,1800,1800,0.2097,0.9996,1321,2280,0.7632,0.9988,190,3412
synth_auc0.95,0.9514,0.95,17,0.95,0.6516,0.9459,0.843,1394.98,False,88.2,88.58,54.9,75.79,96.37,80.88,69.75,82.18,96.08,81.2,88.2,88.58,96.65,89.11,0.1594,0.9994,1800,1800,0.2205,0.9996,1256,2347,0.7487,0.9979,195,3405
synth_auc0.95,0.955,0.95,18,0.95,0.657,0.9474,0.8442,1436.2,False,88.38,88.99,54.93,75.96,96.43,81.23,70.42,83.01,96.27,81.61,88.38,88.99,96.88,89.29,0.16,0.9994,1800,1800,0.2217,0.9992,1236,2365,0.7947,0.9982,190,3411
synth_auc0.95,0.9525,0.95,19,0.95,0.6599,0.9542,0.8493,1381.73,False,88.67,88.04,54.9,75.79,96.07,79.3,70.72,83.32,96.27,78.3,88.67,88.04,96.6,88.59,0.16,1.0,1800,1800,0.2251,0.9992,1226,2376,0.7818,0.9985,165,3436
synth_auc0.95,0.9572,0.95,20,0.95,0.6551,0.9457,0.8428,1281.55,False,88.32,89.27,54.87,75.61,96.2,80.0,70.2,82.89,95.93,80.49,88.32,89.27,96.95,89.98,0.1605,0.9994,1801,1802,0.2262,0.9996,1242,2359,0.7857,0.9988,196,3405
synth_auc0.95,0.9526,0.95,21,0.95,0.6516,0.9348,0.8345,1443.86,False,87.42,88.48,54.9,75.79,95.97,78.77,69.88,82.89,95.37,82.88,87.42,88.48,96.4,89.11,0.1611,1.0,1800,1802,0.2207,0.9996,1255,2346,0.6568,0.9985,236,3366
synth_auc0.95,0.9555,0.95,22,0.95,0.6567,0.947,0.8438,1478.83,False,88.25,88.45,54.9,75.79,96.53,81.75,70.43,83.33,96.35,82.29,88.25,88.45,97.02,88.52,0.1622,0.9989,1800,1801,0.2265,0.9992,1236,2366,0.8063,0.9985,191,3410
synth_auc0.95,0.9429,0.95,23,0.95,0.649,0.9465,0.8435,1432.9,False,87.88,86.68,54.83,75.44,96.13,79.65,69.48,81.89,95.92,80.17,87.88,86.68,96.52,87.04,0.1561,1.0,1800,1800,0.216,0.9987,1264,2336,0.7409,0.9977,193,3407
synth_auc0.95,0.96,0.95,24,0.95,0.6597,0.9444,0.8418,1424.22,False,88.38,90.1,54.97,75.98,96.53,81.75,70.67,83.14,96.1,82.16,88.38,90.1,96.83,90.43,0.1583,1.0,1800,1800,0.2294,0.9996,1225,2375,0.7612,0.9994,201,3402
synth_auc0.95,0.9519,0.95,25,0.95,0.6503,0.9413,0.8395,1401.72,False,87.82,88.22,54.9,75.79,96.33,80.7,69.62,82.11,95.88,82.52,87.82,88.22,96.73,88.3,0.1583,0.9994,1800,1800,0.2184,0.9991,1259,2342,0.7311,0.9985,212,3389
synth_auc0.95,0.9527,0.95,26,0.95,0.658,0.9579,0.8522,1391.49,False,89.02,88.54,54.87,75.61,96.27,80.35,70.4,82.53,96.58,78.31,89.02,88.54,96.65,88.65,0.1589,1.0,1800,1800,0.2218,1.0,1231,2369,0.8092,0.9971,152,3448
synth_auc0.95,0.9549,0.95,27,0.95,0.6491,0.9417,0.8398,1394.81,False,87.65,87.18,54.87,75.61,96.6,82.11,69.68,82.94,96.23,84.12,87.65,87.18,96.82,88.12,0.1611,0.9994,1800,1800,0.2209,0.9996,1263,2337,0.7619,0.9985,210,3390
synth_auc0.95,0.9575,0.95,28,0.95,0.6497,0.9426,0.8405,1379.45,False,88.15,89.5,54.93,75.96,96.3,80.53,69.72,82.8,95.98,82.41,88.15,89.5,96.65,89.81,0.1599,1.0,1801,1802,0.2244,0.9996,1261,2339,0.7343,0.9988,207,3395
synth_auc0.95,0.9447,0.95,29,0.95,0.6224,0.9483,0.8448,1438.9,False,88.18,87.62,54.8,75.26,96.12,79.48,66.95,81.18,95.95,79.55,88.18,87.62,96.7,87.55,0.1588,0.9983,1801,1801,0.2038,0.9982,1359,2241,0.7647,0.9982,187,3414
synth_auc0.95,0.9394,0.95,30,0.95,0.647,0.9415,0.8397,1273.48,False,87.63,87.18,54.67,74.56,96.07,79.3,69.17,81.25,95.62,80.96,87.63,87.18,96.6,87.78,0.1567,0.9983,1800,1800,0.214,0.9979,1271,2329,0.7204,0.9968,211,3389
synth_auc0.95,0.9412,0.95,31,0.95,0.6443,0.9374,0.8365,1356.99,False,87.18,86.31,54.92,75.8,95.87,78.25,69.07,81.98,95.08,80.04,87.18,86.31,96.73,86.31,0.1582,0.9994,1801,1800,0.2075,0.9991,1282,2319,0.6903,0.9985,226,3374
synth_auc0.95,0.9528,0.95,32,0.95,0.6428,0.9437,0.8413,1304.91,False,87.97,88.14,55.0,76.32,95.87,78.25,69.02,82.43,95.7,80.37,87.97,88.14,96.47,88.41,0.1589,1.0,1800,1801,0.2138,1.0,1286,2315,0.6912,0.9997,204,3398
synth_auc0.95,0.9428,0.95,33,0.95,0.6391,0.9489,0.8453,1357.02,False,88.07,86.77,54.83,75.44,96.12,79.48,68.45,81.18,96.02,79.59,88.07,86.77,96.65,87.54,0.1548,0.9994,1802,1801,0.2085,0.9996,1300,2301,0.7663,0.9974,184,3417
synth_auc0.95,0.9553,0.95,34,0.95,0.6435,0.9383,0.8372,1332.78,False,87.82,89.32,54.95,75.97,96.17,79.82,69.18,82.99,95.5,81.84,87.82,89.32,96.82,89.29,0.1622,0.9994,1800,1800,0.221,0.9991,1285,2317,0.7175,0.9988,223,3378
synth_auc0.95,0.946,0.95,35,0.95,0.6422,0.9398,0.8383,1431.17,False,87.7,88.16,54.88,75.62,96.15,79.66,68.88,82.04,95.52,81.22,87.7,88.16,96.55,88.33,0.1571,0.9989,1801,1801,0.2126,0.9991,1289,2313,0.6959,0.9982,217,3383
synth_auc0.95,0.9473,0.95,36,0.95,0.6535,0.9391,0.8378,1353.27,False,87.62,87.96,54.87,75.61,96.03,79.12,69.93,82.12,95.37,80.67,87.62,87.96,96.6,87.97,0.1594,1.0,1800,1800,0.2186,0.9992,1249,2353,0.6818,0.9982,220,3381
synth_auc0.95,0.9441,0.95,37,0.95,0.6315,0.9454,0.8427,1444.41,False,87.93,87.33,54.77,75.09,96.0,78.95,67.72,80.96,95.77,79.77,87.93,87.33,96.52,87.7,0.1578,0.9994,1800,1801,0.208,0.9987,1327,2276,0.736,0.9976,197,3404
synth_auc0.95,0.9491,0.95,38,0.95,0.6402,0.9505,0.8465,1414.48,False,88.45,88.24,54.87,75.61,95.8,77.89,68.82,82.48,95.8,77.74,88.45,88.24,96.5,88.25,0.1606,0.9989,1800,1800,0.2145,0.9991,1296,2306,0.743,0.9988,179,3423
synth_auc0.95,0.9551,0.95,39,0.95,0.6238,0.9374,0.8365,1387.53,False,87.62,88.59,54.9,75.79,96.6,82.11,67.02,80.9,95.93,84.6,87.62,88.59,97.02,88.93,0.1594,0.9994,1801,1800,0.2074,0.9996,1355,2246,0.7699,0.9988,226,3375
