seed,target,variant,epoch,eer,auc,acc,pi_hat,n_conf,rho_src,prior_gap,pred_rate,churn,conf,tail_gap
0,asvspoof2019,ours,0,4.6949612403100796,0.9907932816537468,92.92114695340501,0.740235311140653,0,1.0,0.15080878784316198,0.589426523297491,,0.9630876779556274,0.9735037920996547
0,asvspoof2019,ours,1,4.550775193798448,0.9908640180878553,84.85663082437276,0.740235311140653,3414,0.9843529279288984,0.3529593254775706,0.3872759856630824,0.2021505376344086,0.9815638065338135,0.9989350403380194
0,asvspoof2019,ours,2,4.445348837209302,0.9914229974160206,82.22222222222221,0.740235311140653,3349,0.9827376274805623,0.38037868031628025,0.35985663082437275,0.2295698924731183,0.9804477691650391,0.9916195865203916
0,asvspoof2019,ours,3,4.389922480620157,0.9916580749354005,87.1505376344086,0.740235311140653,3349,0.9838426876252467,0.33002025737721213,0.41021505376344086,0.022939068100358423,0.9769758582115173,0.9996782887158794
0,asvspoof2019,ours,4,4.22906976744186,0.9920965762273902,89.06810035842294,0.740235311140653,3352,0.9818322462810888,0.3104862071980007,0.4297491039426523,0.06989247311827956,0.9745393991470337,0.9993785605569631
0,asvspoof2019,ours,5,4.156976744186045,0.992184819121447,88.36917562724015,0.740235311140653,3355,0.9814463303669759,0.3174754545098286,0.4227598566308244,0.015053763440860216,0.9726528525352478,0.9992120553619785
0,asvspoof2019,ours,6,4.14031007751938,0.9922401808785529,88.2078853046595,0.740235311140653,3351,0.9811104767961712,0.3198052036137713,0.4204301075268817,0.011111111111111112,0.9723283052444458,0.9988230221300916
0,asvspoof2019,ours,7,4.032170542635659,0.9924922480620155,89.55197132616487,0.740235311140653,3351,0.9818964851545676,0.3060059204596494,0.4342293906810036,0.011827956989247311,0.9735679030418396,0.9997287730881393
0,asvspoof2019,ours,8,3.996124031007754,0.9926129844961241,88.35125448028674,0.740235311140653,3351,0.979429521760932,0.3180130889184308,0.4222222222222222,0.007885304659498209,0.9725818634033203,0.9987933584034936
0,asvspoof2019,ours,9,4.015503875968994,0.9926916020671835,88.51254480286738,0.740235311140653,3349,0.9784298867307194,0.3167586086316924,0.4234767025089606,0.013620071684587814,0.9703277349472046,0.9983334189494639
0,asvspoof2019,ours,10,3.851937984496122,0.9929884366925065,89.6057347670251,0.740235311140653,3348,0.9769360618062681,0.30546828605104726,0.43476702508960574,0.015770609318996417,0.9731625318527222,0.9991480137050338
0,asvspoof2019,ours,11,3.7992248062015523,0.9932302325581395,85.14336917562724,0.740235311140653,3350,0.9761941396647409,0.35080878784316194,0.38942652329749106,0.034050179211469536,0.9811316132545471,0.9970650070174564
0,asvspoof2019,ours,12,3.8713178294573622,0.9932854651162791,90.19713261648745,0.740235311140653,3354,0.9770748541081371,0.2995543075564236,0.4406810035842294,0.00878136200716846,0.9787984490394592,0.9998471621946043
0,asvspoof2019,ours,13,3.996124031007754,0.9931267441860465,90.0,0.740235311140653,3349,0.9766469978426261,0.3018840566603663,0.4383512544802867,0.0489247311827957,0.9806637167930603,0.9998766170545342
0,asvspoof2019,ours,14,3.943410852713178,0.9932507751937983,86.93548387096774,0.740235311140653,3357,0.9746482946284719,0.3328876408897569,0.4073476702508961,0.03333333333333333,0.9772585034370422,0.9982725347868517
0,asvspoof2019,ours,15,3.907364341085273,0.9932526485788115,89.6236559139785,0.740235311140653,3354,0.9757530434028037,0.3056474975205813,0.4345878136200717,0.004480286738351254,0.9815971255302429,0.9998771894154949
0,asvspoof2019,ours,16,3.835271317829457,0.9933609173126616,88.85304659498208,0.740235311140653,3349,0.9739382149443072,0.3137120136496136,0.4265232974910394,0.019175627240143368,0.9815747141838074,0.9996699072831472
0,asvspoof2019,ours,17,3.851937984496122,0.9934718346253231,88.47670250896057,0.740235311140653,3359,0.9729639635481454,0.3174754545098286,0.4227598566308244,0.012186379928315413,0.980964183807373,0.9992206088057003
0,asvspoof2019,ours,18,3.924031007751938,0.9935062661498708,89.30107526881721,0.740235311140653,3352,0.9728810307339647,0.30923172691126233,0.43100358422939067,0.0062724014336917565,0.9834946990013123,0.9997834543892563
0,asvspoof2019,ours,19,3.7992248062015523,0.9936822351421187,89.42652329749103,0.740235311140653,3357,0.972641990547717,0.30797724662452397,0.432258064516129,0.00949820788530466,0.9834272861480713,0.9998347131515594
0,asvspoof2019,ours,20,3.7298449612403117,0.993678488372093,89.08602150537635,0.740235311140653,3348,0.9720978878678256,0.3113822645456709,0.4288530465949821,0.0035842293906810036,0.9852604866027832,0.9998601620729404
0,asvspoof2019,ours,21,3.5496124031007747,0.9939832041343669,88.87096774193549,0.740235311140653,3351,0.9713361352411892,0.3135328021800795,0.4267025089605735,0.007347670250896057,0.9844778776168823,0.9998601611545568
0,asvspoof2019,ours,22,3.7077519379844963,0.9936782945736434,89.33691756272401,0.740235311140653,3351,0.9731811619926046,0.3088733039721942,0.4313620071684588,0.004301075268817204,0.9890192747116089,0.9999812240157545
0,asvspoof2019,ours,23,3.727131782945736,0.9935960594315245,89.40860215053763,0.740235311140653,3353,0.9725075961076947,0.308156458094058,0.432078853046595,0.0060931899641577065,0.9883076548576355,0.9999724624368698
0,asvspoof2019,ours,24,3.6717054263565903,0.993426550387597,89.6594982078853,0.740235311140653,3352,0.9661448241088851,0.3056474975205813,0.4345878136200717,0.006810035842293907,0.9870988726615906,0.9998804109230903
0,asvspoof2019,ours,25,3.835271317829457,0.9933375968992247,89.6057347670251,0.740235311140653,3350,0.960282162713132,0.30618513192918345,0.43405017921146954,0.00913978494623656,0.9859190583229065,0.9998274929507545
0,asvspoof2019,ours,26,3.7992248062015523,0.9939650516795865,89.82078853046595,0.740235311140653,3357,0.9655719234377166,0.30403459429477486,0.43620071684587813,0.006630824372759856,0.9902433156967163,0.999984741061628
0,asvspoof2019,ours,27,3.65503875968992,0.9936206072351422,90.50179211469535,0.740235311140653,3362,0.9649835363613678,0.29722455845248097,0.443010752688172,0.00931899641577061,0.9895168542861938,0.9999934272768467
0,asvspoof2019,ours,28,3.5496124031007747,0.9942886304909561,89.46236559139786,0.740235311140653,3353,0.9693182047535348,0.30761882368545584,0.43261648745519715,0.0060931899641577065,0.9906467199325562,0.999994754688641
0,asvspoof2019,ours,29,3.8019379844961216,0.9936799741602067,89.58781362007169,0.740235311140653,3350,0.971028598087915,0.3063643433987175,0.4338709677419355,0.00949820788530466,0.9916451573371887,0.9999923706049936
0,asvspoof2019,ours,30,3.727131782945736,0.9935525839793281,90.55555555555556,0.740235311140653,3358,0.9673736121755971,0.2966869240438788,0.4435483870967742,0.01129032258064516,0.9913458824157715,0.9999984496887054
0,asvspoof2019,ours,31,3.727131782945736,0.9932697674418604,89.17562724014337,0.740235311140653,3354,0.9617831949975799,0.3104862071980007,0.4297491039426523,0.007347670250896057,0.9902779459953308,0.9999434943908877
0,asvspoof2019,ours,32,3.6744186046511613,0.9930729974160207,89.6057347670251,0.740235311140653,3356,0.9652760875067263,0.30618513192918345,0.43405017921146954,0.00949820788530466,0.9914706349372864,0.9999912968626461
0,asvspoof2019,tent,0,4.6949612403100796,0.9907932816537468,92.92114695340501,0.740235311140653,0,1.0,0.15080878784316198,0.589426523297491,,0.9630876779556274,0.9735037920996547
0,asvspoof2019,tent,1,4.265116279069765,0.9880037467700259,95.57347670250897,0.740235311140653,0,0.954585081043257,0.21855072332703296,0.52168458781362,0.06774193548387097,0.9974400997161865,0.9999999999999963
0,asvspoof2019,tent,2,4.212403100775195,0.9901617571059432,94.80286738351255,0.740235311140653,0,0.9585861725785101,0.2409521570187892,0.4992831541218638,0.09014336917562724,0.997494101524353,1.0
0,asvspoof2019,tent,3,4.14031007751938,0.9902804909560724,94.53405017921148,0.740235311140653,0,0.9590345229532433,0.24579086669620853,0.49444444444444446,0.02724014336917563,0.9984285831451416,1.0
0,asvspoof2019,tent,4,4.14031007751938,0.9851906330749353,95.66308243727597,0.740235311140653,0,0.9467279010824721,0.21693782010122642,0.5232974910394266,0.024014336917562724,0.9981674551963806,1.0
0,asvspoof2019,tent,5,4.265116279069765,0.9838997416020672,95.7706093189964,0.740235311140653,0,0.9441961289824276,0.21442885952774982,0.5258064516129032,0.03136200716845878,0.9987002611160278,1.0
0,asvspoof2019,tent,6,4.245736434108525,0.9861958656330749,95.50179211469533,0.740235311140653,0,0.9474668914042049,0.22428549035212253,0.5159498207885305,0.007347670250896057,0.9987762570381165,1.0
0,asvspoof2019,tent,7,4.993798449612403,0.9603402454780362,94.24731182795699,0.740235311140653,0,0.9233061402658485,0.16837151185749888,0.5718637992831541,0.046057347670250895,0.9983276128768921,1.0
0,asvspoof2019,tent,8,4.445348837209302,0.9845706718346252,95.28673835125448,0.740235311140653,0,0.9451612438346759,0.2246439132911906,0.5155913978494624,0.005734767025089606,0.9989110827445984,1.0
0,asvspoof2019,tent,9,5.245736434108526,0.9577273255813954,94.10394265232975,0.740235311140653,0,0.921029867003885,0.1680130889184308,0.5722222222222222,0.006810035842293907,0.9983785152435303,1.0
0,asvspoof2019,tent,10,15.19186046511628,0.8491864987080103,83.1899641577061,0.740235311140653,0,0.8431906684272678,0.038084773506244396,0.7021505376344086,0.18655913978494623,0.9973495602607727,0.13543342947959758
0,asvspoof2019,tent,11,8.872480620155038,0.9149393410852713,90.32258064516128,0.740235311140653,0,0.8918371619504787,0.11514570540588598,0.625089605734767,0.0528673835125448,0.9977738857269287,1.0
0,asvspoof2019,tent,12,4.352713178294572,0.9703060077519381,95.51971326164875,0.740235311140653,0,0.9261656160763366,0.18826398497577845,0.5519713261648745,0.15017921146953406,0.9988076686859131,1.0
0,asvspoof2019,tent,13,6.393023255813953,0.9425060077519378,93.24372759856631,0.740235311140653,0,0.9098209080105092,0.1518840566603663,0.5883512544802867,0.036738351254480286,0.9989178776741028,1.0
0,asvspoof2019,tent,14,4.2631782945736445,0.9687443798449613,95.3405017921147,0.740235311140653,0,0.9222434882939243,0.18396290970696128,0.5562724014336917,0.005376344086021506,0.9986411929130554,1.0
0,asvspoof2019,tent,15,7.167829457364341,0.9338310077519381,92.07885304659497,0.740235311140653,0,0.9039375012795441,0.13736792762810823,0.6028673835125448,0.014516129032258065,0.9985464215278625,1.0
0,asvspoof2019,tent,16,31.72209302325581,0.6827837209302325,67.95698924731182,0.740235311140653,0,0.659131567689374,0.11747078204931116,0.8577060931899642,0.3014336917562724,0.9980204701423645,0.0
0,asvspoof2019,tent,17,25.12751937984496,0.7488624031007751,74.35483870967742,0.740235311140653,0,0.7458644843508007,0.05349228742565526,0.7937275985663083,0.19086021505376344,0.9976159334182739,0.0
0,asvspoof2019,tent,18,28.97015503875969,0.7103018087855296,71.23655913978494,0.740235311140653,0,0.6978203214134021,0.08467508312457994,0.8249103942652329,0.032795698924731186,0.998542845249176,0.0
0,asvspoof2019,tent,19,43.604651162790695,0.563953488372093,58.29749103942652,0.740235311140653,0,0.41201055576006196,0.21442418706723232,0.9546594982078853,0.16093189964157706,0.9990346431732178,0.0
0,asvspoof2019,tent,20,24.291472868217053,0.7572770025839792,75.80645161290323,0.740235311140653,0,0.7545701750835082,0.038259312515260935,0.7784946236559139,0.04641577060931899,0.9983795881271362,0.0
0,asvspoof2019,tent,21,26.137984496124034,0.7386868217054262,73.87096774193549,0.740235311140653,0,0.7323901151599719,0.058330997103074655,0.7985663082437277,0.15609318996415772,0.9985125660896301,0.0
0,asvspoof2019,tent,22,38.737596899224805,0.6126546511627907,62.61648745519713,0.740235311140653,0,0.5356721444124435,0.17123422290952617,0.9114695340501792,0.13297491039426523,0.998328447341919,0.0
0,asvspoof2019,tent,23,35.32674418604651,0.6467500645994833,65.7168458781362,0.740235311140653,0,0.6006166705444338,0.13987221574106745,0.8801075268817204,0.08154121863799284,0.9990078806877136,0.0
0,asvspoof2019,tent,24,35.42364341085271,0.6457823643410853,65.50179211469535,0.740235311140653,0,0.5989257038698172,0.14202275337547599,0.882258064516129,0.02956989247311828,0.9989580512046814,0.0
0,asvspoof2019,tent,25,40.484496124031004,0.5951550387596899,60.98566308243728,0.740235311140653,0,0.49561000442288167,0.18754246663712482,0.9277777777777778,0.04767025089605735,0.999040961265564,0.0
0,asvspoof2019,tent,26,39.57364341085272,0.6042635658914729,61.899641577060926,0.740235311140653,0,0.5164769252380373,0.17840268169088824,0.9186379928315412,0.03637992831541219,0.9980977177619934,0.0
0,asvspoof2019,tent,27,39.7093023255814,0.602906976744186,61.648745519713266,0.740235311140653,0,0.5131183554554275,0.18091164226436496,0.921146953405018,0.007347670250896057,0.9984528422355652,0.0
0,asvspoof2019,tent,28,25.960852713178294,0.7405257751937984,74.33691756272401,0.740235311140653,0,0.7333856654358136,0.053671498895189296,0.7939068100358423,0.12473118279569892,0.9986023902893066,0.0
0,asvspoof2019,tent,29,32.652325581395345,0.6735019379844961,68.35125448028674,0.740235311140653,0,0.6415632780733973,0.11352812971956205,0.853763440860215,0.06738351254480286,0.9987395405769348,0.0
0,asvspoof2019,tent,30,34.97790697674418,0.6502554263565892,66.12903225806451,0.740235311140653,0,0.6032180111212345,0.1357503519417843,0.8759856630824373,0.08207885304659499,0.9985216856002808,0.0
0,asvspoof2019,tent,31,41.56976744186046,0.5843023255813954,60.28673835125448,0.740235311140653,0,0.46626086773669473,0.19453171394895274,0.9347670250896057,0.08100358422939068,0.9992024898529053,0.0
0,asvspoof2019,tent,32,42.4031007751938,0.5759689922480621,59.71326164874552,0.740235311140653,0,0.4451879156381691,0.20026648097404232,0.9405017921146953,0.06451612903225806,0.9994556903839111,0.0
0,dataset2,ours,0,37.238389024005734,0.6865769067159482,59.23094220823026,0.7259681184711549,0,1.0,0.018974639721435982,0.706993478749719,,0.9480084180831909,0.45303711891174314
0,dataset2,ours,1,35.97948517445049,0.7006408302744849,65.32493816055768,0.7259681184711549,2668,0.994295022777273,0.3083832297821511,0.41758488868900384,0.28940859006071507,0.9559493064880371,0.9933848446788034
0,dataset2,ours,2,36.653423461600575,0.6947641580264062,63.773330335057345,0.7259681184711549,2668,0.9921320918507996,0.2501417186510515,0.47582639982010344,0.23116707892961547,0.9492735266685486,0.99884278208483
0,dataset2,ours,3,36.83341286541755,0.6938784782132682,63.66089498538341,0.7259681184711549,2668,0.9880733144424905,0.25486400333735687,0.4711041151337981,0.05846638183044749,0.9405128955841064,0.9969619786716066
0,dataset2,ours,4,37.193391673051494,0.6928851366474534,63.09871823701372,0.7259681184711549,2668,0.9843694242970736,0.25598835683409626,0.4699797616370587,0.033730604902181244,0.940889298915863,0.9954971842234954
0,dataset2,ours,5,37.26139868806464,0.6921263438999701,63.21115358668765,0.7259681184711549,2670,0.9805877618237526,0.2571127103308356,0.46885540814031934,0.023836294130874746,0.9452404975891113,0.9955125885433518
0,dataset2,ours,6,36.67541114849591,0.6954860179358004,63.57094670564426,0.7259681184711549,2669,0.9805814841028486,0.2602609001217059,0.46570721834944906,0.019563750843265122,0.9537012577056885,0.9967461809399538
0,dataset2,ours,7,37.238389024005734,0.6912423842464144,63.18866651675287,0.7259681184711549,2669,0.9772445149180932,0.26723189180149,0.45873622666966496,0.016415561052394872,0.9527602195739746,0.9957664321264019
0,dataset2,ours,8,37.44138809188161,0.6888930510005056,62.78389925792669,0.7259681184711549,2671,0.9776958448666161,0.25598835683409626,0.4699797616370587,0.020013492241960872,0.9566503763198853,0.9982914519205224
0,dataset2,ours,9,37.08140928424767,0.6914840160747902,62.9413087474702,0.7259681184711549,2670,0.9771647501563377,0.2571127103308356,0.46885540814031934,0.013717112660220373,0.9593517780303955,0.9985805511983926
0,dataset2,ours,10,37.2164013371104,0.6889128834286302,62.69395097818754,0.7259681184711549,2668,0.9750224080342762,0.222257751931915,0.50371036653924,0.034630087699572744,0.9612362384796143,0.9991812243533786
0,dataset2,ours,11,37.25935473373751,0.6888632011724607,62.64897683831797,0.7259681184711549,2671,0.9767916500127222,0.21056447556582547,0.5154036429053295,0.04654823476501012,0.959756076335907,0.9993251245992724
0,dataset2,ours,12,37.12640663520192,0.6912391462989653,62.671463908252754,0.7259681184711549,2669,0.9734625614849107,0.22068365703647985,0.5052844614346751,0.016865302451090622,0.9610231518745422,0.9994731374026742
0,dataset2,ours,13,37.21537935994683,0.6912168854102541,62.76141218799191,0.7259681184711549,2674,0.9686791538726626,0.2656577969060549,0.46031032156510004,0.05554306273892512,0.9594725370407104,0.9966378342483949
0,dataset2,ours,14,37.77835723545666,0.685727451439895,62.60400269844839,0.7259681184711549,2668,0.967311313652607,0.2753272369780135,0.45064088149314147,0.05464357994153362,0.9659606218338013,0.999098679432791
0,dataset2,ours,15,37.32838372591422,0.6865533304110857,62.536541488644026,0.7259681184711549,2671,0.9706533989893321,0.20539244948082436,0.5205756689903306,0.060265347425230494,0.9687593579292297,0.9997530045831808
0,dataset2,ours,16,37.12640663520192,0.6906870762589241,63.21115358668765,0.7259681184711549,2670,0.9707050771707623,0.2746526248799699,0.45131549359118506,0.018214526647177872,0.9707612991333008,0.9992056810193389
0,dataset2,ours,17,37.17140398615616,0.6903946491299433,62.91882167753542,0.7259681184711549,2669,0.9681950269927869,0.24924223585366,0.47672588261749493,0.04384978637283562,0.9691934585571289,0.9997391861881625
0,dataset2,ours,18,37.37338107686847,0.690255720947213,63.03125702720935,0.7259681184711549,2668,0.9642820179074413,0.2544142619386611,0.4715538565324938,0.02023836294130875,0.9698963165283203,0.9996366952873359
0,dataset2,ours,19,37.32838372591422,0.6880315546073765,62.671463908252754,0.7259681184711549,2671,0.9658086308285031,0.23282667480126512,0.4931414436698898,0.016415561052394872,0.9702945351600647,0.9997909112760681
0,dataset2,ours,20,37.73335988450241,0.6839481993167122,62.51405441870924,0.7259681184711549,2669,0.9632502930057406,0.24114689067713652,0.48482122779401843,0.018664268045873622,0.9726845622062683,0.9998507693366264
0,dataset2,ours,21,37.37338107686847,0.6884446964646876,62.69395097818754,0.7259681184711549,2669,0.9604559706166409,0.24654378746148553,0.4794243310096694,0.016415561052394872,0.9730517268180847,0.999811333202888
0,dataset2,ours,22,37.643365182593925,0.6843730787335254,62.51405441870924,0.7259681184711549,2668,0.9625796752771498,0.24429508046800674,0.4816730380031482,0.012143017764785248,0.972709596157074,0.9998401587981789
0,dataset2,ours,23,37.48536346567229,0.6869398603878007,62.87384753766584,0.7259681184711549,2671,0.963896888411608,0.2681313745988815,0.45783674387227347,0.022936811333483246,0.971568763256073,0.999477337065855
0,dataset2,ours,24,37.755347571397756,0.6848915550687842,62.379131999100515,0.7259681184711549,2669,0.9639035529507057,0.24069714927844077,0.4852709691927142,0.011693276366089498,0.9740534424781799,0.9998902098977851
0,dataset2,ours,25,37.35139338997313,0.6874717944421441,62.73892511805712,0.7259681184711549,2671,0.9601427734325467,0.2429458562719195,0.48302226219923544,0.025635259725657746,0.9746208190917969,0.9999079363598866
0,dataset2,ours,26,37.59836783163968,0.6860547876898094,62.44659320890488,0.7259681184711549,2669,0.9614813904828831,0.25801219312822715,0.4679559253429278,0.017315043849786372,0.9727239012718201,0.9996545496060207
0,dataset2,ours,27,37.711372197607076,0.6873294259402494,62.44659320890488,0.7259681184711549,2668,0.9587638218395372,0.2643085727099676,0.46165954576118734,0.022711940634135373,0.9718224406242371,0.9992078441535341
0,dataset2,ours,28,37.73335988450241,0.6842120920337993,62.31167078929616,0.7259681184711549,2669,0.9604277076611307,0.22698003661822036,0.4989880818529346,0.031032156510006747,0.9767177700996399,0.9999291476167855
0,dataset2,ours,29,37.5083731297312,0.6831799962844554,62.42410613897009,0.7259681184711549,2670,0.9586200035319,0.2191095621410447,0.5068585563301102,0.04519901056892287,0.9772413969039917,0.9999093074366101
0,dataset2,ours,30,37.35037141280956,0.6786223828783815,62.44659320890488,0.7259681184711549,2670,0.958477660191982,0.19594788010821362,0.5300202383629413,0.031032156510006747,0.9755709767341614,0.9997826967446599
0,dataset2,ours,31,37.66535286948927,0.683609226693153,62.356644929165725,0.7259681184711549,2674,0.9521652312923754,0.23822357158561414,0.4877445468855408,0.020013492241960872,0.975257396697998,0.9997862521966454
0,dataset2,ours,32,37.68836253354817,0.6801066782261391,62.26669664942658,0.7259681184711549,2672,0.9566742303168186,0.21933443284039267,0.5066336856307623,0.024735776928266246,0.9785474538803101,0.9999229105887935
0,dataset2,tent,0,37.238389024005734,0.6865769067159482,59.23094220823026,0.7259681184711549,0,1.0,0.018974639721435982,0.706993478749719,,0.9480084180831909,0.45303711891174314
0,dataset2,tent,1,42.07192614565664,0.5790313154040088,54.57611873172925,0.7259681184711549,0,0.7400685399298665,0.12561721995924757,0.8515853384304025,0.1445918596806836,0.9945483207702637,0.0
0,dataset2,tent,2,43.12225558657239,0.5686249570466033,54.148864402968286,0.7259681184711549,0,0.6988826603967958,0.13393743583511897,0.8599055543062739,0.15291207555655498,0.9963945746421814,0.0
0,dataset2,tent,3,43.662254153780644,0.5629126106315576,53.90150663368563,0.7259681184711549,0,0.6690099440407624,0.14000894471751157,0.8659770631886665,0.015291207555655498,0.9974539279937744,0.0
0,dataset2,tent,4,38.00200833690519,0.6241972419973117,60.31032156510007,0.7259681184711549,0,0.8640450926899247,0.03561507147317877,0.6903530469979762,0.16955250730829774,0.9951432943344116,0.9481332808732988
0,dataset2,tent,5,38.93936376761089,0.6125298042944087,59.14099392849111,0.7259681184711549,0,0.8246922159270286,0.004411913010742952,0.7303800314818979,0.1355970317067686,0.9962541460990906,2.276897430419922e-05
0,dataset2,tent,6,41.59178913191033,0.5839295204073661,56.262648976838314,0.7259681184711549,0,0.7352551790584911,0.08446588197858651,0.8104340004497415,0.12008095345176524,0.9963170886039734,0.0
0,dataset2,tent,7,35.416507298940665,0.6737252909194598,64.69530020238363,0.7259681184711549,0,0.9430214913107684,0.2368743473895269,0.48909377108162805,0.24128626040026985,0.9951731562614441,1.0
0,dataset2,tent,8,35.14754517037878,0.6850406018372923,65.59478299977512,0.7259681184711549,0,0.9537237338380584,0.2939915050238871,0.43197661344726784,0.37845738700247356,0.996268093585968,1.0
0,dataset2,tent,9,36.200940542785226,0.6524106923500658,63.121205306948504,0.7259681184711549,0,0.9122304070919096,0.1554711542255961,0.5704969642455588,0.08140319316393074,0.996306300163269,1.0
0,dataset2,tent,10,38.93069213959925,0.6129462852850263,59.59073532718687,0.7259681184711549,0,0.8108643932110252,0.00126372321987267,0.7272318416910276,0.2952552282437598,0.9971296191215515,1.6689300537109375e-06
0,dataset2,tent,11,36.8591444290507,0.638487821877273,61.974364740274346,0.7259681184711549,0,0.8739791230667462,0.08553636672840703,0.6404317517427479,0.06993478749718912,0.9973585605621338,0.9999999999999897
0,dataset2,tent,12,38.969557627572094,0.6129171437579861,59.83809309646952,0.7259681184711549,0,0.808581361155173,0.0005891111218291334,0.7265572295929841,0.007870474477175624,0.9972625970840454,3.5762786865234375e-07
0,dataset2,tent,13,38.58399903509166,0.6171420580636832,60.15291207555655,0.7259681184711549,0,0.8157950773266727,0.009754941048173205,0.7162131774229817,0.07578142568023387,0.9975709915161133,6.091594696044922e-05
0,dataset2,tent,14,39.9196725949437,0.6019778394876596,58.73622666966495,0.7259681184711549,0,0.7729464528007456,0.03184613833118366,0.7578142568023386,0.032156510006746124,0.9979768395423889,0.0
0,dataset2,tent,15,42.78838273024538,0.5716165169318344,55.340679109512024,0.7259681184711549,0,0.6696019336366024,0.11347420219446236,0.8394423206656173,0.12322914324263548,0.9987602233886719,0.0
0,dataset2,tent,16,44.376636428284925,0.556040876658082,54.39622217225095,0.7259681184711549,0,0.6161014450069503,0.1382099791227286,0.8641780975938835,0.10636384079154486,0.9986290335655212,0.0
0,dataset2,tent,17,41.45168719322977,0.5865865598467803,57.27456712390375,0.7259681184711549,0,0.7291619722418209,0.07074876931836604,0.796716887789521,0.042725432876096245,0.9979386329650879,0.0
0,dataset2,tent,18,36.81157695730888,0.6386212860236832,62.15426129975265,0.7259681184711549,0,0.8749517169811206,0.103526022676237,0.6224420957949179,0.2417360017989656,0.9981823563575745,1.0
0,dataset2,tent,19,34.54059192107827,0.685923246074697,66.15695974814481,0.7259681184711549,0,0.9098554268192688,0.39091077644282124,0.3350573420283337,0.46165954576118734,0.9976181983947754,1.0
0,dataset2,tent,20,34.5538472684473,0.6892842355266784,66.51675286710142,0.7259681184711549,0,0.8960703161034879,0.4336362093189175,0.29233190915223745,0.33011018664268044,0.9977365732192993,0.008580095879733091
0,dataset2,tent,21,35.48451431395382,0.6635584394874168,64.5603777827749,0.7259681184711549,0,0.9129154682962539,0.2287790022130034,0.49718911625815154,0.16213177422981787,0.9986595511436462,1.0
0,dataset2,tent,22,34.72773516504021,0.6821824049126137,66.06701146840567,0.7259681184711549,0,0.9021449627286081,0.3936092248349957,0.3323588936361592,0.040026984483921745,0.9984706044197083,1.0
0,dataset2,tent,23,34.739968535245666,0.6812647503684177,66.11198560827523,0.7259681184711549,0,0.8926202402325858,0.403953277004998,0.32201484146615694,0.1751742747919946,0.9986202716827393,1.0
0,dataset2,tent,24,34.98954345345714,0.6783244917130806,66.2019338880144,0.7259681184711549,0,0.9055455657137519,0.35493146454716124,0.3710366539239937,0.0386777602878345,0.9983804225921631,1.0
0,dataset2,tent,25,34.34465562607535,0.6810324276389575,66.04452439847088,0.7259681184711549,0,0.8780967118205342,0.42171806225348013,0.3042500562176748,0.019114009444569372,0.9986273050308228,0.9770434260368347
0,dataset2,tent,26,35.214530208228354,0.6693683290693613,65.50483472003597,0.7259681184711549,0,0.9118827168191084,0.25801219312822715,0.4679559253429278,0.09691927141893411,0.9981347322463989,1.0
0,dataset2,tent,27,41.58413948106226,0.5843631018079484,57.11715763436024,0.7259681184711549,0,0.711370621032841,0.07367208840988848,0.7996402068810434,0.49539015066336856,0.9985944628715515,0.0
0,dataset2,tent,28,41.0211312497951,0.59010388144903,57.92669215201259,0.7259681184711549,0,0.7343395740521779,0.052983984069883916,0.7789521025410389,0.31099617719811107,0.9989023208618164,0.0
0,dataset2,tent,29,37.24522918799158,0.6321863713982389,62.244209579491795,0.7259681184711549,0,0.8536644160937003,0.08643584952579852,0.6395322689453564,0.16010793793568698,0.9986226558685303,1.0
0,dataset2,tent,30,37.00643056363356,0.6345371212461565,62.15426129975265,0.7259681184711549,0,0.856013577962381,0.08733533232319002,0.6386327861479649,0.140319316393074,0.9986968636512756,1.0
0,dataset2,tent,31,36.40554846579979,0.6421803973851955,63.09871823701372,0.7259681184711549,0,0.8765832672708332,0.132309472192765,0.5936586462783899,0.04587362266696649,0.9984296560287476,1.0
0,dataset2,tent,32,39.463010700202084,0.6082531840153866,59.70317067686081,0.7259681184711549,0,0.7928788849741564,0.005257527061215628,0.7207105914099393,0.08207780526197436,0.9987220168113708,0.0
0,in_the_wild,ours,0,12.783333333333335,0.9423819444444446,87.16666666666667,0.7624209575429087,0,1.0,0.19975429087624208,0.5626666666666666,,0.9693483114242554,0.9955517107155174
0,in_the_wild,ours,1,14.333333333333332,0.9374479444444445,86.0,0.7624209575429087,3625,0.990750164049036,0.2310876242095754,0.5313333333333333,0.042333333333333334,0.9562606811523438,0.999908096910076
0,in_the_wild,ours,2,13.449999999999998,0.9423395555555556,85.86666666666667,0.7624209575429087,3603,0.9862869524799612,0.28775429087624205,0.4746666666666667,0.08866666666666667,0.9573743343353271,0.9997443931024463
0,in_the_wild,ours,3,14.200000000000001,0.9390661666666668,85.3,0.7624209575429087,3603,0.9822916567646655,0.28242095754290875,0.48,0.05266666666666667,0.9568082690238953,0.9996096769231372
0,in_the_wild,ours,4,13.76666666666667,0.94007,85.91666666666666,0.7624209575429087,3603,0.9826432704589143,0.27525429087624204,0.4871666666666667,0.022166666666666668,0.957655668258667,0.9997518714211765
0,in_the_wild,ours,5,12.53333333333333,0.9495129444444446,87.28333333333333,0.7624209575429087,3602,0.9804329913330866,0.2735876242095754,0.48883333333333334,0.0275,0.9678104519844055,0.9999417170220113
0,in_the_wild,ours,6,12.45,0.9511925555555556,87.23333333333333,0.7624209575429087,3605,0.9762856397926386,0.27875429087624204,0.4836666666666667,0.024833333333333332,0.9652672410011292,0.9996675832750043
0,in_the_wild,ours,7,12.483333333333333,0.9504691111111112,86.93333333333332,0.7624209575429087,3601,0.9769010518739021,0.28475429087624204,0.4776666666666667,0.013833333333333333,0.9679915308952332,0.9998529418135149
0,in_the_wild,ours,8,12.86666666666667,0.9499900555555556,87.16666666666667,0.7624209575429087,3604,0.9741508896078828,0.2647542908762421,0.49766666666666665,0.017,0.9656274318695068,0.999829124347889
0,in_the_wild,ours,9,12.53333333333333,0.9500424444444443,86.71666666666667,0.7624209575429087,3600,0.9759771134747571,0.28792095754290875,0.4745,0.0115,0.9680953621864319,0.9998858870620098
0,in_the_wild,ours,10,12.56666666666667,0.9511968333333334,86.85000000000001,0.7624209575429087,3602,0.9760952504485791,0.28425429087624204,0.4781666666666667,0.022166666666666668,0.9698343873023987,0.9999496759528483
0,in_the_wild,ours,11,13.03333333333333,0.9490343888888888,86.68333333333334,0.7624209575429087,3603,0.9733165382776949,0.27992095754290874,0.4825,0.011666666666666667,0.9673810005187988,0.9999035255754279
0,in_the_wild,ours,12,12.916666666666664,0.9498305,86.81666666666666,0.7624209575429087,3602,0.972908623332531,0.28192095754290875,0.4805,0.010666666666666666,0.9698406457901001,0.999927553217276
0,in_the_wild,ours,13,12.616666666666665,0.9496448333333334,87.36666666666667,0.7624209575429087,3601,0.9740837207639432,0.2530876242095754,0.5093333333333333,0.026833333333333334,0.9718798995018005,0.9999214582785498
0,in_the_wild,ours,14,12.4,0.9522935555555556,87.51666666666667,0.7624209575429087,3604,0.975638348522192,0.27292095754290874,0.4895,0.014666666666666666,0.9747571349143982,0.9999817593692569
0,in_the_wild,ours,15,12.56666666666667,0.9504938333333333,87.51666666666667,0.7624209575429087,3604,0.9733617887388024,0.25225429087624207,0.5101666666666667,0.008166666666666666,0.9724414944648743,0.9999482840394194
0,in_the_wild,ours,16,12.033333333333331,0.9529234444444444,87.23333333333333,0.7624209575429087,3604,0.974549173901692,0.2880876242095754,0.47433333333333333,0.015833333333333335,0.9738130569458008,0.9999701095539422
0,in_the_wild,ours,17,12.666666666666671,0.9504431111111111,86.46666666666667,0.7624209575429087,3605,0.972254132629482,0.2954209575429087,0.467,0.043166666666666666,0.9730936884880066,0.9998966168341212
0,in_the_wild,ours,18,12.65,0.9516518333333334,86.76666666666667,0.7624209575429087,3604,0.9738443395785534,0.2930876242095754,0.4693333333333333,0.01,0.9762078523635864,0.9999783940179328
0,in_the_wild,ours,19,12.666666666666671,0.9491576111111111,87.05000000000001,0.7624209575429087,3600,0.9682730283434974,0.27725429087624204,0.4851666666666667,0.018833333333333334,0.9701377153396606,0.9999073530932947
0,in_the_wild,ours,20,12.366666666666667,0.9513509444444445,86.95,0.7624209575429087,3602,0.9721578009390226,0.2965876242095754,0.4658333333333333,0.0085,0.9767138957977295,0.9999825005425236
0,in_the_wild,ours,21,12.233333333333333,0.9524749444444445,87.61666666666666,0.7624209575429087,3600,0.9708723446626842,0.27592095754290874,0.4865,0.011333333333333334,0.9752486944198608,0.9999760674487334
0,in_the_wild,ours,22,12.53333333333333,0.9516028888888888,86.96666666666667,0.7624209575429087,3604,0.9724520437185984,0.28475429087624204,0.4776666666666667,0.013833333333333333,0.9758909344673157,0.9999887543227033
0,in_the_wild,ours,23,12.85,0.9494907222222222,86.66666666666667,0.7624209575429087,3601,0.9709054168383904,0.28275429087624204,0.4796666666666667,0.013833333333333333,0.9754573702812195,0.9999806846729371
0,in_the_wild,ours,24,12.433333333333332,0.9492343333333333,87.58333333333333,0.7624209575429087,3601,0.9727605379146027,0.2585876242095754,0.5038333333333334,0.026166666666666668,0.9781046509742737,0.999990245330082
0,in_the_wild,ours,25,12.233333333333333,0.953349388888889,87.11666666666666,0.7624209575429087,3611,0.967403640102279,0.2975876242095754,0.4648333333333333,0.019166666666666665,0.9753154516220093,0.9999165096110942
0,in_the_wild,ours,26,12.633333333333335,0.9499596666666668,87.15,0.7624209575429087,3600,0.9656911394245581,0.27892095754290874,0.4835,0.021333333333333333,0.9770496487617493,0.9999674161209213
0,in_the_wild,ours,27,12.8,0.9496891111111112,86.86666666666667,0.7624209575429087,3602,0.9675574526690087,0.2850876242095754,0.47733333333333333,0.014166666666666666,0.9775548577308655,0.9999837798869976
0,in_the_wild,ours,28,12.316666666666668,0.9542025555555556,87.11666666666666,0.7624209575429087,3601,0.9656105345075365,0.29192095754290875,0.4705,0.014333333333333333,0.9778281450271606,0.9999760158592323
0,in_the_wild,ours,29,12.3,0.9533879999999999,87.16666666666667,0.7624209575429087,3608,0.9669424239920997,0.29275429087624205,0.4696666666666667,0.010666666666666666,0.9768977761268616,0.9999759383065681
0,in_the_wild,ours,30,11.966666666666669,0.9524593888888889,87.64999999999999,0.7624209575429087,3600,0.9692117923384227,0.27892095754290874,0.4835,0.015,0.980043888092041,0.999995740293798
0,in_the_wild,ours,31,12.1,0.9519883333333333,87.38333333333334,0.7624209575429087,3605,0.9649093516764938,0.2875876242095754,0.47483333333333333,0.012166666666666666,0.980649471282959,0.9999914044355819
0,in_the_wild,ours,32,11.833333333333332,0.9526688333333334,87.73333333333333,0.7624209575429087,3601,0.9691973086080217,0.2790876242095754,0.48333333333333334,0.0055,0.9820050597190857,0.9999984922945089
0,in_the_wild,tent,0,12.783333333333335,0.9423819444444446,87.16666666666667,0.7624209575429087,0,1.0,0.19975429087624208,0.5626666666666666,,0.9693483114242554,0.9955517107155174
0,in_the_wild,tent,1,12.266666666666667,0.9272147777777777,87.7,0.7624209575429087,0,0.9526235142006749,0.2424209575429087,0.52,0.042666666666666665,0.9959278702735901,1.0
0,in_the_wild,tent,2,12.183333333333332,0.9290431111111113,87.8,0.7624209575429087,0,0.953710737442687,0.2570876242095754,0.5053333333333333,0.05733333333333333,0.9975250363349915,1.0
0,in_the_wild,tent,3,12.316666666666668,0.9291442777777779,87.66666666666667,0.7624209575429087,0,0.9558054632921749,0.2687542908762421,0.49366666666666664,0.026333333333333334,0.9975541830062866,1.0
0,in_the_wild,tent,4,15.383333333333333,0.8538826111111111,82.89999999999999,0.7624209575429087,0,0.8747852979617698,0.11108762420957541,0.6513333333333333,0.146,0.9976269602775574,0.9999999999484
0,in_the_wild,tent,5,15.483333333333334,0.8514985555555556,82.89999999999999,0.7624209575429087,0,0.8708503322463241,0.1090876242095754,0.6533333333333333,0.15966666666666668,0.9978135824203491,0.9999999999948909
0,in_the_wild,tent,6,16.35,0.8419799444444445,82.0,0.7624209575429087,0,0.8625017116991756,0.0977542908762421,0.6646666666666666,0.013666666666666667,0.9976667761802673,0.9999999999484
0,in_the_wild,tent,7,19.483333333333334,0.8073633888888888,78.68333333333334,0.7624209575429087,0,0.8281202562242487,0.055587624209575415,0.7068333333333333,0.0535,0.9982458353042603,0.010351336002349831
0,in_the_wild,tent,8,19.71666666666667,0.8048652777777777,78.66666666666666,0.7624209575429087,0,0.8252751229174463,0.05508762420957536,0.7073333333333334,0.042666666666666665,0.9983466267585754,0.0014306664466857688
0,in_the_wild,tent,9,15.233333333333334,0.8558235555555556,83.75,0.7624209575429087,0,0.8743705531524709,0.12392095754290877,0.6385,0.06833333333333333,0.9986043572425842,1.0
0,in_the_wild,tent,10,15.300000000000002,0.8542541111111112,83.61666666666666,0.7624209575429087,0,0.8717047983040356,0.12158762420957536,0.6408333333333334,0.0665,0.9989610910415649,1.0
0,in_the_wild,tent,11,16.75,0.8385480555555556,82.36666666666666,0.7624209575429087,0,0.8584282192097293,0.1030876242095754,0.6593333333333333,0.020833333333333332,0.9991692900657654,0.9999999999999999
0,in_the_wild,tent,12,24.416666666666668,0.7563475,74.01666666666667,0.7624209575429087,0,0.7731588458371152,0.004587624209575369,0.7578333333333334,0.117,0.9988751411437988,0.0
0,in_the_wild,tent,13,22.51666666666667,0.7758338888888889,76.21666666666667,0.7624209575429087,0,0.7945861682210345,0.02858762420957539,0.7338333333333333,0.0745,0.9987931251525879,0.0
0,in_the_wild,tent,14,23.633333333333333,0.7645059444444444,75.08333333333333,0.7624209575429087,0,0.7823448133103065,0.01558762420957538,0.7468333333333333,0.011,0.9988370537757874,0.0
0,in_the_wild,tent,15,22.03333333333333,0.7807319444444446,76.66666666666667,0.7624209575429087,0,0.7991555768974852,0.033754290876242043,0.7286666666666667,0.006833333333333334,0.9990750551223755,0.0
0,in_the_wild,tent,16,25.883333333333336,0.7414809999999998,72.93333333333332,0.7624209575429087,0,0.7555277909178918,0.006245709123757992,0.7686666666666667,0.021833333333333333,0.9990817308425903,0.0
0,in_the_wild,tent,17,21.766666666666666,0.7834547222222223,77.26666666666667,0.7624209575429087,0,0.8012477846566497,0.03975429087624205,0.7226666666666667,0.006333333333333333,0.9990794062614441,0.0
0,in_the_wild,tent,18,17.933333333333337,0.8247807777777778,81.53333333333333,0.7624209575429087,0,0.8404567282430642,0.09042095754290869,0.672,0.09666666666666666,0.9988466501235962,1.0
0,in_the_wild,tent,19,12.200000000000001,0.9068481111111111,87.96666666666667,0.7624209575429087,0,0.9057530272896371,0.2404209575429087,0.522,0.20066666666666666,0.998842716217041,1.0
0,in_the_wild,tent,20,11.8,0.9079873333333333,88.01666666666667,0.7624209575429087,0,0.9036561224288322,0.23492095754290876,0.5275,0.1445,0.9986699223518372,1.0
0,in_the_wild,tent,21,11.35,0.9129885000000001,88.51666666666667,0.7624209575429087,0,0.9029274384358946,0.23925429087624206,0.5231666666666667,0.008833333333333334,0.999182939529419,1.0
0,in_the_wild,tent,22,16.46666666666667,0.8402487777777778,82.88333333333333,0.7624209575429087,0,0.8511450510136294,0.10625429087624205,0.6561666666666667,0.12866666666666668,0.9990530014038086,1.0
0,in_the_wild,tent,23,13.91666666666667,0.8699649444444444,85.55,0.7624209575429087,0,0.8735036976831535,0.14692095754290868,0.6155,0.09233333333333334,0.9992250800132751,1.0
0,in_the_wild,tent,24,14.116666666666667,0.8665611666666666,85.2,0.7624209575429087,0,0.8698651050550587,0.14042095754290873,0.622,0.034166666666666665,0.9989866614341736,1.0
0,in_the_wild,tent,25,15.416666666666664,0.8519260555555557,84.05,0.7624209575429087,0,0.8590066087623357,0.12258762420957536,0.6398333333333334,0.024333333333333332,0.9991326332092285,1.0
0,in_the_wild,tent,26,20.266666666666666,0.7985822777777778,78.63333333333333,0.7624209575429087,0,0.8131429560462801,0.05375429087624206,0.7086666666666667,0.08666666666666667,0.9988714456558228,2.290010452266067e-05
0,in_the_wild,tent,27,22.333333333333336,0.7771062777777776,76.64999999999999,0.7624209575429087,0,0.7916908941448438,0.0312542908762421,0.7311666666666666,0.09133333333333334,0.9988458752632141,0.0
0,in_the_wild,tent,28,26.0,0.7402181666666666,73.01666666666667,0.7624209575429087,0,0.7522263777145782,0.00641237579042464,0.7688333333333334,0.06016666666666667,0.9988405108451843,0.0
0,in_the_wild,tent,29,24.516666666666666,0.7551148888888888,74.35000000000001,0.7624209575429087,0,0.7686376617930241,0.007587624209575372,0.7548333333333334,0.023666666666666666,0.9992434978485107,0.0
0,in_the_wild,tent,30,23.45,0.7658688333333332,75.51666666666667,0.7624209575429087,0,0.7795494189209852,0.019254290876242086,0.7431666666666666,0.025666666666666667,0.9990927577018738,0.0
0,in_the_wild,tent,31,31.75,0.6825720555555556,67.30000000000001,0.7624209575429087,0,0.6764882348898967,0.06391237579042464,0.8263333333333334,0.0715,0.9991472959518433,0.0
0,in_the_wild,tent,32,25.933333333333337,0.7408919999999999,73.21666666666667,0.7624209575429087,0,0.7527641312433013,0.004079042457091231,0.7665,0.023333333333333334,0.9995102286338806,0.0
0,arabic,ours,0,20.91134889753567,0.8702225032425421,71.52603231597845,0.9203027400324651,0,1.0,0.1508233863520343,0.7694793536804309,,0.9388391375541687,0.19271065592765801
0,arabic,ours,1,20.07224383916991,0.8800026588845655,79.6229802513465,0.9203027400324651,3347,0.9924671976120717,0.41419861076855136,0.5061041292639138,0.26337522441651706,0.9617679119110107,0.999038319720421
0,arabic,ours,2,19.730479896238652,0.883275486381323,79.71274685816876,0.9203027400324651,3342,0.9917475119980432,0.44166719245616354,0.4786355475763016,0.29084380610412924,0.9610772132873535,0.9980979463296535
0,arabic,ours,3,19.783268482490268,0.883446952010376,79.87432675044883,0.9203027400324651,3347,0.9907273502105397,0.4314337992784257,0.48886894075403947,0.020107719928186715,0.9616457223892212,0.9978027828750783
0,arabic,ours,4,19.766601815823602,0.8844261348897535,79.26391382405745,0.9203027400324651,3342,0.9897575291842156,0.45585031633408096,0.4644524236983842,0.017055655296229804,0.9615518450737,0.9945690381789518
0,arabic,ours,5,19.408171206225678,0.8869800907911802,80.08976660682227,0.9203027400324651,3343,0.9885206273554926,0.4382560613969176,0.48204667863554757,0.010771992818671455,0.9634215235710144,0.9975855996235623
0,arabic,ours,6,19.38871595330739,0.8877752269779506,80.50269299820468,0.9203027400324651,3344,0.9876110735318441,0.4097102804274382,0.510592459605027,0.04614003590664273,0.9697067737579346,0.999458671145885
0,arabic,ours,7,19.33592736705577,0.8885798313878079,79.15619389587074,0.9203027400324651,3345,0.9875451367435151,0.4755989698349786,0.4447037701974865,0.03734290843806104,0.9663275480270386,0.9941025425757232
0,arabic,ours,8,19.283138780804148,0.8895330739299613,80.32315978456013,0.9203027400324651,3344,0.9852634255348055,0.4420262588834526,0.47827648114901256,0.03231597845601436,0.9676072001457214,0.9983151085723763
0,arabic,ours,9,19.155317769130995,0.8905571984435798,80.66427289048474,0.9203027400324651,3342,0.9845716510718046,0.42712500215095706,0.4931777378815081,0.04847396768402154,0.9722119569778442,0.9994718538195115
0,arabic,ours,10,18.977496757457846,0.8923403372243839,81.04129263913823,0.9203027400324651,3344,0.9836627515703659,0.40216988545436816,0.518132854578097,0.03985637342908438,0.9702479839324951,0.9996036599792205
0,arabic,ours,11,18.869130998702982,0.8935653047989625,81.14901256732495,0.9203027400324651,3343,0.9832203907026565,0.40037455331792293,0.5199281867145422,0.02710951526032316,0.9740123748779297,0.9998436144085417
0,arabic,ours,12,18.56348897535668,0.8952430609597924,81.66965888689408,0.9203027400324651,3343,0.980292911013089,0.3772147687577794,0.5430879712746858,0.02495511669658887,0.9712154865264893,0.9997699546584045
0,arabic,ours,13,18.67185473411154,0.8943115434500649,81.1310592459605,0.9203027400324651,3345,0.9791158855587783,0.426406869296379,0.49389587073608615,0.026391382405745064,0.9703192710876465,0.9989082430299618
0,arabic,ours,14,18.546822308690015,0.8952573281452658,81.29263913824057,0.9203027400324651,3343,0.980954219664896,0.4215594725279768,0.49874326750448833,0.04434470377019749,0.9740920066833496,0.9997030907841236
0,arabic,ours,15,18.1689364461738,0.8977807392996109,81.5798922800718,0.9203027400324651,3344,0.9796322835404395,0.4118646789911725,0.5084380610412926,0.017055655296229804,0.9746711850166321,0.999828592385029
0,arabic,ours,16,18.260635538261997,0.8986311284046693,81.68761220825853,0.9203027400324651,3345,0.9793636092662965,0.4219185389552659,0.4983842010771993,0.00969479353680431,0.9762414693832397,0.99982779142548
0,arabic,ours,17,18.293968871595332,0.8985590791180285,81.70556552962299,0.9203027400324651,3343,0.9776919717919798,0.3919364922766303,0.5283662477558349,0.01992818671454219,0.9761241674423218,0.9999309265037482
0,arabic,ours,18,18.36621271076524,0.8986711413748378,81.66965888689408,0.9203027400324651,3348,0.9766339362153198,0.40234941866801277,0.5179533213644524,0.01992818671454219,0.9784808158874512,0.9999398904349164
0,arabic,ours,19,18.188391699092087,0.8989413748378728,81.5798922800718,0.9203027400324651,3344,0.9757129098048929,0.4215594725279768,0.49874326750448833,0.0296229802513465,0.977832019329071,0.9998513024959266
0,arabic,ours,20,18.332879377431908,0.8987666018158236,81.36445242369838,0.9203027400324651,3344,0.973636621144303,0.42120040610068776,0.4991023339317774,0.01956912028725314,0.9776356816291809,0.9998950773449451
0,arabic,ours,21,18.116147859922183,0.8990411802853436,81.7773788150808,0.9203027400324651,3344,0.9728791047197427,0.3808054330306698,0.5394973070017953,0.040754039497307,0.9806831479072571,0.9999762366927826
0,arabic,ours,22,18.22172503242542,0.8995420233463034,81.86714542190305,0.9203027400324651,3343,0.9738584841828853,0.40288801830894627,0.5174147217235189,0.01867145421903052,0.9794616103172302,0.9999443660875386
0,arabic,ours,23,17.935538261997408,0.9020516212710766,81.97486535008977,0.9203027400324651,3342,0.9718298476603768,0.41366001112761774,0.5066427289048474,0.03285457809694794,0.9804640412330627,0.9999374203732287
0,arabic,ours,24,18.024448767833984,0.9006944876783398,82.04667863554758,0.9203027400324651,3343,0.9712302032310226,0.38996162692654057,0.5303411131059246,0.01436265709156194,0.9797592759132385,0.9999710795998908
0,arabic,ours,25,18.010570687418937,0.9008364461738003,81.86714542190305,0.9203027400324651,3345,0.9700404997908788,0.3971429554723215,0.5231597845601437,0.017235188509874325,0.9799841642379761,0.9999627550230799
0,arabic,ours,26,17.84662775616083,0.9013154993514916,82.10053859964094,0.9203027400324651,3342,0.966047155248897,0.38870489443102885,0.5315978456014363,0.00807899461400359,0.9797478914260864,0.9999540281860391
0,arabic,ours,27,17.827172503242544,0.9026869649805447,82.01077199281868,0.9203027400324651,3345,0.9696736009543302,0.41401907755490686,0.5062836624775583,0.018312387791741474,0.9809884428977966,0.9999642951298255
0,arabic,ours,28,17.702140077821017,0.9032365110246434,82.24416517055656,0.9203027400324651,3343,0.9670712983389835,0.3994768872497003,0.5208258527827648,0.0118491921005386,0.9793635010719299,0.9999436580025758
0,arabic,ours,29,17.702140077821017,0.9043387159533073,82.11849192100539,0.9203027400324651,3343,0.9651066019158542,0.41366001112761774,0.5066427289048474,0.010412926391382405,0.9790189862251282,0.9999154312049541
0,arabic,ours,30,17.557652399481192,0.903957392996109,82.36983842010773,0.9203027400324651,3346,0.9619504937044564,0.3982201547541887,0.5220825852782764,0.01059245960502693,0.9776486158370972,0.9998942346603144
0,arabic,ours,31,17.540985732814526,0.9039898184176394,82.04667863554758,0.9203027400324651,3344,0.962934202135149,0.422636671809844,0.49766606822262116,0.012926391382405745,0.9806462526321411,0.9998973518177536
0,arabic,ours,32,17.288132295719848,0.9058784046692607,82.63913824057451,0.9203027400324651,3343,0.9599965343068126,0.3851142301581384,0.5351885098743268,0.016337522441651705,0.9789783954620361,0.9999478602145245
0,arabic,tent,0,20.91134889753567,0.8702225032425421,71.52603231597845,0.9203027400324651,0,1.0,0.1508233863520343,0.7694793536804309,,0.9388391375541687,0.19271065592765801
0,arabic,tent,1,41.26712062256809,0.5877209468223086,58.025134649910235,0.9203027400324651,0,0.49313810447075107,0.03625022226555996,0.9565529622980251,0.18707360861759426,0.9971081614494324,0.0
0,arabic,tent,2,43.068223086900126,0.5694430609597925,57.450628366247756,0.9203027400324651,0,0.43716656068007814,0.041995285102184754,0.9622980251346499,0.19281867145421902,0.9980876445770264,0.0
0,arabic,tent,3,43.70194552529183,0.5630623865110247,57.46858168761221,0.9203027400324651,0,0.41544871816656664,0.04145668546125114,0.9617594254937163,0.007001795332136445,0.9981768131256104,0.0
0,arabic,tent,4,47.228988326848246,0.5277311284046693,55.35008976660683,0.9203027400324651,0,0.277337320063077,0.06479600323503931,0.9850987432675045,0.02280071813285458,0.9990816712379456,0.0
0,arabic,tent,5,48.48249027237354,0.5151750972762645,54.56014362657091,0.9203027400324651,0,0.20312425141670987,0.07269546463539844,0.9929982046678636,0.03123877917414722,0.9995278716087341,0.0
0,arabic,tent,6,49.066147859922175,0.5093385214007782,54.219030520646314,0.9203027400324651,0,0.1598886794573099,0.0761065956946444,0.9964093357271095,0.011310592459605027,0.9997003674507141,0.0
0,arabic,tent,7,48.929961089494164,0.5107003891050583,54.38061041292639,0.9203027400324651,0,0.17094845392429855,0.07449079677184367,0.9947935368043088,0.0017953321364452424,0.9995385408401489,0.0
0,arabic,tent,8,49.007782101167315,0.5099221789883268,54.36265709156194,0.9203027400324651,0,0.16465794002689585,0.07467032998548817,0.9949730700179533,0.001436265709156194,0.999737560749054,0.0
0,arabic,tent,9,49.007782101167315,0.5099221789883268,54.4165170556553,0.9203027400324651,0,0.16457457935976932,0.07413173034455456,0.9944344703770197,0.000718132854578097,0.9998197555541992,0.0
0,arabic,tent,10,49.6692607003891,0.5033073929961089,53.94973070017953,0.9203027400324651,0,0.0954339297918196,0.07879959389931224,0.9991023339317774,0.004129263913824057,0.9999788999557495,0.0
0,arabic,tent,11,49.747081712062254,0.5025291828793774,53.931777378815084,0.9203027400324651,0,0.08349585301046958,0.07897912711295674,0.9992818671454219,0.004847396768402155,0.9999288320541382,0.0
0,arabic,tent,12,49.94163424124514,0.5005836575875486,53.87791741472172,0.9203027400324651,0,0.04021015604025429,0.07951772675389035,0.9998204667863555,0.000718132854578097,0.9999969601631165,0.0
0,arabic,tent,13,49.94163424124514,0.5005836575875486,53.87791741472172,0.9203027400324651,0,0.04021015604025429,0.07951772675389035,0.9998204667863555,0.0005385996409335727,0.9999977350234985,0.0
0,arabic,tent,14,49.94163424124514,0.5005836575875486,53.85996409335727,0.9203027400324651,0,0.04021015604025429,0.07969725996753485,1.0,0.00017953321364452425,0.999914288520813,0.0
0,arabic,tent,15,49.961089494163424,0.5003891050583658,53.85996409335727,0.9203027400324651,0,0.032828508154288984,0.07969725996753485,1.0,0.00017953321364452425,0.9999977946281433,0.0
0,arabic,tent,16,49.98054474708171,0.5001945525291829,53.85996409335727,0.9203027400324651,0,0.023219514210962397,0.07969725996753485,1.0,0.0,0.9999997615814209,0.0
0,arabic,tent,17,50.0,0.5,53.85996409335727,0.9203027400324651,0,0.0,0.07969725996753485,1.0,0.0,1.0,0.0
0,arabic,tent,18,50.0,0.5,53.85996409335727,0.9203027400324651,0,0.0,0.07969725996753485,1.0,0.0,1.0,0.0
0,arabic,tent,19,50.0,0.5,53.85996409335727,0.9203027400324651,0,0.0,0.07969725996753485,1.0,0.0,1.0,0.0
0,arabic,tent,20,50.0,0.5,53.85996409335727,0.9203027400324651,0,0.0,0.07969725996753485,1.0,0.0,1.0,0.0
0,arabic,tent,21,50.0,0.5,53.85996409335727,0.9203027400324651,0,0.0,0.07969725996753485,1.0,0.0,1.0,0.0
0,arabic,tent,22,50.0,0.5,53.85996409335727,0.9203027400324651,0,0.0,0.07969725996753485,1.0,0.0,1.0,0.0
0,arabic,tent,23,50.0,0.5,53.85996409335727,0.9203027400324651,0,0.0,0.07969725996753485,1.0,0.0,1.0,0.0
0,arabic,tent,24,50.0,0.5,53.85996409335727,0.9203027400324651,0,0.0,0.07969725996753485,1.0,0.0,1.0,0.0
0,arabic,tent,25,50.0,0.5,53.85996409335727,0.9203027400324651,0,0.0,0.07969725996753485,1.0,0.0,1.0,0.0
0,arabic,tent,26,50.0,0.5,53.85996409335727,0.9203027400324651,0,0.0,0.07969725996753485,1.0,0.0,1.0,0.0
0,arabic,tent,27,50.0,0.5,53.85996409335727,0.9203027400324651,0,0.0,0.07969725996753485,1.0,0.0,1.0,0.0
0,arabic,tent,28,50.0,0.5,53.85996409335727,0.9203027400324651,0,0.0,0.07969725996753485,1.0,0.0,1.0,0.0
0,arabic,tent,29,50.0,0.5,53.85996409335727,0.9203027400324651,0,0.0,0.07969725996753485,1.0,0.0,1.0,0.0
0,arabic,tent,30,50.0,0.5,53.85996409335727,0.9203027400324651,0,0.0,0.07969725996753485,1.0,0.0,1.0,0.0
0,arabic,tent,31,50.0,0.5,53.85996409335727,0.9203027400324651,0,0.0,0.07969725996753485,1.0,0.0,1.0,0.0
0,arabic,tent,32,50.0,0.5,53.85996409335727,0.9203027400324651,0,0.0,0.07969725996753485,1.0,0.0,1.0,0.0
1,asvspoof2019,ours,0,5.89573643410853,0.9862561369509044,81.02150537634408,0.7752608522500996,0,1.0,0.05285941855834331,0.7224014336917562,,0.931989848613739,0.3689966022968292
1,asvspoof2019,ours,1,4.731007751937985,0.990668992248062,92.84946236559139,0.7752608522500996,3505,0.9876896183500313,0.3012465153325368,0.47401433691756273,0.24838709677419354,0.9783117175102234,0.9999710660242271
1,asvspoof2019,ours,2,4.570155038759688,0.9913754521963823,90.46594982078852,0.7752608522500996,3349,0.9814118827237844,0.330457984866587,0.44480286738351255,0.27759856630824375,0.9712545871734619,0.9996425695650032
1,asvspoof2019,ours,3,4.156976744186045,0.9920605943152455,92.1326164874552,0.7752608522500996,3350,0.9820045408023792,0.31164078056551175,0.4636200716845878,0.014336917562724014,0.9750384092330933,0.9999446197916768
1,asvspoof2019,ours,4,4.120930232558139,0.9927401162790697,92.92114695340501,0.7752608522500996,3351,0.9845749253875431,0.3033970529669454,0.47186379928315414,0.027060931899641576,0.9814075827598572,0.9999949559565948
1,asvspoof2019,ours,5,4.173643410852715,0.9929153746770026,89.96415770609319,0.7752608522500996,3355,0.978319752835952,0.33619275189167663,0.4390681003584229,0.024910394265232973,0.971815824508667,0.9994956306766198
1,asvspoof2019,ours,6,4.337209302325581,0.9927732558139535,87.75985663082437,0.7752608522500996,3354,0.9759241754305165,0.3596694544006372,0.41559139784946236,0.056272401433691756,0.9707772135734558,0.9979166157775978
1,asvspoof2019,ours,7,4.195736434108525,0.9928733204134367,87.09677419354838,0.7752608522500996,3351,0.9752297978096645,0.36630027877339705,0.4089605734767025,0.03082437275985663,0.9706544876098633,0.9968760973338533
1,asvspoof2019,ours,8,4.14031007751938,0.9932227390180879,89.80286738351253,0.7752608522500996,3350,0.9770203318174787,0.3381640780565512,0.43709677419354837,0.021505376344086023,0.9739536046981812,0.9997832525506993
1,asvspoof2019,ours,9,3.943410852713178,0.9933083333333333,87.99283154121864,0.7752608522500996,3351,0.9754161086953175,0.3566228594185583,0.41863799283154124,0.014695340501792114,0.978050172328949,0.9996878350728543
1,asvspoof2019,ours,10,3.907364341085273,0.9936026485788114,89.6594982078853,0.7752608522500996,3348,0.9779484477997499,0.33852250099561926,0.4367383512544803,0.012544802867383513,0.9809377789497375,0.9999804281987998
1,asvspoof2019,ours,11,3.815891472868217,0.9936928940568476,88.13620071684588,0.7752608522500996,3350,0.9736386403844334,0.3551891676622859,0.42007168458781363,0.011827956989247311,0.9803724884986877,0.999831304548044
1,asvspoof2019,ours,12,3.8713178294573622,0.9939195736434109,88.54838709677419,0.7752608522500996,3352,0.9752682766992165,0.35070888092393465,0.4245519713261649,0.012903225806451613,0.9815434217453003,0.9999298251566557
1,asvspoof2019,ours,13,3.491472868217054,0.9944141472868218,88.78136200716847,0.7752608522500996,3352,0.9745530078337282,0.34873755475906015,0.4265232974910394,0.008602150537634409,0.9828172326087952,0.999955997010753
1,asvspoof2019,ours,14,3.6744186046511613,0.9943331395348838,88.06451612903226,0.7752608522500996,3358,0.9720448376495824,0.3559060135404221,0.41935483870967744,0.00878136200716846,0.9806674122810364,0.99985706735666
1,asvspoof2019,ours,15,3.7077519379844963,0.9941514211886305,88.17204301075269,0.7752608522500996,3351,0.972179555698253,0.3544723217841497,0.42078853046594983,0.007885304659498209,0.9835956692695618,0.9999124949510532
1,asvspoof2019,ours,16,3.7992248062015523,0.9939649870801033,88.42293906810036,0.7752608522500996,3356,0.9736445596554882,0.35232178414974114,0.4229390681003584,0.005734767025089606,0.986345648765564,0.9999885526144892
1,asvspoof2019,ours,17,3.727131782945736,0.993960142118863,85.57347670250897,0.7752608522500996,3355,0.9700180629993171,0.3811748307447232,0.39408602150537636,0.026702508960573478,0.9842684268951416,0.9997387523820439
1,asvspoof2019,ours,18,3.6217054263565904,0.9944009043927649,86.57706093189964,0.7752608522500996,3353,0.9699141345921524,0.3714974113898845,0.40376344086021504,0.019175627240143368,0.9867579340934753,0.9999403710813254
1,asvspoof2019,ours,19,3.7104651162790714,0.9940082041343669,87.168458781362,0.7752608522500996,3353,0.971068585288127,0.36486658701712466,0.4103942652329749,0.017025089605734768,0.9852796196937561,0.9999687668296636
1,asvspoof2019,ours,20,3.7631782945736414,0.9937987080103359,86.00358422939068,0.7752608522500996,3353,0.9695304179977536,0.3772321784149741,0.39802867383512547,0.006810035842293907,0.9859748482704163,0.999915909488204
1,asvspoof2019,ours,21,3.8186046511627922,0.9937930232558139,85.07168458781362,0.7752608522500996,3349,0.9670063812240639,0.3865511748307447,0.38870967741935486,0.022401433691756272,0.9853371977806091,0.9996316428632468
1,asvspoof2019,ours,22,3.815891472868217,0.9939877906976744,87.58064516129032,0.7752608522500996,3351,0.9726492166838516,0.3611031461569096,0.41415770609318997,0.016129032258064516,0.9876317977905273,0.9999983305648388
1,asvspoof2019,ours,23,3.65503875968992,0.9943641472868218,86.48745519713262,0.7752608522500996,3352,0.9689642527565563,0.3720350457984867,0.4032258064516129,0.015591397849462365,0.9871810674667358,0.9999706744563001
1,asvspoof2019,ours,24,3.851937984496122,0.9941875322997415,85.73476702508961,0.7752608522500996,3356,0.9681270638415318,0.37992035045798483,0.3953405017921147,0.01881720430107527,0.987579345703125,0.9999159096707494
1,asvspoof2019,ours,25,3.7104651162790714,0.9940168604651163,87.22222222222223,0.7752608522500996,3352,0.9704422111435264,0.3643289526085225,0.41093189964157706,0.00878136200716846,0.9877386093139648,0.9999919651974828
1,asvspoof2019,ours,26,3.851937984496122,0.9940287467700258,87.38351254480287,0.7752608522500996,3353,0.9698629161142648,0.36271604938271607,0.4125448028673835,0.017204301075268817,0.9874765276908875,0.9999934433161255
1,asvspoof2019,ours,27,3.6217054263565904,0.9942545865633075,86.27240143369175,0.7752608522500996,3352,0.9678945180651215,0.37454400637196333,0.4007168458781362,0.01021505376344086,0.9868621826171875,0.9999359845530408
1,asvspoof2019,ours,28,3.832558139534882,0.9942640826873386,86.23655913978494,0.7752608522500996,3350,0.9663858213043504,0.37490242931103146,0.4003584229390681,0.012186379928315413,0.9895073771476746,0.9999750733042395
1,asvspoof2019,ours,29,3.7298449612403117,0.9943729328165374,86.54121863799283,0.7752608522500996,3354,0.9659919068488859,0.3718558343289526,0.40340501792114697,0.004838709677419355,0.9890699982643127,0.9999794363490788
1,asvspoof2019,ours,30,3.727131782945736,0.9942276485788113,86.0931899641577,0.7752608522500996,3351,0.9652925366143463,0.37633612106730385,0.3989247311827957,0.004301075268817204,0.9886478185653687,0.9999434947262241
1,asvspoof2019,ours,31,3.7465116279069766,0.9942146640826873,84.87455197132616,0.7752608522500996,3354,0.9629644981071898,0.38852250099561925,0.3867383512544803,0.016666666666666666,0.9868966341018677,0.9995846390391028
1,asvspoof2019,ours,32,3.7131782945736416,0.9943938630490955,85.21505376344086,0.7752608522500996,3351,0.9645681496300862,0.3851174830744723,0.39014336917562725,0.00949820788530466,0.9887461066246033,0.9998310565864251
1,asvspoof2019,tent,0,5.89573643410853,0.9862561369509044,81.02150537634408,0.7752608522500996,0,1.0,0.05285941855834331,0.7224014336917562,,0.931989848613739,0.3689966022968292
1,asvspoof2019,tent,1,17.343410852713177,0.8279465762273901,76.97132616487455,0.7752608522500996,0,0.8278771067768173,0.010207088809239373,0.7650537634408602,0.04265232974910394,0.9937852025032043,2.741813659445924e-07
1,asvspoof2019,tent,2,13.631782945736434,0.8669645348837209,82.43727598566308,0.7752608522500996,0,0.8611406422926625,0.06845081640780559,0.706810035842294,0.017741935483870968,0.9962665438652039,0.11204436421394337
1,asvspoof2019,tent,3,21.288372093023256,0.7881630490956073,76.00358422939068,0.7752608522500996,0,0.7905918209968191,0.0008880923934687646,0.7743727598566308,0.012544802867383513,0.9962509274482727,0.0
1,asvspoof2019,tent,4,14.160077519379843,0.8607558785529716,83.27956989247312,0.7752608522500996,0,0.8536903576235785,0.07759060135404217,0.6976702508960574,0.013082437275985664,0.9967054724693298,0.7408128127455682
1,asvspoof2019,tent,5,9.779069767441861,0.9081248708010337,88.79928315412187,0.7752608522500996,0,0.8891137677657198,0.1392393468737555,0.636021505376344,0.13835125448028673,0.9969152808189392,0.9999999999999453
1,asvspoof2019,tent,6,5.465891472868216,0.9822475452196384,94.21146953405017,0.7752608522500996,0,0.946923677381718,0.26504579848665866,0.5102150537634409,0.1874551971326165,0.9984514713287354,1.0
1,asvspoof2019,tent,7,5.6821705426356575,0.9766283591731266,94.49820788530467,0.7752608522500996,0,0.9383380866006308,0.24748307447232176,0.5277777777777778,0.1082437275985663,0.9983515739440918,1.0
1,asvspoof2019,tent,8,5.374418604651165,0.983603811369509,94.33691756272401,0.7752608522500996,0,0.9436055920095693,0.26952608522501,0.5057347670250896,0.006989247311827957,0.998839259147644,1.0
1,asvspoof2019,tent,9,5.305038759689925,0.9834656976744186,94.2293906810036,0.7752608522500996,0,0.940731815670396,0.2709597769812824,0.5043010752688172,0.023476702508960574,0.9990421533584595,1.0
1,asvspoof2019,tent,10,4.78372093023256,0.9883509689922482,91.72043010752688,0.7752608522500996,0,0.9402869924486604,0.3150457984866587,0.46021505376344085,0.04551971326164875,0.9986258149147034,1.0
1,asvspoof2019,tent,11,4.750387596899225,0.9879780361757105,93.9068100358423,0.7752608522500996,0,0.9316265002088553,0.28744723217841495,0.4878136200716846,0.016845878136200716,0.9985295534133911,1.0
1,asvspoof2019,tent,12,5.179457364341087,0.9660399870801034,94.53405017921148,0.7752608522500996,0,0.920734187687188,0.22095977698128233,0.5543010752688172,0.09408602150537634,0.9986572265625,1.0
1,asvspoof2019,tent,13,4.822480620155041,0.9781714470284237,95.21505376344086,0.7752608522500996,0,0.9239409701194106,0.24210673038630026,0.5331541218637993,0.0453405017921147,0.9991370439529419,1.0
1,asvspoof2019,tent,14,4.642248062015504,0.9764590439276485,95.3942652329749,0.7752608522500996,0,0.9209005078211966,0.23923934687375548,0.5360215053763441,0.01827956989247312,0.9991216063499451,1.0
1,asvspoof2019,tent,15,4.661627906976745,0.9720253229974161,95.23297491039426,0.7752608522500996,0,0.9178396229067,0.23045798486658697,0.5448028673835126,0.012365591397849462,0.9992924332618713,1.0
1,asvspoof2019,tent,16,4.353875968992246,0.9856833979328166,95.26881720430107,0.7752608522500996,0,0.9190545128156984,0.2648665870171246,0.5103942652329749,0.025985663082437275,0.9991445541381836,1.0
1,asvspoof2019,tent,17,4.176356589147285,0.9832753875968991,95.94982078853047,0.7752608522500996,0,0.9168365168932539,0.25088809239346876,0.5243727598566308,0.02043010752688172,0.9990575909614563,1.0
1,asvspoof2019,tent,18,6.6317829457364335,0.9418023255813953,92.70609318996415,0.7752608522500996,0,0.8994894965704023,0.18404221425726797,0.5912186379928316,0.08082437275985663,0.9983198642730713,1.0
1,asvspoof2019,tent,19,4.353875968992246,0.9816175710594314,95.57347670250897,0.7752608522500996,0,0.9147962369236838,0.25142572680207087,0.5238351254480287,0.005913978494623656,0.9992689490318298,1.0
1,asvspoof2019,tent,20,4.301162790697677,0.9826452842377259,95.3405017921147,0.7752608522500996,0,0.912298658719658,0.2623576264436479,0.5129032258064516,0.07831541218637993,0.9989805817604065,1.0
1,asvspoof2019,tent,21,4.511240310077522,0.9703627260981912,95.25089605734766,0.7752608522500996,0,0.9107850207722545,0.2252608522500995,0.55,0.026164874551971327,0.9987763166427612,1.0
1,asvspoof2019,tent,22,4.4259689922480625,0.9753567829457365,95.53763440860214,0.7752608522500996,0,0.9091313694174673,0.23923934687375548,0.5360215053763441,0.023118279569892472,0.9993234276771545,1.0
1,asvspoof2019,tent,23,4.22906976744186,0.9772891472868217,91.8100358422939,0.7752608522500996,0,0.9064211847860396,0.3173755475906013,0.4578853046594982,0.09211469534050179,0.9992806315422058,1.0
1,asvspoof2019,tent,24,4.265116279069768,0.9682499999999999,90.01792114695341,0.7752608522500996,0,0.9049699997085209,0.33673038630027874,0.4385304659498208,0.0974910394265233,0.9994779229164124,1.0
1,asvspoof2019,tent,25,4.206976744186047,0.9682979328165374,90.07168458781362,0.7752608522500996,0,0.9042641113841107,0.33619275189167663,0.4390681003584229,0.01881720430107527,0.9992612600326538,1.0
1,asvspoof2019,tent,26,24.55,0.7545,46.236559139784944,0.7752608522500996,0,0.7115914193269144,0.7752608522500996,0.0,0.4385304659498208,1.0,0.0
1,asvspoof2019,tent,27,25.63333333333333,0.7436666666666667,46.236559139784944,0.7752608522500996,0,0.6942614505339378,0.7752608522500996,0.0,0.4390681003584229,1.0,0.0
1,asvspoof2019,tent,28,28.433333333333334,0.7156666666666667,46.236559139784944,0.7752608522500996,0,0.6490412940499214,0.7752608522500996,0.0,0.0,1.0,0.0
1,asvspoof2019,tent,29,28.433333333333334,0.7156666666666667,46.236559139784944,0.7752608522500996,0,0.6490412940499214,0.7752608522500996,0.0,0.0,1.0,0.0
1,asvspoof2019,tent,30,28.433333333333334,0.7156666666666667,46.236559139784944,0.7752608522500996,0,0.6490412940499214,0.7752608522500996,0.0,0.0,1.0,0.0
1,asvspoof2019,tent,31,28.433333333333334,0.7156666666666667,46.236559139784944,0.7752608522500996,0,0.6490412940499214,0.7752608522500996,0.0,0.0,1.0,0.0
1,asvspoof2019,tent,32,28.433333333333334,0.7156666666666667,46.236559139784944,0.7752608522500996,0,0.6490412940499214,0.7752608522500996,0.0,0.0,1.0,0.0
1,dataset2,ours,0,32.80870489792168,0.7362324498188976,68.27074432201485,0.4398533746321671,0,1.0,0.028789736224251683,0.41106363840791543,,0.9141703248023987,0.8577345380559563
1,dataset2,ours,1,32.51673310530088,0.7376746518498192,68.54058916123229,0.4398533746321671,2669,0.9966125822949125,0.03823430559686242,0.4016190690353047,0.026085001124353496,0.9624123573303223,0.9916081735864282
1,dataset2,ours,2,32.60570583004581,0.7365166808933983,67.84348999325388,0.4398533746321671,2671,0.9953942727152738,0.0024798644005503134,0.4373735102316168,0.04295030357544412,0.9520832300186157,0.9892710158601403
1,dataset2,ours,3,32.51673310530088,0.7375477647841644,67.9784124128626,0.4398533746321671,2668,0.9951340715353888,0.020919261747076034,0.4189341128850911,0.025860130425005623,0.9494328498840332,0.9786917067227477
1,dataset2,ours,4,32.42571642622883,0.7391550009491233,68.54058916123229,0.4398533746321671,2668,0.9942325844938613,0.03778456419816667,0.40206881043400045,0.03665392399370362,0.9571680426597595,0.9618749768427278
1,dataset2,ours,5,32.17874198456228,0.7394703972678199,67.70856757364515,0.4398533746321671,2668,0.9918533964211553,0.051039362044243974,0.4908927366764111,0.07195862379132,0.9570850729942322,0.9956012052440201
1,dataset2,ours,6,32.493723441241976,0.7398521715092194,67.9784124128626,0.4398533746321671,2668,0.9909082705569031,0.03799686148206721,0.47785023611423433,0.07578142568023387,0.9538292288780212,0.9950634188149706
1,dataset2,ours,7,32.24674899957542,0.7402084469144588,67.9784124128626,0.4398533746321671,2669,0.9887142287796855,0.04834091365206944,0.48819428828423655,0.012592759163480998,0.9587931036949158,0.9964029023067269
1,dataset2,ours,8,32.156754297666936,0.7398549035273795,67.93343827299303,0.4398533746321671,2669,0.9873975795718531,0.04834091365206944,0.48819428828423655,0.01574094895435125,0.9535377621650696,0.9956556146571529
1,dataset2,ours,9,32.60570583004581,0.7358155640848487,67.28131324488419,0.4398533746321671,2670,0.9861032465693069,0.07689949246924954,0.5167528671014167,0.02855857881718012,0.9619324803352356,0.9991482209283277
1,dataset2,ours,10,32.584740120314024,0.7348224248907497,66.98898133573195,0.4398533746321671,2671,0.984872704389978,0.07847358736468468,0.5183269619968518,0.030132673712615247,0.9617011547088623,0.999028473238286
1,dataset2,ours,11,33.30367575841836,0.7301680778046392,65.01011918147064,0.4398533746321671,2668,0.9755967812962915,0.16887160850253047,0.6087249831346976,0.09197211603328086,0.951862633228302,0.9776305243372917
1,dataset2,ours,12,32.9206872867255,0.7306876671843335,66.5392399370362,0.4398533746321671,2670,0.9824571795751822,0.0766746217699017,0.5165279964020688,0.014391724758263998,0.9630991220474243,0.999093289465236
1,dataset2,ours,13,33.07868900364714,0.7283643387038738,66.06701146840567,0.4398533746321671,2670,0.9794237261830724,0.11512751135838828,0.5549808859905554,0.05464357994153362,0.9653692245483398,0.9994399081740993
1,dataset2,ours,14,33.16868370555563,0.7302493300484356,67.2588261749494,0.4398533746321671,2668,0.9835605931667781,0.030351257704239465,0.4702046323364066,0.046323364065662245,0.9634990096092224,0.9968251809848425
1,dataset2,ours,15,32.96568463767975,0.7297919699712754,67.03395547560153,0.4398533746321671,2671,0.9815040199984104,0.04924039644946093,0.48909377108162805,0.06588711490892736,0.9644619822502136,0.9981206351125366
1,dataset2,ours,16,32.94369695078441,0.7303084225893784,66.51675286710142,0.4398533746321671,2669,0.9788545939531655,0.07734923386794534,0.5172026085001125,0.04699797616370587,0.9689412713050842,0.9997319951144163
1,dataset2,ours,17,32.942674973620846,0.7307253083234273,66.8990330559928,0.4398533746321671,2672,0.9789010346677959,0.06363212120772499,0.5034854958398921,0.01753991454913425,0.9674158096313477,0.9994497962228707
1,dataset2,ours,18,32.87568993577126,0.7317112633216241,67.32628738475377,0.4398533746321671,2669,0.9798166699314947,0.0328248353970661,0.4726782100292332,0.044524398470879245,0.9601222276687622,0.9966742080257063
1,dataset2,ours,19,33.033691652692895,0.7284627925434927,66.96649426579717,0.4398533746321671,2669,0.9764658208783842,0.06430673330576853,0.5041601079379356,0.015516078255003373,0.9606539011001587,0.9986953259234724
1,dataset2,ours,20,33.101698667706046,0.7293075932700882,67.14639082527547,0.4398533746321671,2669,0.9781807922931485,0.041819663370981086,0.4816730380031482,0.012143017764785248,0.9646704792976379,0.9987526324803184
1,dataset2,ours,21,33.05567933958824,0.7279595952727587,66.8990330559928,0.4398533746321671,2669,0.9783512617045621,0.05598651742989719,0.4958398920620643,0.014166854058916123,0.9712135791778564,0.9997391758693084
1,dataset2,ours,22,32.89869959983017,0.7267134914342124,66.96649426579717,0.4398533746321671,2668,0.9756431566520213,0.06250776771098554,0.5023611423431527,0.022487069934787496,0.9707505702972412,0.99969070738116
1,dataset2,ours,23,32.9206872867255,0.7297447161756927,67.55115808410164,0.4398533746321671,2668,0.9782331657239163,0.026978197214021338,0.46683157184618845,0.02945806161457162,0.970949649810791,0.9992896577383021
1,dataset2,ours,24,33.3256634453137,0.7232595121789323,65.81965369912301,0.4398533746321671,2671,0.9712200308164469,0.10770677827990849,0.5475601529120756,0.04564875196761862,0.9691359400749207,0.9998088238440687
1,dataset2,ours,25,33.57365986414382,0.721694976445956,66.06701146840567,0.4398533746321671,2670,0.9683407906091523,0.09129121722751354,0.5311445918596807,0.06431302001349225,0.9670467972755432,0.999741820723284
1,dataset2,ours,26,33.48366516223533,0.7214052813351353,66.11198560827523,0.4398533746321671,2670,0.9691407084399977,0.0840953548483816,0.5239487294805487,0.024061164830222623,0.96821528673172,0.9997705857189431
1,dataset2,ours,27,33.23566874340521,0.7271946301879507,66.85405891612322,0.4398533746321671,2670,0.9725102725074147,0.052388586240331214,0.49224196087249833,0.03890263098718237,0.9693463444709778,0.999694064387404
1,dataset2,ours,28,33.37066079626794,0.7246767213029826,66.71913649651451,0.4398533746321671,2671,0.9685474373392421,0.052388586240331214,0.49224196087249833,0.03170676860805037,0.9659556746482849,0.9993171344667644
1,dataset2,ours,29,33.505652849130676,0.7205396363218375,65.41488644029683,0.4398533746321671,2672,0.9640936010359973,0.1050083298877339,0.544861704519901,0.052619743647402746,0.9678298830986023,0.9996589646965731
1,dataset2,ours,30,33.86563165676462,0.7173985237388094,65.39239937036204,0.4398533746321671,2669,0.9638730874130435,0.11422802856099679,0.5540814031931639,0.06183944232066562,0.9718504548072815,0.9997879396309145
1,dataset2,ours,31,33.61865721509807,0.7239467665249659,66.74162356644929,0.4398533746321671,2668,0.9664060131351333,0.028777162808804324,0.46863053744097144,0.07623116707892962,0.9680050015449524,0.9984291516288522
1,dataset2,ours,32,33.55065020008492,0.7231779563775624,66.60670114684056,0.4398533746321671,2668,0.968672908164368,0.044518111763155566,0.4843714863953227,0.06970991679784125,0.9715362787246704,0.9997375102137084
1,dataset2,tent,0,32.80870489792168,0.7362324498188976,68.27074432201485,0.4398533746321671,0,1.0,0.028789736224251683,0.41106363840791543,,0.9141703248023987,0.8577345380559563
1,dataset2,tent,1,32.1347666107716,0.7406959603772371,67.28131324488419,0.4398533746321671,0,0.9935913738150528,0.23342207263081788,0.20643130200134924,0.20463233640656622,0.9943683743476868,1.1142490483701945e-08
1,dataset2,tent,2,31.977786871013524,0.7455619882778207,64.98763211153586,0.4398533746321671,0,0.990895968335505,0.2846925920821334,0.15516078255003374,0.2559028558578817,0.9969971776008606,6.367942451176285e-15
1,dataset2,tent,3,31.751778139078745,0.7502062167781532,62.82887339779627,0.4398533746321671,0,0.98691233420877,0.31617448999083586,0.12367888464133124,0.082752417360018,0.9980370998382568,7.781132924231073e-20
1,dataset2,tent,4,31.816719222601197,0.7485552683226339,63.66089498538341,0.4398533746321671,0,0.9877533609510714,0.3056055671214858,0.13424780751068136,0.021362716438048122,0.9983848333358765,4.974311601960035e-21
1,dataset2,tent,5,32.02074026764064,0.7450780163200647,64.06566224420958,0.4398533746321671,0,0.9889370476286247,0.29751022194496224,0.14234315268720485,0.018664268045873622,0.998347282409668,1.829947071835964e-21
1,dataset2,tent,6,31.614742131888885,0.7504146596451776,59.70317067686081,0.4398533746321671,0,0.9816084598376645,0.35237867258584377,0.08747470204632336,0.04677310546435799,0.998405396938324,7.046652665196631e-30
1,dataset2,tent,7,31.504803697412193,0.7511476499989275,59.8830672363391,0.4398533746321671,0,0.9797522204504553,0.3505797069910608,0.08927366764110636,0.05306948504609849,0.9982808828353882,3.350147144825243e-32
1,dataset2,tent,8,31.25169739276424,0.7542067008512967,57.342028333708114,0.4398533746321671,0,0.9595937907914537,0.37733932021345784,0.06251405441870925,0.024960647627614123,0.9987930655479431,1.902299480234194e-36
1,dataset2,tent,9,30.983757241365918,0.7494194967339229,56.66741623566449,0.4398533746321671,0,0.924652117798973,0.3845351825925899,0.055318192039577246,0.033955475601529124,0.998528778553009,2.2273639090442967e-39
1,dataset2,tent,10,30.694294858018033,0.7452882805325289,54.01394198335957,0.4398533746321671,0,0.8918217363114002,0.4110699251156391,0.028783449516527997,0.033730604902181244,0.9990800023078918,1.16882304909333e-41
1,dataset2,tent,11,29.844890174893678,0.7395721902407455,54.26129975264223,0.4398533746321671,0,0.8677556285599933,0.4085963474228125,0.031257027209354624,0.024061164830222623,0.99892657995224,1.2317413501415142e-42
1,dataset2,tent,12,29.699617638880625,0.7329797292347394,54.913424780751065,0.4398533746321671,0,0.8488887086448383,0.4020750971417241,0.037778277490443,0.008994827973915,0.9986991882324219,2.7465449900766415e-43
1,dataset2,tent,13,29.88462586124343,0.7193286439759404,53.83404542388127,0.4398533746321671,0,0.8071871512851237,0.4128688907104221,0.026984483921744996,0.004272543287609625,0.9995492696762085,2.802596928649634e-45
1,dataset2,tent,14,31.015074264348456,0.697423625926407,52.10254103890263,0.4398533746321671,0,0.7385304616477528,0.4301839345602085,0.009669440071958624,0.02810883741848437,0.999171257019043,0.0
1,dataset2,tent,15,31.912420806888413,0.6854284472301585,51.18057117157634,0.4398533746321671,0,0.6960092686739285,0.43940363323347137,0.00044974139869574995,0.026534742523049246,0.9999234676361084,0.0
1,dataset2,tent,16,31.097388959651536,0.6956873777927802,51.158084101641556,0.4398533746321671,0,0.7047290982029428,0.4396285039328192,0.00022487069934787497,0.00944456937261075,0.9999808669090271,0.0
1,dataset2,tent,17,32.7290007977493,0.676729903780344,51.293006521250284,0.4398533746321671,0,0.6856895438919105,0.438279279736732,0.0015740948954351248,0.001124353496739375,0.9999051094055176,0.0
1,dataset2,tent,18,32.7029252021997,0.6771697587041087,51.158084101641556,0.4398533746321671,0,0.6759730454102844,0.4396285039328192,0.00022487069934787497,0.0,0.9999980330467224,0.0
1,dataset2,tent,19,33.31548414802115,0.6702094871050767,51.18057117157634,0.4398533746321671,0,0.6678603102327256,0.43940363323347137,0.00044974139869574995,0.001124353496739375,0.9999954700469971,0.0
1,dataset2,tent,20,33.08129959877784,0.6726920821256801,51.158084101641556,0.4398533746321671,0,0.661114720443105,0.4396285039328192,0.00022487069934787497,0.0,0.999999463558197,0.0
1,dataset2,tent,21,33.103287285673176,0.6725761231326655,51.158084101641556,0.4398533746321671,0,0.6613477194354153,0.4396285039328192,0.00022487069934787497,0.00022487069934787497,0.9999995827674866,0.0
1,dataset2,tent,22,33.504671346310225,0.6679806662157823,51.158084101641556,0.4398533746321671,0,0.6569678158975577,0.4396285039328192,0.00022487069934787497,0.0,0.999984860420227,0.0
1,dataset2,tent,23,33.94287694059297,0.6636751067814358,51.18057117157634,0.4398533746321671,0,0.656106411306141,0.43940363323347137,0.00044974139869574995,0.00022487069934787497,0.9999868273735046,0.0
1,dataset2,tent,24,31.624071467976094,0.692241189848549,56.15021362716438,0.4398533746321671,0,0.7464832608328811,0.389707208677591,0.05014616595457612,0.049921295255228246,0.9992318153381348,0.0
1,dataset2,tent,25,33.9249771623519,0.66333279502457,54.37373510231617,0.4398533746321671,0,0.666697474181987,0.40747199392607314,0.032381380706094,0.031931639307398244,0.9995025992393494,0.0
1,dataset2,tent,26,31.022784626711207,0.7012472371201532,58.129075781425676,0.4398533746321671,0,0.7760484536740114,0.3690191043375865,0.07083427029458061,0.0206881043400045,0.9995241165161133,0.0
1,dataset2,tent,27,35.42110113688383,0.6471247431397,54.26129975264223,0.4398533746321671,0,0.6288851428798998,0.4085963474228125,0.031257027209354624,0.002473577692826625,0.9994890093803406,0.0
1,dataset2,tent,28,34.338129138248625,0.6592987172466437,55.835394648077354,0.4398533746321671,0,0.6627597927981127,0.39285539846846124,0.04699797616370587,0.023836294130874746,0.9992133975028992,0.0
1,dataset2,tent,29,39.5633364781898,0.6047697596754928,52.43984708792444,0.4398533746321671,0,0.5333813196256756,0.42681087406999035,0.013042500562176748,0.018214526647177872,0.9993855357170105,0.0
1,dataset2,tent,30,37.50730055963874,0.6256052432083041,53.744097144142124,0.4398533746321671,0,0.5820750727374594,0.4137683735078136,0.026085001124353496,0.020912975039352372,0.9993465542793274,0.0
1,dataset2,tent,31,41.82850332759811,0.5817840766648817,51.855183269619964,0.4398533746321671,0,0.4681958892208111,0.4326575122530351,0.007195862379131999,0.005846638183044749,0.9997031092643738,0.0
1,dataset2,tent,32,42.05859996818717,0.5794906991983247,52.057566899033056,0.4398533746321671,0,0.4621875070432074,0.4306336759589042,0.009219698673262874,0.016865302451090622,0.9996951818466187,0.0
1,in_the_wild,ours,0,12.3,0.9474251666666668,73.85000000000001,0.7827526132404181,0,1.0,0.025919279907084758,0.7568333333333334,,0.9698062539100647,0.06028398871421803
1,in_the_wild,ours,1,11.466666666666669,0.9585416666666666,85.65,0.7827526132404181,3901,0.9791394191583986,0.17058594657375148,0.6121666666666666,0.14466666666666667,0.9738407135009766,0.9954105776268989
1,in_the_wild,ours,2,10.916666666666664,0.9633908888888889,88.98333333333333,0.7827526132404181,3603,0.9726018837633069,0.27591927990708476,0.5068333333333334,0.25,0.968285083770752,0.9996388462954201
1,in_the_wild,ours,3,9.799999999999999,0.9697698888888889,90.26666666666667,0.7827526132404181,3602,0.9667742299452021,0.3334192799070848,0.4493333333333333,0.16283333333333333,0.9664081931114197,0.998137503862381
1,in_the_wild,ours,4,9.050000000000002,0.9735903888888888,91.05,0.7827526132404181,3603,0.9664387248573811,0.30258594657375143,0.4801666666666667,0.034333333333333334,0.9685747623443604,0.9996058268792695
1,in_the_wild,ours,5,8.666666666666668,0.9746362777777777,90.31666666666666,0.7827526132404181,3601,0.9607053836193764,0.34658594657375147,0.43616666666666665,0.0185,0.9734882116317749,0.9993091386859305
1,in_the_wild,ours,6,9.566666666666668,0.9713171666666667,90.13333333333333,0.7827526132404181,3602,0.9743529059823444,0.2640859465737514,0.5186666666666667,0.03916666666666667,0.9730810523033142,0.9998876923891657
1,in_the_wild,ours,7,9.399999999999999,0.9724649444444444,90.93333333333334,0.7827526132404181,3622,0.9647600317786978,0.3144192799070848,0.4683333333333333,0.03216666666666667,0.9713987708091736,0.9998699005416711
1,in_the_wild,ours,8,9.233333333333334,0.973397,91.08333333333334,0.7827526132404181,3601,0.9655332783743005,0.30758594657375143,0.4751666666666667,0.0435,0.9739691019058228,0.9999371518249973
1,in_the_wild,ours,9,9.450000000000003,0.973459,90.71666666666667,0.7827526132404181,3602,0.9605828683308494,0.3322526132404181,0.4505,0.0185,0.975629985332489,0.9998596693774744
1,in_the_wild,ours,10,9.333333333333336,0.9724886666666667,90.68333333333334,0.7827526132404181,3602,0.9621938290349764,0.3129192799070848,0.4698333333333333,0.012666666666666666,0.9755144715309143,0.9999056034430396
1,in_the_wild,ours,11,9.266666666666667,0.9735707777777778,90.64999999999999,0.7827526132404181,3604,0.9618578140261671,0.31558594657375144,0.4671666666666667,0.017,0.9760938286781311,0.9999433104901982
1,in_the_wild,ours,12,9.316666666666668,0.9737235,90.71666666666667,0.7827526132404181,3603,0.9690118021370631,0.27725261324041817,0.5055,0.036,0.97176593542099,0.9998638831602875
1,in_the_wild,ours,13,9.466666666666665,0.9729205555555556,90.53333333333333,0.7827526132404181,3604,0.9614852823104121,0.32208594657375145,0.46066666666666667,0.0095,0.9724780917167664,0.999911795490334
1,in_the_wild,ours,14,8.766666666666667,0.9758465000000001,90.91666666666667,0.7827526132404181,3604,0.9589664842135531,0.33558594657375146,0.44716666666666666,0.058333333333333334,0.9772742390632629,0.9999545737071458
1,in_the_wild,ours,15,8.266666666666666,0.9781445555555557,90.71666666666667,0.7827526132404181,3600,0.953464576422262,0.3535859465737515,0.42916666666666664,0.0315,0.9797697067260742,0.9998656835434303
1,in_the_wild,ours,16,8.250000000000002,0.9782374444444444,90.81666666666666,0.7827526132404181,3601,0.9565355855221203,0.34991927990708477,0.43283333333333335,0.014333333333333333,0.9823084473609924,0.9999507875806557
1,in_the_wild,ours,17,8.48333333333333,0.9772036111111112,91.10000000000001,0.7827526132404181,3604,0.959982108489951,0.33941927990708476,0.44333333333333336,0.014833333333333334,0.9825436472892761,0.9999874868848565
1,in_the_wild,ours,18,9.15,0.9755235,90.78333333333333,0.7827526132404181,3604,0.9601769437827972,0.3382526132404181,0.4445,0.012,0.979009747505188,0.9999796872032902
1,in_the_wild,ours,19,8.333333333333334,0.9780301111111112,90.63333333333333,0.7827526132404181,3603,0.9562241121212718,0.3550859465737515,0.42766666666666664,0.016,0.9825301170349121,0.9999583230883103
1,in_the_wild,ours,20,8.550000000000002,0.9763988333333333,90.73333333333333,0.7827526132404181,3600,0.95792299714365,0.3477526132404181,0.435,0.0095,0.9834414720535278,0.9999834848362298
1,in_the_wild,ours,21,8.799999999999999,0.9757752222222222,90.63333333333333,0.7827526132404181,3605,0.9614874634938404,0.34841927990708477,0.43433333333333335,0.009666666666666667,0.9859200716018677,0.9999957494786059
1,in_the_wild,ours,22,8.999999999999998,0.9751183333333333,89.61666666666666,0.7827526132404181,3600,0.9574056631113405,0.36758594657375143,0.4151666666666667,0.019833333333333335,0.9820377826690674,0.9998812821633152
1,in_the_wild,ours,23,9.483333333333333,0.9733611666666666,90.71666666666667,0.7827526132404181,3606,0.9662709858892138,0.3279192799070848,0.4548333333333333,0.0205,0.9833401441574097,0.9999989630608525
1,in_the_wild,ours,24,9.533333333333335,0.9741885555555555,90.36666666666666,0.7827526132404181,3601,0.9602345671199106,0.34508594657375147,0.43766666666666665,0.0225,0.9847242832183838,0.9999927702208424
1,in_the_wild,ours,25,9.366666666666667,0.9746636111111111,89.8,0.7827526132404181,3601,0.956678993587544,0.36275261324041813,0.42,0.034833333333333334,0.9832480549812317,0.999929321498729
1,in_the_wild,ours,26,8.833333333333334,0.9754575,91.33333333333333,0.7827526132404181,3602,0.9688215029793633,0.31608594657375144,0.4666666666666667,0.029666666666666668,0.9866741299629211,0.9999999461516058
1,in_the_wild,ours,27,8.616666666666669,0.9760405555555556,91.58333333333334,0.7827526132404181,3802,0.9663640060727104,0.3129192799070848,0.4698333333333333,0.049833333333333334,0.9827427864074707,0.999998712104798
1,in_the_wild,ours,28,8.733333333333334,0.9767962222222222,90.91666666666667,0.7827526132404181,3736,0.9613483940163556,0.3442526132404181,0.4385,0.0285,0.9867324233055115,0.9999991832255795
1,in_the_wild,ours,29,8.333333333333334,0.9721459444444444,89.7,0.7827526132404181,3603,0.9606256696661026,0.22275261324041806,0.56,0.09016666666666667,0.9803468585014343,0.9999712770928454
1,in_the_wild,ours,30,8.466666666666667,0.9762999444444445,91.56666666666666,0.7827526132404181,4246,0.9610819579429937,0.2810859465737514,0.5016666666666667,0.06316666666666666,0.9794518351554871,0.9999943439943764
1,in_the_wild,ours,31,8.783333333333331,0.9740872222222223,90.76666666666667,0.7827526132404181,3842,0.9605591910826735,0.2660859465737514,0.5166666666666667,0.043333333333333335,0.9803250432014465,0.9999880263109844
1,in_the_wild,ours,32,8.283333333333335,0.9778696666666666,92.01666666666667,0.7827526132404181,3949,0.9553706588811607,0.3009192799070848,0.48183333333333334,0.019833333333333335,0.9804360270500183,0.9999861539954509
1,in_the_wild,tent,0,12.3,0.9474251666666668,73.85000000000001,0.7827526132404181,0,1.0,0.025919279907084758,0.7568333333333334,,0.9698062539100647,0.06028398871421803
1,in_the_wild,tent,1,13.466666666666669,0.879047,82.43333333333334,0.7827526132404181,0,0.9121282786814086,0.1260859465737515,0.6566666666666666,0.10016666666666667,0.9946056604385376,0.9999972129466415
1,in_the_wild,tent,2,24.183333333333334,0.7596368333333334,72.61666666666666,0.7827526132404181,0,0.7937489120296725,0.01258594657375145,0.7701666666666667,0.015666666666666666,0.9977232813835144,0.0
1,in_the_wild,tent,3,26.033333333333335,0.7404577222222222,71.56666666666666,0.7827526132404181,0,0.7700517662877056,0.0014192799070847917,0.7813333333333333,0.12466666666666666,0.9981391429901123,0.0
1,in_the_wild,tent,4,30.3,0.6972540555555555,67.75,0.7827526132404181,0,0.7114215467079191,0.03908072009291519,0.8218333333333333,0.051666666666666666,0.9978141188621521,0.0
1,in_the_wild,tent,5,34.016666666666666,0.6599201666666666,64.14999999999999,0.7827526132404181,0,0.6520972856450097,0.07541405342624852,0.8581666666666666,0.07683333333333334,0.998526930809021,0.0
1,in_the_wild,tent,6,33.25,0.6675880555555556,64.9,0.7827526132404181,0,0.6648848885438347,0.06791405342624857,0.8506666666666667,0.028833333333333332,0.9983307123184204,0.0
1,in_the_wild,tent,7,27.516666666666666,0.725425,70.81666666666668,0.7827526132404181,0,0.7503788278297994,0.006747386759581864,0.7895,0.06866666666666667,0.9984772801399231,0.0
1,in_the_wild,tent,8,30.166666666666668,0.698613611111111,68.35,0.7827526132404181,0,0.7130270932435121,0.03308072009291518,0.8158333333333333,0.034833333333333334,0.9987104535102844,0.0
1,in_the_wild,tent,9,25.25,0.7483332777777778,72.96666666666667,0.7827526132404181,0,0.7779269923521137,0.016419279907084805,0.7663333333333333,0.023166666666666665,0.9988290071487427,0.0
1,in_the_wild,tent,10,33.983333333333334,0.660261,64.68333333333334,0.7827526132404181,0,0.6523982508087186,0.07008072009291522,0.8528333333333333,0.037,0.9987720251083374,0.0
1,in_the_wild,tent,11,33.13333333333333,0.6688099444444445,65.53333333333333,0.7827526132404181,0,0.6669623757113557,0.061580720092915264,0.8443333333333334,0.078,0.9986782073974609,0.0
1,in_the_wild,tent,12,26.799999999999997,0.7327983333333334,71.98333333333333,0.7827526132404181,0,0.7594220891984561,0.0055859465737514435,0.7771666666666667,0.07566666666666666,0.9989820718765259,0.0
1,in_the_wild,tent,13,20.133333333333336,0.8007651666666666,78.73333333333333,0.7827526132404181,0,0.8319373942640285,0.07908594657375145,0.7036666666666667,0.14066666666666666,0.9987699389457703,0.01008696556091282
1,in_the_wild,tent,14,20.766666666666666,0.7941603333333334,78.0,0.7827526132404181,0,0.8250801505817944,0.07108594657375145,0.7116666666666667,0.0655,0.9987120628356934,1.8119812011940795e-06
1,in_the_wild,tent,15,18.783333333333335,0.8145257222222223,79.81666666666666,0.7827526132404181,0,0.8418582527948355,0.09058594657375141,0.6921666666666667,0.012166666666666666,0.9991108179092407,0.9999990748817027
1,in_the_wild,tent,16,17.733333333333338,0.8258304444444444,81.05,0.7827526132404181,0,0.8513502430449074,0.10525261324041812,0.6775,0.034166666666666665,0.9988278150558472,0.9999999999999888
1,in_the_wild,tent,17,18.416666666666668,0.8181641111111112,80.71666666666667,0.7827526132404181,0,0.8424865964114983,0.09925261324041812,0.6835,0.01,0.9992052316665649,0.9999999999927014
1,in_the_wild,tent,18,22.26666666666667,0.7787453888888889,76.91666666666667,0.7827526132404181,0,0.8066525232894638,0.05758594657375149,0.7251666666666666,0.04766666666666667,0.9991554617881775,0.0
1,in_the_wild,tent,19,22.749999999999996,0.7737565000000001,76.43333333333334,0.7827526132404181,0,0.8014630851184221,0.05241927990708484,0.7303333333333333,0.04683333333333333,0.9989441633224487,0.0
1,in_the_wild,tent,20,20.983333333333334,0.7919227777777778,78.06666666666666,0.7827526132404181,0,0.8192561810078081,0.07041927990708474,0.7123333333333334,0.012833333333333334,0.9990896582603455,0.0
1,in_the_wild,tent,21,16.01666666666667,0.8435879444444445,83.23333333333333,0.7827526132404181,0,0.860626922692572,0.1327526132404181,0.65,0.08033333333333334,0.9988740086555481,1.0
1,in_the_wild,tent,22,18.1,0.8213013888888889,81.23333333333333,0.7827526132404181,0,0.8436800994537492,0.10575261324041807,0.677,0.035333333333333335,0.9991359114646912,1.0
1,in_the_wild,tent,23,24.25,0.7585367777777778,74.91666666666667,0.7827526132404181,0,0.7852814424159631,0.03658594657375147,0.7461666666666666,0.09616666666666666,0.9991000294685364,0.0
1,in_the_wild,tent,24,19.483333333333334,0.8067746111111112,79.58333333333333,0.7827526132404181,0,0.8314543514194794,0.08691927990708481,0.6958333333333333,0.0195,0.9991849064826965,0.9975954335182905
1,in_the_wild,tent,25,21.366666666666664,0.7877623333333333,77.8,0.7827526132404181,0,0.813695075423113,0.06708594657375144,0.7156666666666667,0.0305,0.9992755651473999,0.0
1,in_the_wild,tent,26,24.65,0.7544735555555555,74.33333333333333,0.7827526132404181,0,0.7802124209396656,0.03008594657375141,0.7526666666666667,0.05683333333333333,0.9992558360099792,0.0
1,in_the_wild,tent,27,19.683333333333337,0.8043598888888888,79.35,0.7827526132404181,0,0.8279404437760876,0.0845859465737514,0.6981666666666667,0.0175,0.9990292191505432,0.9519378297030925
1,in_the_wild,tent,28,12.1,0.8904011111111111,87.53333333333333,0.7827526132404181,0,0.8934117673506593,0.19875261324041815,0.584,0.16866666666666666,0.9990327954292297,1.0
1,in_the_wild,tent,29,14.05,0.8648496666666667,85.35000000000001,0.7827526132404181,0,0.8738799366987292,0.15691927990708476,0.6258333333333334,0.07233333333333333,0.9992706775665283,1.0
1,in_the_wild,tent,30,16.916666666666664,0.8334236666666667,82.31666666666668,0.7827526132404181,0,0.8506354487283656,0.11691927990708473,0.6658333333333334,0.08183333333333333,0.9993473887443542,1.0
1,in_the_wild,tent,31,15.6,0.8475205,83.81666666666666,0.7827526132404181,0,0.8605329184383376,0.13758594657375145,0.6451666666666667,0.019333333333333334,0.9994311332702637,1.0
1,in_the_wild,tent,32,16.51666666666667,0.8377428888888889,82.69999999999999,0.7827526132404181,0,0.8527385955322583,0.12275261324041808,0.66,0.0075,0.9990441203117371,1.0
1,arabic,ours,0,22.834111543450064,0.8453049286640726,63.28545780969479,0.9735945417653745,0,1.0,0.09406132812085033,0.8795332136445242,,0.9628236293792725,0.008250713348388672
1,arabic,ours,1,21.472632944228277,0.854289429312581,77.75583482944344,0.9735945417653745,3359,0.9888364634500937,0.507346785930545,0.46624775583482947,0.4132854578096948,0.9600642919540405,0.9974639385472983
1,arabic,ours,2,20.808560311284047,0.8620571335927367,78.24057450628366,0.9735945417653745,3343,0.9866290072030481,0.510398850562502,0.4631956912028725,0.41633752244165173,0.9626425504684448,0.9977108801947906
1,arabic,ours,3,20.683527885862514,0.8655510376134891,78.9407540394973,0.9735945417653745,3342,0.9847622532545864,0.4890343981388036,0.4845601436265709,0.03087971274685817,0.9616950154304504,0.9981501843081787
1,arabic,ours,4,20.358430609597924,0.867681971465629,79.29982046678636,0.9735945417653745,3342,0.9843036831192663,0.4836484017294679,0.48994614003590664,0.02998204667863555,0.9607788324356079,0.9982971852266929
1,arabic,ours,5,20.3056420233463,0.8706911802853438,79.42549371633753,0.9735945417653745,3344,0.9829345307634456,0.488136732070581,0.4854578096947935,0.013464991023339317,0.9616663455963135,0.9977809057119884
1,arabic,ours,6,20.0916990920882,0.8723116083009079,79.6229802513465,0.9735945417653745,3343,0.9845703212348123,0.46784947892874973,0.5057450628366248,0.01867145421903052,0.9682756662368774,0.9996662092235056
1,arabic,ours,7,19.8583009079118,0.876564915693904,80.14362657091561,0.9735945417653745,3346,0.9809561613784392,0.495677127043651,0.4779174147217235,0.015798922800718134,0.9621589779853821,0.9975412968815363
1,arabic,ours,8,19.444293125810635,0.8792121271076523,80.3770197486535,0.9735945417653745,3342,0.9802459227536527,0.4958566602572955,0.477737881508079,0.02836624775583483,0.9630801677703857,0.997709545615362
1,arabic,ours,9,19.33592736705577,0.8777121271076523,80.41292639138241,0.9735945417653745,3346,0.9817218096929242,0.4746717410472417,0.49892280071813283,0.021005385996409335,0.9624224901199341,0.9989758866788179
1,arabic,ours,10,19.497081712062254,0.8781231517509727,80.50269299820468,0.9735945417653745,3345,0.982369361879979,0.44540782722318417,0.5281867145421903,0.05044883303411131,0.9693626165390015,0.9997694390302058
1,arabic,ours,11,19.049740596627757,0.8805038261997407,80.84380610412927,0.9735945417653745,3342,0.9802715035087047,0.4721582760562183,0.5014362657091562,0.007899461400359067,0.9653864502906799,0.9994472520935233
1,arabic,ours,12,19.119195849546045,0.8832937743190662,80.87971274685816,0.9735945417653745,3343,0.9797113667113194,0.47754427246555403,0.4960502692998205,0.03213644524236984,0.9686652421951294,0.9995241651296964
1,arabic,ours,13,19.441504539559013,0.8817232166018159,80.7181328545781,0.9735945417653745,3345,0.9811887293030792,0.4802372706702219,0.4933572710951526,0.014542190305206463,0.974618673324585,0.9998757952093911
1,arabic,ours,14,19.22756160830091,0.8823915693904021,80.26929982046678,0.9735945417653745,3344,0.9786688975222079,0.5141690480490371,0.4594254937163375,0.03662477558348295,0.9679926037788391,0.9983044043123982
1,arabic,ours,15,18.83300907911803,0.8863771725032425,81.07719928186714,0.9735945417653745,3342,0.9773277039693892,0.48705953278871383,0.4865350089766607,0.012208258527827648,0.9697017669677734,0.9996014702340744
1,arabic,ours,16,18.599610894941637,0.8880252269779506,81.32854578096948,0.9735945417653745,3345,0.9762494960373066,0.4834688685158234,0.49012567324955114,0.03177737881508079,0.9684529900550842,0.9995818642782069
1,arabic,ours,17,18.905252918287935,0.8855924124513619,81.0592459605027,0.9735945417653745,3344,0.977293847298125,0.4779033388928431,0.49569120287253143,0.011669658886894075,0.9685860872268677,0.9996248170306898
1,arabic,ours,18,19.138651102464333,0.8857908560311285,80.55655296229803,0.9735945417653745,3343,0.9765070938355291,0.5278135722860209,0.4457809694793537,0.04434470377019749,0.9715707302093506,0.9984747841645543
1,arabic,ours,19,18.941374837872893,0.8866174448767834,81.0592459605027,0.9735945417653745,3345,0.9767754024238987,0.4940613281208503,0.4795332136445242,0.018312387791741474,0.9724542498588562,0.9997843117055254
1,arabic,ours,20,18.56348897535668,0.8908683527885861,81.40035906642728,0.9735945417653745,3345,0.9730490128494377,0.4712606099879957,0.5023339317773788,0.05655296229802514,0.9724113345146179,0.9998479759703514
1,arabic,ours,21,18.36621271076524,0.8908140077821012,81.50807899461401,0.9735945417653745,3343,0.971845641393971,0.4719787428425738,0.5016157989228007,0.02423698384201077,0.9704442620277405,0.9998237923009583
1,arabic,ours,22,18.1689364461738,0.8916396887159534,81.7773788150808,0.9735945417653745,3346,0.9700157288160003,0.48400746815675694,0.4895870736086176,0.015978456014362655,0.9703951478004456,0.9995571885982827
1,arabic,ours,23,18.1689364461738,0.8907148508430609,81.68761220825853,0.9735945417653745,3342,0.9716655310819023,0.4788010049610657,0.4947935368043088,0.010412926391382405,0.9733123183250427,0.9998614815118344
1,arabic,ours,24,18.402334630350197,0.889956420233463,80.80789946140035,0.9735945417653745,3344,0.9729280122662474,0.5353539672590908,0.4382405745062837,0.05134649910233393,0.9739229083061218,0.9991111685599151
1,arabic,ours,25,18.13281452658885,0.8901080415045395,81.63375224416517,0.9735945417653745,3343,0.971993402003611,0.47898053817471026,0.49461400359066426,0.013464991023339317,0.9726584553718567,0.9998751112435457
1,arabic,ours,26,17.98832684824903,0.8921922827496758,81.45421903052065,0.9735945417653745,3344,0.9707608647863016,0.49226599598440507,0.48132854578096945,0.04308797127468582,0.9735399484634399,0.9998681869869188
1,arabic,ours,27,17.86050583657588,0.8927911802853437,82.01077199281868,0.9735945417653745,3343,0.9711370430708679,0.4665927464332381,0.5070017953321364,0.013464991023339317,0.9752488136291504,0.9999604487784381
1,arabic,ours,28,18.14948119325551,0.891454345006485,81.50807899461401,0.9735945417653745,3345,0.972976197524262,0.4795191378156438,0.4940754039497307,0.01526032315978456,0.9757459163665771,0.9999607399898878
1,arabic,ours,29,17.79105058365759,0.8932437094682232,82.2262118491921,0.9735945417653745,3343,0.9704655420824322,0.45043475720523085,0.5231597845601437,0.01615798922800718,0.9754286408424377,0.9999717892522313
1,arabic,ours,30,17.79105058365759,0.8938342412451361,81.8491921005386,0.9735945417653745,3343,0.9690202274582346,0.4814940031657336,0.4921005385996409,0.01059245960502693,0.9765132069587708,0.999966565220916
1,arabic,ours,31,17.702140077821017,0.8943577821011675,82.24416517055656,0.9735945417653745,3348,0.9678640131964827,0.46749041250146073,0.5061041292639138,0.017055655296229804,0.9764330983161926,0.9999644872980753
1,arabic,ours,32,17.68268482490273,0.8943615434500649,81.8491921005386,0.9735945417653745,3343,0.9673104273205975,0.4861618667204912,0.4874326750448833,0.007899461400359067,0.9761382341384888,0.999936238270493
1,arabic,tent,0,22.834111543450064,0.8453049286640726,63.28545780969479,0.9735945417653745,0,1.0,0.09406132812085033,0.8795332136445242,,0.9628236293792725,0.008250713348388672
1,arabic,tent,1,46.089364461738,0.5391429312581064,54.721723518850986,0.9735945417653745,0,0.34305527755861753,0.017069731125110232,0.9906642728904848,0.1111310592459605,0.9985268115997314,0.0
1,arabic,tent,2,48.37684824902724,0.5162278858625162,54.147217235188506,0.9735945417653745,0,0.21724176649188146,0.023173860389024026,0.9967684021543985,0.11723518850987433,0.9994714856147766,0.0
1,arabic,tent,3,49.54695201037614,0.5045311284046692,53.931777378815084,0.9735945417653745,0,0.12048706527531863,0.025687325380047366,0.9992818671454219,0.008617594254937163,0.9998085498809814,0.0
1,arabic,tent,4,49.961089494163424,0.5003891050583658,53.85996409335727,0.9735945417653745,0,0.032972411456539154,0.02640545823462548,1.0,0.003231597845601436,1.0,0.0
1,arabic,tent,5,50.0,0.5,53.85996409335727,0.9735945417653745,0,0.0,0.02640545823462548,1.0,0.000718132854578097,1.0,0.0
1,arabic,tent,6,50.0,0.5,53.85996409335727,0.9735945417653745,0,0.0,0.02640545823462548,1.0,0.0,1.0,0.0
1,arabic,tent,7,50.0,0.5,53.85996409335727,0.9735945417653745,0,0.0,0.02640545823462548,1.0,0.0,1.0,0.0
1,arabic,tent,8,50.0,0.5,53.85996409335727,0.9735945417653745,0,0.0,0.02640545823462548,1.0,0.0,1.0,0.0
1,arabic,tent,9,50.0,0.5,53.85996409335727,0.9735945417653745,0,0.0,0.02640545823462548,1.0,0.0,1.0,0.0
1,arabic,tent,10,50.0,0.5,53.85996409335727,0.9735945417653745,0,0.0,0.02640545823462548,1.0,0.0,1.0,0.0
1,arabic,tent,11,50.0,0.5,53.85996409335727,0.9735945417653745,0,0.0,0.02640545823462548,1.0,0.0,1.0,0.0
1,arabic,tent,12,50.0,0.5,53.85996409335727,0.9735945417653745,0,0.0,0.02640545823462548,1.0,0.0,1.0,0.0
1,arabic,tent,13,50.0,0.5,53.85996409335727,0.9735945417653745,0,0.0,0.02640545823462548,1.0,0.0,1.0,0.0
1,arabic,tent,14,50.0,0.5,53.85996409335727,0.9735945417653745,0,0.0,0.02640545823462548,1.0,0.0,1.0,0.0
1,arabic,tent,15,50.0,0.5,53.85996409335727,0.9735945417653745,0,0.0,0.02640545823462548,1.0,0.0,1.0,0.0
1,arabic,tent,16,50.0,0.5,53.85996409335727,0.9735945417653745,0,0.0,0.02640545823462548,1.0,0.0,1.0,0.0
1,arabic,tent,17,50.0,0.5,53.85996409335727,0.9735945417653745,0,0.0,0.02640545823462548,1.0,0.0,1.0,0.0
1,arabic,tent,18,50.0,0.5,53.85996409335727,0.9735945417653745,0,0.0,0.02640545823462548,1.0,0.0,1.0,0.0
1,arabic,tent,19,50.0,0.5,53.85996409335727,0.9735945417653745,0,0.0,0.02640545823462548,1.0,0.0,1.0,0.0
1,arabic,tent,20,50.0,0.5,53.85996409335727,0.9735945417653745,0,0.0,0.02640545823462548,1.0,0.0,1.0,0.0
1,arabic,tent,21,50.0,0.5,53.85996409335727,0.9735945417653745,0,0.0,0.02640545823462548,1.0,0.0,1.0,0.0
1,arabic,tent,22,50.0,0.5,53.85996409335727,0.9735945417653745,0,0.0,0.02640545823462548,1.0,0.0,1.0,0.0
1,arabic,tent,23,50.0,0.5,53.85996409335727,0.9735945417653745,0,0.0,0.02640545823462548,1.0,0.0,1.0,0.0
1,arabic,tent,24,50.0,0.5,53.85996409335727,0.9735945417653745,0,0.0,0.02640545823462548,1.0,0.0,1.0,0.0
1,arabic,tent,25,50.0,0.5,53.85996409335727,0.9735945417653745,0,0.0,0.02640545823462548,1.0,0.0,1.0,0.0
1,arabic,tent,26,50.0,0.5,53.85996409335727,0.9735945417653745,0,0.0,0.02640545823462548,1.0,0.0,1.0,0.0
1,arabic,tent,27,50.0,0.5,53.85996409335727,0.9735945417653745,0,0.0,0.02640545823462548,1.0,0.0,1.0,0.0
1,arabic,tent,28,50.0,0.5,53.85996409335727,0.9735945417653745,0,0.0,0.02640545823462548,1.0,0.0,1.0,0.0
1,arabic,tent,29,50.0,0.5,53.85996409335727,0.9735945417653745,0,0.0,0.02640545823462548,1.0,0.0,1.0,0.0
1,arabic,tent,30,50.0,0.5,53.85996409335727,0.9735945417653745,0,0.0,0.02640545823462548,1.0,0.0,1.0,0.0
1,arabic,tent,31,50.0,0.5,53.85996409335727,0.9735945417653745,0,0.0,0.02640545823462548,1.0,0.0,1.0,0.0
1,arabic,tent,32,50.0,0.5,53.85996409335727,0.9735945417653745,0,0.0,0.02640545823462548,1.0,0.0,1.0,0.0
2,asvspoof2019,ours,0,3.5135658914728696,0.9934936046511629,78.36917562724014,0.8100782592097728,0,1.0,0.05792772157536419,0.7521505376344086,,0.9353111386299133,0.28977352380752563
2,asvspoof2019,ours,1,2.8620155038759685,0.9956824935400517,97.11469534050178,0.8100782592097728,4068,0.9865571110684167,0.28911051727428894,0.5209677419354839,0.23118279569892472,0.9878146052360535,0.9999417087346956
2,asvspoof2019,ours,2,2.706589147286823,0.9962722222222222,94.26523297491039,0.8100782592097728,3829,0.9681792558753844,0.32943309791945025,0.4806451612903226,0.271505376344086,0.9875796437263489,0.9999982056190901
2,asvspoof2019,ours,3,2.922868217054265,0.9960928940568476,88.17204301075269,0.8100782592097728,3384,0.9544729658509786,0.3907234205000954,0.41935483870967744,0.10161290322580645,0.9791848063468933,0.999263342184571
2,asvspoof2019,ours,4,2.920155038759689,0.9959140180878553,89.40860215053763,0.8100782592097728,3349,0.9558091607521535,0.37835782910224597,0.43172043010752686,0.0489247311827957,0.9761155843734741,0.9994231647376466
2,asvspoof2019,ours,5,2.6178294573643424,0.9961160206718346,88.85304659498208,0.8100782592097728,3349,0.9545491520046042,0.3839133846578015,0.42616487455197133,0.01039426523297491,0.9732507467269897,0.9988304010084406
2,asvspoof2019,ours,6,2.6178294573643424,0.9961939276485788,91.18279569892474,0.8100782592097728,3351,0.9562898421570821,0.360615893618375,0.44946236559139785,0.017741935483870968,0.9769335389137268,0.9998726278925183
2,asvspoof2019,ours,7,2.634496124031007,0.9962532945736434,91.54121863799283,0.8100782592097728,3353,0.9571298064886172,0.357031664227694,0.45304659498207883,0.026881720430107527,0.9794071316719055,0.9999397932121056
2,asvspoof2019,ours,8,2.6151162790697664,0.9963166020671834,91.72043010752688,0.8100782592097728,3349,0.9569506746058988,0.3552395495323535,0.45483870967741935,0.0064516129032258064,0.9804750680923462,0.9999560099531941
2,asvspoof2019,ours,9,2.562403100775191,0.996370865633075,91.45161290322581,0.8100782592097728,3353,0.960199687243559,0.35792772157536423,0.4521505376344086,0.004838709677419355,0.985222339630127,0.9999938358202876
2,asvspoof2019,ours,10,2.5263565891472863,0.9963266795865633,91.20071684587813,0.8100782592097728,3348,0.9560578017364836,0.36043668214884095,0.4496415770609319,0.006989247311827957,0.9779321551322937,0.999836562889616
2,asvspoof2019,ours,11,2.5984496124031016,0.9963928294573643,89.01433691756272,0.8100782592097728,3351,0.9550262404758393,0.3823004814319951,0.42777777777777776,0.024372759856630826,0.9786354899406433,0.9995315787737415
2,asvspoof2019,ours,12,2.562403100775191,0.9963893410852714,89.33691756272401,0.8100782592097728,3348,0.9557942967954175,0.37907467498038216,0.43100358422939067,0.01863799283154122,0.9801534414291382,0.9998007175994029
2,asvspoof2019,ours,13,2.5096899224806215,0.9964453488372094,89.55197132616487,0.8100782592097728,3349,0.9560954485355141,0.3769241373459736,0.43315412186379926,0.0064516129032258064,0.9819596409797668,0.9998804329587987
2,asvspoof2019,ours,14,2.562403100775191,0.9964248062015504,89.13978494623656,0.8100782592097728,3351,0.9556883281335726,0.3810460011452567,0.4290322580645161,0.0034050179211469536,0.9798656702041626,0.9998042463018468
2,asvspoof2019,ours,15,2.4375968992248054,0.9965188630490955,88.49462365591397,0.8100782592097728,3349,0.9546449450626268,0.3874976140484825,0.42258064516129035,0.01129032258064516,0.9794523119926453,0.999721431661649
2,asvspoof2019,ours,16,2.4736434108527106,0.9964746124031008,88.47670250896057,0.8100782592097728,3350,0.9546619450465716,0.3876768255180166,0.42240143369175626,0.006989247311827957,0.9804648756980896,0.9997480392162047
2,asvspoof2019,ours,17,2.45426356589147,0.996480103359173,90.26881720430107,0.8100782592097728,3349,0.956343389401094,0.36975567856461156,0.4403225806451613,0.017741935483870968,0.9828319549560547,0.9999599456385249
2,asvspoof2019,ours,18,2.418217054263565,0.9965155684754522,90.68100358422939,0.8100782592097728,3353,0.956316405757777,0.3652753918262603,0.44480286738351255,0.022401433691756272,0.982007622718811,0.9999599456385249
2,asvspoof2019,ours,19,2.3294573643410845,0.9965790697674418,90.46594982078852,0.8100782592097728,3354,0.9567052674107451,0.3674259294606689,0.44265232974910396,0.0030465949820788533,0.9851429462432861,0.9999796032790444
2,asvspoof2019,ours,20,2.3461240310077494,0.996577842377261,88.97849462365592,0.8100782592097728,3352,0.9535199318090642,0.3823004814319951,0.42777777777777776,0.017025089605734768,0.9808238744735718,0.9997910976231587
2,asvspoof2019,ours,21,2.4015503875969,0.9967475452196382,90.41218637992831,0.8100782592097728,3352,0.9545076278580804,0.36796356386927104,0.4421146953405018,0.0012544802867383513,0.9837579131126404,0.9999623296183322
2,asvspoof2019,ours,22,2.3267441860465086,0.9968499354005167,88.47670250896057,0.8100782592097728,3352,0.952314648249049,0.3876768255180166,0.42240143369175626,0.006810035842293907,0.9820671081542969,0.9998439550066626
2,asvspoof2019,ours,23,2.38488372093023,0.9967980620155039,89.92831541218638,0.8100782592097728,3353,0.9585568593758597,0.3728022735466904,0.43727598566308246,0.005913978494623656,0.9870125651359558,0.9999971389713667
2,asvspoof2019,ours,24,2.348837209302325,0.9968039405684754,89.13978494623656,0.8100782592097728,3354,0.9523161083034117,0.3806875782061886,0.42939068100358424,0.007706093189964158,0.9824759364128113,0.9999055623764438
2,asvspoof2019,ours,25,2.293410852713179,0.9969007105943152,87.34767025089606,0.8100782592097728,3349,0.9510317737912515,0.3986087251595936,0.4114695340501792,0.025806451612903226,0.9827338457107544,0.9998293101721966
2,asvspoof2019,ours,26,2.2406976744186036,0.9969414082687338,88.24372759856631,0.8100782592097728,3351,0.9529454223810405,0.38964815168289113,0.4204301075268817,0.008960573476702509,0.9852563738822937,0.9999601244900762
2,asvspoof2019,ours,27,2.2406976744186036,0.9970198320413436,87.34767025089606,0.8100782592097728,3355,0.950999000946464,0.39896714809866174,0.4111111111111111,0.0035842293906810036,0.9850148558616638,0.9999210834472185
2,asvspoof2019,ours,28,2.3294573643410845,0.9969490956072352,89.49820788530467,0.8100782592097728,3352,0.9542564488433126,0.3771033488155076,0.4329749103942652,0.012544802867383513,0.9862253665924072,0.9999912977117021
2,asvspoof2019,ours,29,2.2406976744186036,0.9969520025839793,90.17921146953405,0.8100782592097728,3351,0.9552382387068922,0.3702933129732137,0.4397849462365591,0.02867383512544803,0.9868186712265015,0.9999978542228122
2,asvspoof2019,ours,30,2.2213178294573637,0.996974354005168,88.27956989247312,0.8100782592097728,3349,0.9504077706295281,0.389289728743823,0.42078853046594983,0.012186379928315413,0.9857693314552307,0.9999582171431246
2,asvspoof2019,ours,31,2.168604651162788,0.9969554263565892,88.9247311827957,0.8100782592097728,3353,0.9530702889686866,0.3828381158405972,0.42724014336917565,0.012544802867383513,0.9880726337432861,0.9999948740004717
2,asvspoof2019,ours,32,2.1492248062015475,0.9970098837209301,87.93906810035843,0.8100782592097728,3358,0.9472118815454754,0.39269474666496995,0.4173835125448029,0.004480286738351254,0.9850943684577942,0.9998933315261518
2,asvspoof2019,tent,0,3.5135658914728696,0.9934936046511629,78.36917562724014,0.8100782592097728,0,1.0,0.05792772157536419,0.7521505376344086,,0.9353111386299133,0.28977352380752563
2,asvspoof2019,tent,1,19.49922480620155,0.805269379844961,75.3763440860215,0.8100782592097728,0,0.8274907711751869,0.027282560285041613,0.7827956989247312,0.03064516129032258,0.9947648048400879,0.0
2,asvspoof2019,tent,2,8.644573643410853,0.9153939276485789,88.08243727598565,0.8100782592097728,0,0.913820160674209,0.1575692986362961,0.6525089605734767,0.0996415770609319,0.9962711930274963,0.9999999835771683
2,asvspoof2019,tent,3,31.62248062015504,0.6838567183462532,66.52329749103943,0.8100782592097728,0,0.6811841309403088,0.061964751542915364,0.8720430107526882,0.08924731182795699,0.9973228573799133,0.0
2,asvspoof2019,tent,4,48.17829457364341,0.5182170542635659,54.40860215053763,0.8100782592097728,0,0.23161331525195933,0.18347012788700134,0.9935483870967742,0.3410394265232975,0.9994126558303833,0.0
2,asvspoof2019,tent,5,49.05038759689923,0.5094961240310077,54.19354838709678,0.8100782592097728,0,0.1679449385657648,0.18562066552141,0.9956989247311828,0.12365591397849462,0.9997334480285645,0.0
2,asvspoof2019,tent,6,49.651162790697676,0.5034883720930232,53.81720430107527,0.8100782592097728,0,0.10224840584835328,0.18938410638162506,0.9994623655913979,0.005913978494623656,0.9997457265853882,0.0
2,asvspoof2019,tent,7,49.41860465116279,0.5058139534883721,53.9247311827957,0.8100782592097728,0,0.13149406733645816,0.18830883756442074,0.9983870967741936,0.002688172043010753,0.9997776746749878,0.0
2,asvspoof2019,tent,8,49.593023255813954,0.5040697674418604,53.888888888888886,0.8100782592097728,0,0.11045167802166919,0.1886672605034888,0.9987455197132616,0.0007168458781362007,0.9999548196792603,0.0
2,asvspoof2019,tent,9,49.86434108527132,0.5013565891472869,53.76344086021505,0.8100782592097728,0,0.063872961204584,0.18992174079022717,1.0,0.0016129032258064516,0.9999343752861023,0.0
2,asvspoof2019,tent,10,50.0,0.5,53.76344086021505,0.8100782592097728,0,0.0,0.18992174079022717,1.0,0.0012544802867383513,1.0,0.0
2,asvspoof2019,tent,11,50.0,0.5,53.76344086021505,0.8100782592097728,0,0.0,0.18992174079022717,1.0,0.0,1.0,0.0
2,asvspoof2019,tent,12,50.0,0.5,53.76344086021505,0.8100782592097728,0,0.0,0.18992174079022717,1.0,0.0,1.0,0.0
2,asvspoof2019,tent,13,50.0,0.5,53.76344086021505,0.8100782592097728,0,0.0,0.18992174079022717,1.0,0.0,1.0,0.0
2,asvspoof2019,tent,14,50.0,0.5,53.76344086021505,0.8100782592097728,0,0.0,0.18992174079022717,1.0,0.0,1.0,0.0
2,asvspoof2019,tent,15,50.0,0.5,53.76344086021505,0.8100782592097728,0,0.0,0.18992174079022717,1.0,0.0,1.0,0.0
2,asvspoof2019,tent,16,50.0,0.5,53.76344086021505,0.8100782592097728,0,0.0,0.18992174079022717,1.0,0.0,1.0,0.0
2,asvspoof2019,tent,17,50.0,0.5,53.76344086021505,0.8100782592097728,0,0.0,0.18992174079022717,1.0,0.0,1.0,0.0
2,asvspoof2019,tent,18,50.0,0.5,53.76344086021505,0.8100782592097728,0,0.0,0.18992174079022717,1.0,0.0,1.0,0.0
2,asvspoof2019,tent,19,50.0,0.5,53.76344086021505,0.8100782592097728,0,0.0,0.18992174079022717,1.0,0.0,1.0,0.0
2,asvspoof2019,tent,20,50.0,0.5,53.76344086021505,0.8100782592097728,0,0.0,0.18992174079022717,1.0,0.0,1.0,0.0
2,asvspoof2019,tent,21,50.0,0.5,53.76344086021505,0.8100782592097728,0,0.0,0.18992174079022717,1.0,0.0,1.0,0.0
2,asvspoof2019,tent,22,50.0,0.5,53.76344086021505,0.8100782592097728,0,0.0,0.18992174079022717,1.0,0.0,1.0,0.0
2,asvspoof2019,tent,23,50.0,0.5,53.76344086021505,0.8100782592097728,0,0.0,0.18992174079022717,1.0,0.0,1.0,0.0
2,asvspoof2019,tent,24,50.0,0.5,53.76344086021505,0.8100782592097728,0,0.0,0.18992174079022717,1.0,0.0,1.0,0.0
2,asvspoof2019,tent,25,50.0,0.5,53.76344086021505,0.8100782592097728,0,0.0,0.18992174079022717,1.0,0.0,1.0,0.0
2,asvspoof2019,tent,26,50.0,0.5,53.76344086021505,0.8100782592097728,0,0.0,0.18992174079022717,1.0,0.0,1.0,0.0
2,asvspoof2019,tent,27,50.0,0.5,53.76344086021505,0.8100782592097728,0,0.0,0.18992174079022717,1.0,0.0,1.0,0.0
2,asvspoof2019,tent,28,50.0,0.5,53.76344086021505,0.8100782592097728,0,0.0,0.18992174079022717,1.0,0.0,1.0,0.0
2,asvspoof2019,tent,29,50.0,0.5,53.76344086021505,0.8100782592097728,0,0.0,0.18992174079022717,1.0,0.0,1.0,0.0
2,asvspoof2019,tent,30,50.0,0.5,53.76344086021505,0.8100782592097728,0,0.0,0.18992174079022717,1.0,0.0,1.0,0.0
2,asvspoof2019,tent,31,50.0,0.5,53.76344086021505,0.8100782592097728,0,0.0,0.18992174079022717,1.0,0.0,1.0,0.0
2,asvspoof2019,tent,32,50.0,0.5,53.76344086021505,0.8100782592097728,0,0.0,0.18992174079022717,1.0,0.0,1.0,0.0
2,dataset2,ours,0,33.393670460326845,0.7372543257966059,66.44929165729705,0.5437434328243229,0,1.0,0.011024746069207114,0.5327186867551158,,0.9015065431594849,0.8779333144426346
2,dataset2,ours,1,33.48366516223533,0.7327058191177322,66.80908477625366,0.5437434328243229,2669,0.9967347237689549,0.09512638762531234,0.4486170451990106,0.08410164155610524,0.9542680382728577,0.9935884899343363
2,dataset2,ours,2,33.932616694614204,0.7271800594244306,65.59478299977512,0.5437434328243229,2671,0.9938814416990126,0.030813367611820075,0.5129300652125028,0.035529570496964244,0.9518583416938782,0.9973193830694072
2,dataset2,ours,3,34.02363337368626,0.7297823573147864,66.561727006971,0.5437434328243229,2669,0.9929629852988924,0.06656780880813223,0.4771756240161907,0.03350573420283337,0.9562646150588989,0.9947851921817346
2,dataset2,ours,4,34.29259550224815,0.7268409856150138,65.66224420957948,0.5437434328243229,2673,0.9904562299437465,0.03643513509551699,0.5073082977288059,0.021812457836743872,0.9582724571228027,0.998588152051525
2,dataset2,ours,5,34.337592853202395,0.724379538438686,65.52732178997077,0.5437434328243229,2671,0.9883419812858819,0.0341864281020382,0.5095570047222847,0.0350798290982685,0.9578024744987488,0.998748771857936
2,dataset2,ours,6,34.15760344938541,0.7248215182654639,66.13447267821003,0.5437434328243229,2671,0.9877261291728078,0.08613155965139735,0.45761187317292557,0.049696424555880366,0.9556048512458801,0.9937410645907221
2,dataset2,ours,7,34.0686307246405,0.7250860180976977,65.68473127951428,0.5437434328243229,2671,0.9860382948587743,0.03576052299747334,0.5079829098268496,0.011918147065437373,0.9613586664199829,0.9992297076591058
2,dataset2,ours,8,34.787566362744826,0.7201567490360024,65.57229592984034,0.5437434328243229,2669,0.9852145771279314,0.07646211957943871,0.4672813132448842,0.015516078255003373,0.9669962525367737,0.9995202973706909
2,dataset2,ours,9,34.17856915911719,0.7223371018994205,65.68473127951428,0.5437434328243229,2669,0.9826603181777436,0.03755948859225633,0.5061839442320666,0.012143017764785248,0.9611889719963074,0.9991759282187558
2,dataset2,ours,10,34.22561046439857,0.7251003864895025,65.70721834944906,0.5437434328243229,2668,0.9807243527009404,0.0355356522981255,0.5082077805261974,0.04227569147740049,0.9632378220558167,0.9993448858294869
2,dataset2,ours,11,34.472584906065116,0.7210848257235497,65.59478299977512,0.5437434328243229,2670,0.9783796962045819,0.03576052299747334,0.5079829098268496,0.024286035529570496,0.9619568586349487,0.9993237075803335
2,dataset2,ours,12,34.338614830365955,0.7227710880434338,65.68473127951428,0.5437434328243229,2668,0.9799128293241918,0.04925276495834585,0.49449066786597706,0.015965819653699122,0.9630022048950195,0.9993483213416766
2,dataset2,ours,13,34.3606025172613,0.7232607264092256,65.88711490892737,0.5437434328243229,2669,0.9816059862464664,0.09535125832466024,0.4483921744996627,0.05959073532718687,0.9646232724189758,0.9984219550238776
2,dataset2,ours,14,34.248620128457475,0.7224217944623812,65.88711490892737,0.5437434328243229,2669,0.9792803533587132,0.05487453244204271,0.4888689003822802,0.012817629862828873,0.967771589756012,0.9997716363417567
2,dataset2,ours,15,34.27060781535281,0.7237433829508306,65.97706318866652,0.5437434328243229,2669,0.9801876252138771,0.08500720615465795,0.45873622666966496,0.011693276366089498,0.9678351283073425,0.9993129801385293
2,dataset2,ours,16,34.24759815129391,0.7219612976236298,65.77467955925343,0.5437434328243229,2668,0.9779642826666295,0.05779785153356509,0.4859455812907578,0.009219698673262874,0.967947781085968,0.999613414313717
2,dataset2,ours,17,34.24759815129391,0.7212743468351696,65.61727006970992,0.5437434328243229,2669,0.9766192392898522,0.06252013621987046,0.48122329660445246,0.022936811333483246,0.9693862795829773,0.9997103739427984
2,dataset2,ours,18,34.337592853202395,0.7196346300098636,65.66224420957948,0.5437434328243229,2668,0.9768350905465879,0.07331392978856849,0.4704295030357544,0.015516078255003373,0.9707303643226624,0.9995785048135076
2,dataset2,ours,19,34.427587555110875,0.7200753956063481,65.61727006970992,0.5437434328243229,2668,0.9756183422989575,0.0710652227950897,0.4726782100292332,0.0098943107713065,0.9704570770263672,0.9995968546436416
2,dataset2,ours,20,34.40559986821554,0.7287433809271134,66.561727006971,0.5437434328243229,2670,0.9797567511138235,0.09220306853378996,0.45154036429053296,0.027434225320440746,0.9722511768341064,0.9990096532415009
2,dataset2,ours,21,34.56257960797361,0.7208310515922405,65.3024510906229,0.5437434328243229,2674,0.9759042704023856,0.043181256075953245,0.5005621767483697,0.029233190915223747,0.9722912907600403,0.9998965812977986
2,dataset2,ours,22,34.60757695892786,0.7210514343904827,65.66224420957948,0.5437434328243229,2671,0.9752151954694487,0.06252013621987046,0.48122329660445246,0.029682932313919497,0.9715627431869507,0.9996425919955072
2,dataset2,ours,23,34.63058662298676,0.7191554137874232,65.41488644029683,0.5437434328243229,2669,0.9735355372059523,0.053300437546607626,0.4904429952777153,0.013717112660220373,0.9730122089385986,0.999851107102586
2,dataset2,ours,24,34.63058662298676,0.7225498957583293,65.79716662918823,0.5437434328243229,2670,0.9753131077843576,0.07736160237683021,0.4663818304474927,0.015291207555655498,0.9712415933609009,0.9993140987175139
2,dataset2,ours,25,34.382590204156635,0.7228576019518348,65.77467955925343,0.5437434328243229,2669,0.9722722762464336,0.05824759293226084,0.4854958398920621,0.00944456937261075,0.9730916023254395,0.9997592271698522
2,dataset2,ours,26,34.3606025172613,0.7223213169056071,65.9995502586013,0.5437434328243229,2670,0.9729817311735701,0.07263931769052484,0.4711041151337981,0.007420733078479874,0.9755895733833313,0.999767841366247
2,dataset2,ours,27,34.585589272032514,0.7191102848948537,65.66224420957948,0.5437434328243229,2668,0.9685731831899517,0.06701755020682798,0.47672588261749493,0.011468405666741623,0.9716988205909729,0.9993287544511986
2,dataset2,ours,28,34.382590204156635,0.716787462343683,65.59478299977512,0.5437434328243229,2674,0.9693747243087613,0.04565483376877988,0.49808859905554304,0.027434225320440746,0.9764364361763,0.9999453281379829
2,dataset2,ours,29,34.337592853202395,0.718341171189877,65.70721834944906,0.5437434328243229,2672,0.9675290324388806,0.04767867006291071,0.4960647627614122,0.01933888014391725,0.9754370450973511,0.9999067166791065
2,dataset2,ours,30,34.20260080033965,0.7158889319266071,65.81965369912301,0.5437434328243229,2672,0.9654159350336629,0.04565483376877988,0.49808859905554304,0.012143017764785248,0.9766437411308289,0.9999449026916409
2,dataset2,ours,31,34.337592853202395,0.7131765438229878,65.52732178997077,0.5437434328243229,2669,0.9616755385676092,0.037784359291604175,0.5059590735327187,0.013941983359568248,0.9740410447120667,0.9998508754331852
2,dataset2,ours,32,34.27060781535281,0.7172890406406928,65.68473127951428,0.5437434328243229,2668,0.965931558892868,0.0649937139126971,0.4787497189116258,0.019788621542613,0.9789633750915527,0.9999290004047907
2,dataset2,tent,0,33.393670460326845,0.7372543257966059,66.44929165729705,0.5437434328243229,0,1.0,0.011024746069207114,0.5327186867551158,,0.9015065431594849,0.8779333144426346
2,dataset2,tent,1,32.538720792196216,0.7465549251002045,67.70856757364515,0.5437434328243229,0,0.9821515797863205,0.2903141546592678,0.2534292781650551,0.27928940859006074,0.9932349920272827,0.00010294925738969923
2,dataset2,tent,2,32.26975866363433,0.7430581442270837,68.0008994827974,0.5437434328243229,0,0.9809964399039407,0.28109445598600497,0.26264897683831795,0.27006970991679785,0.9948814511299133,9.343927376895034e-05
2,dataset2,tent,3,32.15471034333981,0.744777797880035,67.64110636384079,0.5437434328243229,0,0.9793568321534472,0.300883077528618,0.24286035529570496,0.011018664268045873,0.9959556460380554,1.4491789457335014e-08
2,dataset2,tent,4,32.382763029601726,0.7305142346241006,68.54058916123229,0.5437434328243229,0,0.9745067091104561,0.19249540044294222,0.3512480323813807,0.08859905554306274,0.995658814907074,0.9999997615814209
2,dataset2,tent,5,31.841772840987236,0.7499526450185595,68.06836069260176,0.5437434328243229,0,0.9760655379657162,0.3038063966201403,0.2399370362041826,0.011018664268045873,0.9971882104873657,1.573710259328287e-11
2,dataset2,tent,6,31.570766758098213,0.7589473594740925,66.67416235664493,0.5437434328243229,0,0.9717817058710794,0.36182303705189206,0.18192039577243085,0.16932763660894987,0.9986642599105835,2.5261637080623358e-20
2,dataset2,tent,7,31.3948652629355,0.7634129949354453,65.03260625140544,0.5437434328243229,0,0.9652724409740517,0.39308006426124664,0.15066336856307624,0.08927366764110636,0.9982175230979919,1.853753331568111e-26
2,dataset2,tent,8,31.687859032719867,0.75804913261459,65.68473127951428,0.5437434328243229,0,0.9693120830535502,0.3829608827905923,0.1607825500337306,0.021137845738700246,0.9985141754150391,1.5521286974863213e-25
2,dataset2,tent,9,31.14380291261468,0.758552329885324,61.929390600404766,0.5437434328243229,0,0.9409045224119551,0.43130808315038544,0.11243534967393748,0.038228018889138744,0.9986009001731873,3.625141007634431e-34
2,dataset2,tent,10,29.806550853381285,0.7428872413132952,56.307623116707894,0.5437434328243229,0,0.8415772678004487,0.49202317197431167,0.051720260850011246,0.10906228918371937,0.998609721660614,5.521115949439779e-42
2,dataset2,tent,11,29.409629089072286,0.7280084680420659,55.18326961996852,0.5437434328243229,0,0.7964426387779783,0.5032667069417054,0.0404767258826175,0.07195862379132,0.9984545707702637,2.2420775429197073e-44
2,dataset2,tent,12,29.739879491690818,0.716556859773805,51.27051945131549,0.5437434328243229,0,0.7362806328919256,0.5423942086282356,0.0013492241960872497,0.05037103665392399,0.9997484683990479,0.0
2,dataset2,tent,13,30.655621623174962,0.7025652841035804,51.158084101641556,0.5437434328243229,0,0.6953066561017087,0.5435185621249751,0.00022487069934787497,0.04025185518326962,0.999955415725708,0.0
2,dataset2,tent,14,30.678631287233866,0.7021205722586423,51.13559703170677,0.5437434328243229,0,0.6845673062455515,0.5437434328243229,0.0,0.0013492241960872497,1.0,0.0
2,dataset2,tent,15,30.567670875593606,0.7027700842797245,51.13559703170677,0.5437434328243229,0,0.6841056950769144,0.5437434328243229,0.0,0.00022487069934787497,1.0,0.0
2,dataset2,tent,16,30.770669943469485,0.701190168296366,51.13559703170677,0.5437434328243229,0,0.6829258934223068,0.5437434328243229,0.0,0.0,1.0,0.0
2,dataset2,tent,17,30.932759569045388,0.6993116528467022,51.13559703170677,0.5437434328243229,0,0.664353310035413,0.5437434328243229,0.0,0.0,1.0,0.0
2,dataset2,tent,18,31.02377624811744,0.6985370751054053,51.13559703170677,0.5437434328243229,0,0.6623336647841804,0.5437434328243229,0.0,0.0,1.0,0.0
2,dataset2,tent,19,31.02377624811744,0.6985370751054053,51.13559703170677,0.5437434328243229,0,0.6623336647841804,0.5437434328243229,0.0,0.0,1.0,0.0
2,dataset2,tent,20,31.02377624811744,0.6985370751054053,51.13559703170677,0.5437434328243229,0,0.6623336647841804,0.5437434328243229,0.0,0.0,1.0,0.0
2,dataset2,tent,21,31.02377624811744,0.6985372774771208,51.13559703170677,0.5437434328243229,0,0.6623342391244966,0.5437434328243229,0.0,0.0,1.0,0.0
2,dataset2,tent,22,30.88980617241827,0.6994605984293527,51.13559703170677,0.5437434328243229,0,0.662715246851093,0.5437434328243229,0.0,0.0,1.0,0.0
2,dataset2,tent,23,30.88980617241827,0.6994445098779659,51.13559703170677,0.5437434328243229,0,0.6626949834717031,0.5437434328243229,0.0,0.0,1.0,0.0
2,dataset2,tent,24,30.88980617241827,0.6994445098779659,51.13559703170677,0.5437434328243229,0,0.6626949834717031,0.5437434328243229,0.0,0.0,1.0,0.0
2,dataset2,tent,25,30.88980617241827,0.6994445098779659,51.13559703170677,0.5437434328243229,0,0.6626949834717031,0.5437434328243229,0.0,0.0,1.0,0.0
2,dataset2,tent,26,30.88980617241827,0.6994445098779659,51.13559703170677,0.5437434328243229,0,0.6626949834717031,0.5437434328243229,0.0,0.0,1.0,0.0
2,dataset2,tent,27,30.88980617241827,0.6994456229224014,51.13559703170677,0.5437434328243229,0,0.6627072152902128,0.5437434328243229,0.0,0.0,1.0,0.0
2,dataset2,tent,28,30.88980617241827,0.6994455217365436,51.13559703170677,0.5437434328243229,0,0.6627097111663307,0.5437434328243229,0.0,0.0,1.0,0.0
2,dataset2,tent,29,30.88980617241827,0.6994500751001437,51.13559703170677,0.5437434328243229,0,0.6627032913796836,0.5437434328243229,0.0,0.0,1.0,0.0
2,dataset2,tent,30,30.88980617241827,0.6994493667991393,51.13559703170677,0.5437434328243229,0,0.6627032602536728,0.5437434328243229,0.0,0.0,1.0,0.0
2,dataset2,tent,31,30.88980617241827,0.6994493667991393,51.13559703170677,0.5437434328243229,0,0.6627032602536728,0.5437434328243229,0.0,0.0,1.0,0.0
2,dataset2,tent,32,30.82179915740512,0.7000213704531629,51.13559703170677,0.5437434328243229,0,0.6628277937192675,0.5437434328243229,0.0,0.0,1.0,0.0
2,in_the_wild,ours,0,12.466666666666667,0.9394881666666666,72.15,0.8158928571428571,0,1.0,0.04105952380952371,0.7748333333333334,,0.9662744402885437,0.05081381201744073
2,in_the_wild,ours,1,10.633333333333331,0.9590963333333333,87.53333333333333,0.8158928571428571,3612,0.9858483991942465,0.23489285714285713,0.581,0.19383333333333333,0.9722006916999817,0.9985509079648182
2,in_the_wild,ours,2,10.133333333333336,0.9635965,89.71666666666667,0.8158928571428571,3604,0.9764046052211691,0.2957261904761904,0.5201666666666667,0.25466666666666665,0.9627348780632019,0.999443467828678
2,in_the_wild,ours,3,10.73333333333333,0.9612298333333333,89.21666666666667,0.8158928571428571,3600,0.9758803903389136,0.32272619047619044,0.49316666666666664,0.08783333333333333,0.9651190638542175,0.9995637316736975
2,in_the_wild,ours,4,10.983333333333333,0.9604828333333333,88.96666666666667,0.8158928571428571,3601,0.9689981632352351,0.3298928571428571,0.486,0.0375,0.9615930318832397,0.999112130672438
2,in_the_wild,ours,5,10.566666666666668,0.9628799444444445,89.33333333333333,0.8158928571428571,3600,0.9632528798616706,0.32655952380952374,0.48933333333333334,0.0195,0.966336727142334,0.9995592192135518
2,in_the_wild,ours,6,10.666666666666668,0.9634835555555556,89.2,0.8158928571428571,3603,0.9573635722309832,0.3332261904761904,0.4826666666666667,0.014333333333333333,0.9608864188194275,0.998798904067371
2,in_the_wild,ours,7,10.783333333333331,0.9624805555555556,89.25,0.8158928571428571,3602,0.9566164426263627,0.3253928571428571,0.4905,0.0125,0.9690715074539185,0.9997874774453521
2,in_the_wild,ours,8,10.483333333333334,0.9652492222222222,89.5,0.8158928571428571,3607,0.9554718024754194,0.3118928571428571,0.504,0.022333333333333334,0.9697316288948059,0.9998837851991993
2,in_the_wild,ours,9,11.533333333333331,0.9587267777777778,88.23333333333333,0.8158928571428571,3601,0.9528516429077224,0.32422619047619045,0.49166666666666664,0.014833333333333334,0.9678215980529785,0.999744518755324
2,in_the_wild,ours,10,10.933333333333332,0.9621153333333332,89.1,0.8158928571428571,3601,0.9508959579977624,0.32522619047619045,0.49066666666666664,0.017,0.9690058827400208,0.9998131092943368
2,in_the_wild,ours,11,10.999999999999998,0.962935611111111,89.06666666666668,0.8158928571428571,3605,0.9482089442454253,0.31855952380952374,0.49733333333333335,0.014666666666666666,0.9687719941139221,0.9998493780381977
2,in_the_wild,ours,12,12.166666666666668,0.9551828333333332,87.75,0.8158928571428571,3603,0.9478638353872051,0.3267261904761904,0.4891666666666667,0.016833333333333332,0.9677901864051819,0.9996344413302722
2,in_the_wild,ours,13,11.783333333333333,0.9578238333333333,88.18333333333334,0.8158928571428571,3603,0.9530255206950264,0.3213928571428571,0.4945,0.0145,0.9726464152336121,0.9999296693185897
2,in_the_wild,ours,14,11.116666666666664,0.9625162777777778,88.76666666666667,0.8158928571428571,3603,0.9498530350461662,0.3038928571428571,0.512,0.024166666666666666,0.9735089540481567,0.9999211224494502
2,in_the_wild,ours,15,11.900000000000002,0.9584821666666666,88.05,0.8158928571428571,3603,0.9452014778010086,0.3347261904761904,0.4811666666666667,0.015666666666666666,0.9729593396186829,0.9998865928218947
2,in_the_wild,ours,16,10.916666666666664,0.9638658333333334,88.66666666666667,0.8158928571428571,3602,0.9493737473422214,0.29989285714285707,0.516,0.007666666666666666,0.9755389094352722,0.9999780848844239
2,in_the_wild,ours,17,11.333333333333332,0.9618634444444445,88.63333333333333,0.8158928571428571,3601,0.9463114103498245,0.3145595238095238,0.5013333333333333,0.0205,0.9768946766853333,0.9999830927727089
2,in_the_wild,ours,18,10.983333333333334,0.9637676666666668,88.73333333333333,0.8158928571428571,3603,0.9486221116976261,0.2942261904761905,0.5216666666666666,0.008333333333333333,0.9764249920845032,0.9999771882703499
2,in_the_wild,ours,19,12.116666666666667,0.9588398333333333,87.53333333333333,0.8158928571428571,3604,0.946996595558037,0.33555952380952375,0.48033333333333333,0.024,0.972700834274292,0.9998452998154335
2,in_the_wild,ours,20,12.1,0.9606707222222222,86.95,0.8158928571428571,3601,0.9340437100773833,0.3793928571428571,0.4365,0.08516666666666667,0.9683285355567932,0.9972889323414165
2,in_the_wild,ours,21,11.166666666666668,0.9644717777777777,88.63333333333333,0.8158928571428571,3601,0.9437007158067341,0.3058928571428571,0.51,0.030666666666666665,0.9796075820922852,0.9999915158359727
2,in_the_wild,ours,22,11.416666666666666,0.9639483333333333,88.63333333333333,0.8158928571428571,3610,0.9382689150512049,0.3392261904761904,0.4766666666666667,0.041166666666666664,0.9771051406860352,0.9999699349831644
2,in_the_wild,ours,23,10.999999999999998,0.965395,88.81666666666666,0.8158928571428571,3601,0.9387180766405657,0.34405952380952376,0.4718333333333333,0.03816666666666667,0.9795960187911987,0.9999822210925231
2,in_the_wild,ours,24,11.416666666666664,0.9635193888888889,88.68333333333334,0.8158928571428571,3605,0.9428964198465039,0.33105952380952375,0.48483333333333334,0.013166666666666667,0.979623556137085,0.9999881113653828
2,in_the_wild,ours,25,11.416666666666664,0.9632038888888889,88.41666666666667,0.8158928571428571,3603,0.9388305289248516,0.3467261904761904,0.4691666666666667,0.009333333333333334,0.9793139100074768,0.9999775999426674
2,in_the_wild,ours,26,10.866666666666667,0.9662506666666666,88.9,0.8158928571428571,3607,0.9365429456541962,0.3472261904761904,0.4686666666666667,0.0175,0.9783108830451965,0.9999776085173835
2,in_the_wild,ours,27,11.866666666666669,0.9610901111111111,87.88333333333334,0.8158928571428571,3600,0.9376475314997564,0.35305952380952377,0.4628333333333333,0.01,0.9793568253517151,0.9999490314774448
2,in_the_wild,ours,28,10.999999999999998,0.9665751666666667,88.8,0.8158928571428571,3603,0.9359179812085626,0.35355952380952377,0.4623333333333333,0.009,0.9796578884124756,0.9999823263219696
2,in_the_wild,ours,29,11.349999999999998,0.9645535555555556,88.58333333333334,0.8158928571428571,3606,0.9395198583837033,0.3447261904761904,0.4711666666666667,0.012666666666666666,0.9762575030326843,0.9999711583770476
2,in_the_wild,ours,30,9.6,0.9621107777777778,89.38333333333334,0.8158928571428571,3601,0.9395922930837595,0.2633928571428571,0.5525,0.09016666666666667,0.9845969080924988,0.999966785810102
2,in_the_wild,ours,31,10.466666666666669,0.9666906666666667,89.48333333333333,0.8158928571428571,4253,0.9415771513842981,0.31672619047619044,0.49916666666666665,0.028333333333333332,0.9805232882499695,0.9999858463367672
2,in_the_wild,ours,32,10.533333333333331,0.9677302222222223,89.28333333333333,0.8158928571428571,3719,0.9392014574222135,0.3387261904761904,0.4771666666666667,0.07533333333333334,0.9810632467269897,0.9999968860576246
2,in_the_wild,tent,0,12.466666666666667,0.9394881666666666,72.15,0.8158928571428571,0,1.0,0.04105952380952371,0.7748333333333334,,0.9662744402885437,0.05081381201744073
2,in_the_wild,tent,1,15.150000000000002,0.8578619444444444,80.36666666666666,0.8158928571428571,0,0.874751460384123,0.13455952380952374,0.6813333333333333,0.0935,0.9955118894577026,0.99723879925441
2,in_the_wild,tent,2,15.666666666666668,0.8520791666666667,81.78333333333333,0.8158928571428571,0,0.8677570755538526,0.1520595238095237,0.6638333333333334,0.111,0.9975817203521729,0.9999996969212731
2,in_the_wild,tent,3,15.483333333333333,0.8538182777777777,82.39999999999999,0.8158928571428571,0,0.8686934379421813,0.16089285714285706,0.655,0.026333333333333334,0.997981607913971,0.9999999998597368
2,in_the_wild,tent,4,25.983333333333334,0.7407872777777779,71.28333333333333,0.8158928571428571,0,0.7530076723892642,0.03039285714285711,0.7855,0.12166666666666667,0.9973251819610596,0.0
2,in_the_wild,tent,5,19.416666666666668,0.8088501666666665,78.35,0.8158928571428571,0,0.8261654568243652,0.10939285714285707,0.7065,0.0515,0.9983357787132263,0.018554478883743175
2,in_the_wild,tent,6,19.0,0.8137864444444445,79.41666666666667,0.8158928571428571,0,0.8311343810087287,0.12205952380952378,0.6938333333333333,0.09166666666666666,0.9982701539993286,0.9785703837871551
2,in_the_wild,tent,7,17.68333333333333,0.8283778888888889,81.23333333333333,0.8158928571428571,0,0.8443153357666408,0.14455952380952375,0.6713333333333333,0.035166666666666666,0.9983649849891663,0.999999999697629
2,in_the_wild,tent,8,23.066666666666666,0.7707022222222222,75.36666666666667,0.8158928571428571,0,0.7867808542465067,0.0748928571428571,0.741,0.04716666666666667,0.998764157295227,0.0
2,in_the_wild,tent,9,23.816666666666663,0.7631867777777779,74.83333333333333,0.8158928571428571,0,0.7792366556788243,0.06922619047619039,0.7466666666666667,0.07533333333333334,0.9987900257110596,0.0
2,in_the_wild,tent,10,16.566666666666663,0.8408330000000002,82.41666666666667,0.8158928571428571,0,0.8524489961469762,0.16239285714285712,0.6535,0.0875,0.9986835718154907,1.0
2,in_the_wild,tent,11,16.316666666666666,0.8427907222222222,82.73333333333333,0.8158928571428571,0,0.8517882013332976,0.16355952380952377,0.6523333333333333,0.09433333333333334,0.9989069700241089,1.0
2,in_the_wild,tent,12,14.233333333333334,0.8683764999999999,85.1,0.8158928571428571,0,0.8721871848634198,0.1975595238095238,0.6183333333333333,0.035166666666666666,0.9985550045967102,1.0
2,in_the_wild,tent,13,13.233333333333333,0.8810076666666666,85.91666666666666,0.8158928571428571,0,0.8802834548577514,0.21739285714285705,0.5985,0.05383333333333333,0.9988973140716553,1.0
2,in_the_wild,tent,14,12.633333333333333,0.8898638333333333,86.73333333333333,0.8158928571428571,0,0.8856843642523814,0.23489285714285713,0.581,0.037333333333333336,0.9986476302146912,1.0
2,in_the_wild,tent,15,12.483333333333333,0.8937061111111111,87.0,0.8158928571428571,0,0.887883802617506,0.24522619047619043,0.5706666666666667,0.027833333333333335,0.9989069104194641,1.0
2,in_the_wild,tent,16,14.316666666666666,0.8669497777777779,84.8,0.8158928571428571,0,0.8689529738767958,0.1995595238095238,0.6163333333333333,0.035333333333333335,0.9985390901565552,1.0
2,in_the_wild,tent,17,18.933333333333337,0.8137483333333333,80.10000000000001,0.8158928571428571,0,0.8267548912721996,0.13022619047619044,0.6856666666666666,0.115,0.9989527463912964,0.9999999833505255
2,in_the_wild,tent,18,18.233333333333334,0.8213978333333334,80.98333333333333,0.8158928571428571,0,0.8323634238441442,0.1410595238095238,0.6748333333333333,0.0585,0.999070942401886,0.9999999999999922
2,in_the_wild,tent,19,19.783333333333335,0.8045499444444444,79.05,0.8158928571428571,0,0.8176121858505062,0.11705952380952378,0.6988333333333333,0.013166666666666667,0.9988204836845398,0.770804746448993
2,in_the_wild,tent,20,16.33333333333333,0.8416469444444444,82.93333333333334,0.8158928571428571,0,0.846102494034127,0.16655952380952377,0.6493333333333333,0.0255,0.9991552829742432,1.0
2,in_the_wild,tent,21,19.616666666666667,0.8062997777777777,79.23333333333333,0.8158928571428571,0,0.8182392131090936,0.11955952380952373,0.6963333333333334,0.004833333333333334,0.9987892508506775,0.9933563051745294
2,in_the_wild,tent,22,21.516666666666666,0.7865898888888889,77.45,0.8158928571428571,0,0.7999290713833281,0.09939285714285706,0.7165,0.06716666666666667,0.9990634918212891,0.0
2,in_the_wild,tent,23,24.916666666666668,0.7517023888888887,74.21666666666667,0.8158928571428571,0,0.7638137634532657,0.06239285714285714,0.7535,0.057166666666666664,0.9987156391143799,0.0
2,in_the_wild,tent,24,21.666666666666664,0.7851018888888889,77.3,0.8158928571428571,0,0.7980374638332797,0.09722619047619041,0.7186666666666667,0.0055,0.9989231824874878,0.0
2,in_the_wild,tent,25,24.750000000000004,0.753203222222222,74.48333333333333,0.8158928571428571,0,0.7648205205928845,0.06539285714285714,0.7505,0.004333333333333333,0.9995219707489014,0.0
2,in_the_wild,tent,26,21.45,0.7872421111111111,77.83333333333333,0.8158928571428571,0,0.7998520995113211,0.10355952380952371,0.7123333333333334,0.007666666666666666,0.9991778135299683,0.0
2,in_the_wild,tent,27,21.2,0.7897724444444444,78.23333333333333,0.8158928571428571,0,0.8015861489738955,0.10755952380952372,0.7083333333333334,0.042166666666666665,0.999534010887146,0.0
2,in_the_wild,tent,28,21.3,0.7887300555555556,77.9,0.8158928571428571,0,0.8005609052576488,0.10489285714285712,0.711,0.004,0.999139666557312,0.0
2,in_the_wild,tent,29,15.300000000000002,0.8540303333333332,84.13333333333334,0.8158928571428571,0,0.8532425491954839,0.18722619047619038,0.6286666666666667,0.07966666666666666,0.9990224838256836,1.0
2,in_the_wild,tent,30,13.583333333333334,0.8750616666666666,85.88333333333334,0.8158928571428571,0,0.8676658158906388,0.22505952380952376,0.5908333333333333,0.12016666666666667,0.9989697337150574,1.0
2,in_the_wild,tent,31,13.333333333333336,0.8788921666666667,86.46666666666667,0.8158928571428571,0,0.8705874121975801,0.23755952380952372,0.5783333333333334,0.050333333333333334,0.9995057582855225,1.0
2,in_the_wild,tent,32,15.25,0.8559851111111112,84.2,0.8158928571428571,0,0.8550712815205957,0.1955595238095238,0.6203333333333333,0.0295,0.9993007779121399,1.0
2,arabic,ours,0,21.886640726329443,0.8649775616083009,67.16337522441653,0.9083496145316295,0,1.0,0.08411263068961883,0.8242369838420107,,0.9320247769355774,0.08295462727546687
2,arabic,ours,1,21.005836575875485,0.8758812581063553,78.8689407540395,0.9083496145316295,3342,0.9904578429132019,0.4051180166860281,0.5032315978456015,0.3210053859964093,0.9683400988578796,0.9995775358285754
2,arabic,ours,2,20.86134889753567,0.8793194552529182,79.2818671454219,0.9083496145316295,3343,0.9898486728373227,0.43150939909177316,0.4768402154398564,0.3473967684021544,0.9658955335617065,0.9992704895725183
2,arabic,ours,3,20.32230869001297,0.8823612840466927,79.87432675044883,0.9083496145316295,3343,0.9879914805543949,0.41301747808638717,0.4953321364452424,0.01867145421903052,0.9665279388427734,0.999606060442602
2,arabic,ours,4,20.213942931258106,0.8846378728923476,79.91023339317775,0.9083496145316295,3342,0.9860550592292636,0.43420239729644106,0.4741472172351885,0.011669658886894075,0.9702132940292358,0.9996846154554078
2,arabic,ours,5,20.01666666666667,0.8853278858625162,80.01795332136446,0.9083496145316295,3344,0.9852531362511113,0.42019880663216813,0.4881508078994614,0.010053859964093357,0.9710392355918884,0.999860249552512
2,arabic,ours,6,19.585992217898827,0.8876168612191957,80.44883303411132,0.9083496145316295,3342,0.9832844549180155,0.42271227162319147,0.4856373429084381,0.015439856373429085,0.969000518321991,0.9997239330557932
2,arabic,ours,7,19.766601815823602,0.8880416342412452,80.39497307001795,0.9083496145316295,3345,0.9827234548529759,0.42468713697328125,0.4836624775583483,0.009874326750448833,0.9717804789543152,0.9998394666146851
2,arabic,ours,8,19.819390402075225,0.8878009727626459,80.46678635547576,0.9083496145316295,3342,0.9813610154658461,0.4272006019643046,0.48114901256732495,0.010233393177737882,0.9704974889755249,0.9997733657804928
2,arabic,ours,9,19.497081712062254,0.8891631647211413,80.62836624775584,0.9083496145316295,3342,0.9782175830556855,0.41194027880452005,0.4964093357271095,0.016696588868940754,0.9710012078285217,0.9998450819934078
2,arabic,ours,10,19.19143968871595,0.8914714656290531,80.93357271095152,0.9083496145316295,3346,0.9772924885560009,0.4088882141725631,0.49946140035906644,0.01867145421903052,0.9711706042289734,0.9999000374758907
2,arabic,ours,11,19.372049286640724,0.8912852788586252,80.82585278276481,0.9083496145316295,3343,0.975855865659558,0.41571047629105506,0.4926391382405745,0.009156193895870737,0.9733611345291138,0.9999426470158141
2,arabic,ours,12,19.26368352788586,0.8929498702983139,80.80789946140035,0.9083496145316295,3344,0.9740338634344106,0.42271227162319147,0.4856373429084381,0.014183123877917415,0.9748073220252991,0.999934321006549
2,arabic,ours,13,19.26368352788586,0.8941308690012971,80.73608617594255,0.9083496145316295,3347,0.9744509940622448,0.4543101172246278,0.45403949730700177,0.03859964093357271,0.9756120443344116,0.9997974509165033
2,arabic,ours,14,19.299805447470813,0.8934337224383917,80.78994614003591,0.9083496145316295,3344,0.9727425421853212,0.4243280705459922,0.48402154398563735,0.00843806104129264,0.9769434928894043,0.9999750022011086
2,arabic,ours,15,18.81634241245136,0.8962269130998703,81.00538599640934,0.9083496145316295,3342,0.9704031001442592,0.43366379765550744,0.4746858168761221,0.021005385996409335,0.9738606214523315,0.9999029277107638
2,arabic,ours,16,18.994163424124512,0.8963505188067445,80.86175942549372,0.9083496145316295,3342,0.9694533314664814,0.437613528355687,0.47073608617594254,0.015798922800718134,0.9764822125434875,0.9999547394769707
2,arabic,ours,17,19.03028534370947,0.8971661478599223,80.78994614003591,0.9083496145316295,3342,0.9682862111222442,0.4541305840109832,0.4542190305206463,0.02082585278276481,0.9788822531700134,0.9999591141867228
2,arabic,ours,18,19.0136186770428,0.8972880674448769,80.78994614003591,0.9083496145316295,3342,0.9658828488484509,0.4501808533108037,0.45816876122082584,0.01400359066427289,0.9793471693992615,0.999976770631656
2,arabic,ours,19,18.885797665369648,0.8981747081712061,81.31059245960502,0.9083496145316295,3342,0.964040682607904,0.43743399514204245,0.4709156193895871,0.01741472172351885,0.9778702259063721,0.9999797855269662
2,arabic,ours,20,18.582944228274968,0.8999068093385213,80.21543985637342,0.9083496145316295,3343,0.9635331212213377,0.48177869891223996,0.4265709156193896,0.03159784560143627,0.9763692021369934,0.9996871367521862
2,arabic,ours,21,18.67185473411154,0.8999238651102466,80.82585278276481,0.9083496145316295,3346,0.9629798046055433,0.45484871686556133,0.4535008976660682,0.018491921005385995,0.978034257888794,0.99992863166608
2,arabic,ours,22,18.69130998702983,0.899114915693904,81.34649910233394,0.9083496145316295,3351,0.960356217397815,0.42091693948674624,0.4874326750448833,0.06086175942549372,0.9784616231918335,0.9999880559154917
2,arabic,ours,23,18.36621271076524,0.9012962386511025,81.23877917414721,0.9083496145316295,3342,0.9587975342613013,0.4442562572605344,0.46409335727109513,0.01274685816876122,0.9778357744216919,0.9999695446957049
2,arabic,ours,24,18.402334630350197,0.9011493514915695,81.65170556552962,0.9083496145316295,3345,0.9536141684162165,0.41786487485478935,0.4904847396768402,0.012387791741472172,0.9765858054161072,0.9999765351636597
2,arabic,ours,25,18.34675745784695,0.9021300907911803,81.31059245960502,0.9083496145316295,3343,0.9554250011893846,0.4446153236878234,0.46373429084380613,0.00718132854578097,0.9788748621940613,0.9999803307590355
2,arabic,ours,26,18.14948119325551,0.9007747081712062,81.45421903052065,0.9083496145316295,3343,0.9524956419101278,0.4212760059140353,0.48707360861759424,0.012387791741472172,0.9786041378974915,0.9999895472083153
2,arabic,ours,27,18.257846952010375,0.9022605058365758,81.02333931777379,0.9083496145316295,3347,0.952112116783058,0.46041424648854157,0.447935368043088,0.01687612208258528,0.980329692363739,0.9999774419835035
2,arabic,ours,28,18.11335927367056,0.9033937094682231,81.68761220825853,0.9083496145316295,3342,0.9533111504556474,0.4390497940648432,0.46929982046678637,0.01813285457809695,0.9800218343734741,0.9999937259267426
2,arabic,ours,29,18.257846952010375,0.9043833333333334,81.25673249551167,0.9083496145316295,3346,0.9535003433343661,0.45377151758369416,0.4545780969479354,0.015978456014362655,0.9812707901000977,0.9999866227380294
2,arabic,ours,30,18.24118028534371,0.9058993514915694,80.39497307001795,0.9083496145316295,3342,0.9536037683958691,0.48536936318513046,0.4229802513464991,0.04631956912028725,0.9814844727516174,0.9999493048020511
2,arabic,ours,31,18.14948119325551,0.904901037613489,81.32854578096948,0.9083496145316295,3346,0.9505352218441308,0.4659797761115218,0.44236983842010774,0.013644524236983842,0.9811773896217346,0.9999799053557297
2,arabic,ours,32,18.24118028534371,0.9043695849546045,81.75942549371634,0.9083496145316295,3346,0.946576050594188,0.44120419262857746,0.4671454219030521,0.04416517055655296,0.9816514849662781,0.9999950593288531
2,arabic,tent,0,21.886640726329443,0.8649775616083009,67.16337522441653,0.9083496145316295,0,1.0,0.08411263068961883,0.8242369838420107,,0.9320247769355774,0.08295462727546687
2,arabic,tent,1,42.592671854734114,0.574472438391699,55.60143626570916,0.9083496145316295,0,0.47408770708373027,0.07279939803569546,0.981149012567325,0.15691202872531418,0.9973634481430054,0.0
2,arabic,tent,2,49.427431906614785,0.505728793774319,53.895870736086174,0.9083496145316295,0,0.13612931284067245,0.09129131904108145,0.999640933572711,0.17540394973070017,0.999870240688324,0.0
2,arabic,tent,3,49.530285343709465,0.5046973411154345,53.895870736086174,0.9083496145316295,0,0.11772684740146366,0.09129131904108145,0.999640933572711,0.018491921005385995,0.9999765157699585,0.0
2,arabic,tent,4,49.471919584954605,0.5052817120622568,53.895870736086174,0.9083496145316295,0,0.12428919393944825,0.09129131904108145,0.999640933572711,0.0,0.9999980926513672,0.0
2,arabic,tent,5,49.54974059662776,0.5045035667963683,53.895870736086174,0.9083496145316295,0,0.11542882435957617,0.09129131904108145,0.999640933572711,0.0,0.9999992847442627,0.0
2,arabic,tent,6,49.58865110246433,0.5041146562905319,53.895870736086174,0.9083496145316295,0,0.11065940758961375,0.09129131904108145,0.999640933572711,0.0,0.9999982714653015,0.0
2,arabic,tent,7,49.51083009079118,0.5048928664072633,53.895870736086174,0.9083496145316295,0,0.11996723998682084,0.09129131904108145,0.999640933572711,0.0,0.9999990463256836,0.0
2,arabic,tent,8,49.530285343709465,0.5046983138780804,53.895870736086174,0.9083496145316295,0,0.11771210455919229,0.09129131904108145,0.999640933572711,0.0,0.9999996423721313,0.0
2,arabic,tent,9,49.58865110246433,0.5041142023346303,53.895870736086174,0.9083496145316295,0,0.1106592995657975,0.09129131904108145,0.999640933572711,0.0,0.9999998211860657,0.0
2,arabic,tent,10,49.58865110246433,0.5041142671854735,53.895870736086174,0.9083496145316295,0,0.11065935616202276,0.09129131904108145,0.999640933572711,0.0,0.9999999403953552,0.0
2,arabic,tent,11,49.62756160830091,0.5037253566796369,53.895870736086174,0.9083496145316295,0,0.10574576287302559,0.09129131904108145,0.999640933572711,0.0,1.0,0.0
2,arabic,tent,12,49.64701686121919,0.5035306095979248,53.895870736086174,0.9083496145316295,0,0.10319339668291877,0.09129131904108145,0.999640933572711,0.0,1.0,0.0
2,arabic,tent,13,49.70538261997406,0.5029469520103762,53.895870736086174,0.9083496145316295,0,0.09518872393129447,0.09129131904108145,0.999640933572711,0.0,1.0,0.0
2,arabic,tent,14,49.60810635538262,0.5039200389105059,53.895870736086174,0.9083496145316295,0,0.10821678238780258,0.09129131904108145,0.999640933572711,0.0,1.0,0.0
2,arabic,tent,15,49.60810635538262,0.5039199740596627,53.895870736086174,0.9083496145316295,0,0.10821681050853338,0.09129131904108145,0.999640933572711,0.0,1.0,0.0
2,arabic,tent,16,49.80544747081712,0.5019455252918288,53.895870736086174,0.9083496145316295,0,0.07323896642754818,0.09129131904108145,0.999640933572711,0.0,1.0,0.0
2,arabic,tent,17,49.708171206225686,0.5029182879377432,53.895870736086174,0.9083496145316295,0,0.08937721255789537,0.09129131904108145,0.999640933572711,0.0,1.0,0.0
2,arabic,tent,18,49.708171206225686,0.5029182879377432,53.895870736086174,0.9083496145316295,0,0.08937733345737127,0.09129131904108145,0.999640933572711,0.0,1.0,0.0
2,arabic,tent,19,49.72762645914397,0.5027237354085603,53.895870736086174,0.9083496145316295,0,0.08629561928846703,0.09129131904108145,0.999640933572711,0.0,1.0,0.0
2,arabic,tent,20,49.961089494163424,0.5003891050583658,53.895870736086174,0.9083496145316295,0,0.03279770085910509,0.09129131904108145,0.999640933572711,0.0,0.9999998211860657,0.0
2,arabic,tent,21,49.961089494163424,0.5003891050583658,53.895870736086174,0.9083496145316295,0,0.03279770085910509,0.09129131904108145,0.999640933572711,0.0,1.0,0.0
2,arabic,tent,22,49.961089494163424,0.5003891050583658,53.895870736086174,0.9083496145316295,0,0.03279770085910509,0.09129131904108145,0.999640933572711,0.0,1.0,0.0
2,arabic,tent,23,49.94163424124514,0.5005836575875486,53.895870736086174,0.9083496145316295,0,0.0401267113723222,0.09129131904108145,0.999640933572711,0.0,1.0,0.0
2,arabic,tent,24,49.961089494163424,0.5003891050583658,53.895870736086174,0.9083496145316295,0,0.03279770085910509,0.09129131904108145,0.999640933572711,0.0,1.0,0.0
2,arabic,tent,25,49.94163424124514,0.5005836575875486,53.895870736086174,0.9083496145316295,0,0.0401267113723222,0.09129131904108145,0.999640933572711,0.0,1.0,0.0
2,arabic,tent,26,49.94163424124514,0.5005836575875486,53.895870736086174,0.9083496145316295,0,0.0401267113723222,0.09129131904108145,0.999640933572711,0.0,1.0,0.0
2,arabic,tent,27,49.94163424124514,0.5005836575875486,53.895870736086174,0.9083496145316295,0,0.0401267113723222,0.09129131904108145,0.999640933572711,0.0,1.0,0.0
2,arabic,tent,28,49.94163424124514,0.5005836575875486,53.895870736086174,0.9083496145316295,0,0.0401267113723222,0.09129131904108145,0.999640933572711,0.0,1.0,0.0
2,arabic,tent,29,49.94163424124514,0.5005836575875486,53.895870736086174,0.9083496145316295,0,0.0401267113723222,0.09129131904108145,0.999640933572711,0.0,1.0,0.0
2,arabic,tent,30,49.94163424124514,0.5005836575875486,53.895870736086174,0.9083496145316295,0,0.0401267113723222,0.09129131904108145,0.999640933572711,0.0,1.0,0.0
2,arabic,tent,31,49.94163424124514,0.5005836575875486,53.895870736086174,0.9083496145316295,0,0.0401267113723222,0.09129131904108145,0.999640933572711,0.0,1.0,0.0
2,arabic,tent,32,49.94163424124514,0.5005836575875486,53.895870736086174,0.9083496145316295,0,0.0401267113723222,0.09129131904108145,0.999640933572711,0.0,1.0,0.0
